sample_id,bio01_temp,bio12_precip,bio15_precip_season,elevation,landforms,soil_clay,soil_oc,soil_ph,label
0_0,160.0,455.0,87.0,48,34,24,2,76,1
3_0,147.0,701.0,92.0,5,34,29,2,69,1
8_0,91.0,1010.0,75.0,1333,21,15,9,61,1
17_0,169.0,957.0,78.0,150,24,22,4,70,1
19_0,159.0,454.0,88.0,2,24,30,4,73,1
31_0,163.0,604.0,80.0,47,34,26,4,72,1
33_0,117.0,1545.0,82.0,887,32,22,6,58,1
46_0,58.0,809.0,66.0,2016,22,9,13,60,1
47_0,66.0,1210.0,72.0,1845,21,11,14,54,1
50_0,156.0,394.0,85.0,-1,34,29,3,75,1
63_0,164.0,1078.0,79.0,255,22,26,2,69,1
85_0,82.0,1310.0,77.0,1635,21,10,19,59,1
99_0,164.0,509.0,85.0,16,34,29,3,74,1
107_0,165.0,474.0,84.0,12,34,33,5,73,1
131_0,162.0,561.0,93.0,32,34,24,3,69,1
135_0,57.0,1153.0,72.0,2126,23,6,13,56,1
169_0,82.0,1073.0,74.0,1483,31,14,9,56,1
173_0,97.0,1083.0,78.0,1252,41,14,10,58,1
210_0,162.0,475.0,88.0,30,24,27,2,72,1
216_0,161.0,501.0,83.0,104,21,23,3,72,1
265_0,159.0,424.0,84.0,17,24,33,2,74,1
299_0,156.0,367.0,85.0,-8,24,31,5,79,1
303_0,144.0,660.0,87.0,224,12,30,3,71,1
304_0,134.0,1290.0,81.0,691,31,24,6,60,1
346_0,76.0,1463.0,77.0,1745,31,12,14,55,1
373_0,162.0,479.0,88.0,36,32,24,2,75,1
379_0,160.0,451.0,83.0,20,24,19,2,69,1
398_0,156.0,410.0,87.0,-1,24,21,5,70,1
408_0,164.0,468.0,83.0,5,34,44,3,78,1
434_0,65.0,705.0,62.0,1772,22,10,9,60,1
450_0,76.0,1233.0,76.0,1685,31,11,14,57,1
473_0,152.0,457.0,89.0,1,34,31,2,73,1
510_0,152.0,893.0,73.0,560,11,23,4,71,1
532_0,162.0,645.0,81.0,53,34,27,3,72,1
533_0,63.0,1277.0,73.0,2002,22,11,14,55,1
543_0,74.0,1122.0,73.0,1692,21,13,11,58,1
562_0,59.0,654.0,58.0,1910,21,13,8,62,1
582_0,160.0,459.0,83.0,21,34,37,4,74,1
590_0,160.0,501.0,89.0,87,31,23,3,74,1
613_0,155.0,395.0,89.0,31,22,23,4,74,1
624_0,91.0,1318.0,79.0,1465,41,15,15,58,1
683_0,160.0,609.0,93.0,61,22,25,3,70,1
704_0,163.0,639.0,86.0,55,21,21,2,72,1
708_0,159.0,448.0,86.0,15,34,22,2,73,1
710_0,147.0,729.0,91.0,67,21,28,2,73,1
733_0,163.0,584.0,83.0,88,21,24,2,74,1
736_0,93.0,1161.0,78.0,1361,33,17,12,51,1
749_0,164.0,474.0,84.0,7,34,45,5,76,1
756_0,76.0,1044.0,73.0,1559,32,12,12,59,1
764_0,160.0,440.0,81.0,62,32,25,3,65,1
765_0,80.0,908.0,75.0,1450,22,12,10,62,1
774_0,160.0,581.0,79.0,204,31,23,2,72,1
796_0,159.0,522.0,89.0,120,31,31,3,73,1
811_0,112.0,925.0,83.0,1056,22,20,13,52,1
819_0,166.0,538.0,85.0,20,24,23,2,70,1
839_0,82.0,1225.0,71.0,1412,21,17,9,57,1
900_0,42.0,744.0,56.0,2205,21,11,10,55,1
902_0,162.0,445.0,85.0,7,34,40,4,69,1
908_0,65.0,756.0,63.0,1774,22,10,11,57,1
927_0,66.0,1232.0,74.0,1844,41,15,15,61,1
930_0,161.0,808.0,74.0,290,41,23,5,69,1
960_0,158.0,438.0,86.0,29,24,31,3,73,1
971_0,84.0,1348.0,77.0,1640,22,12,13,55,1
1053_0,62.0,961.0,63.0,1816,32,10,11,60,1
1061_0,122.0,1358.0,78.0,1245,21,21,8,56,1
1068_0,160.0,445.0,85.0,34,24,26,2,78,1
1091_0,83.0,1637.0,78.0,1723,31,8,11,55,1
1121_0,161.0,737.0,80.0,101,31,22,2,71,1
1123_0,160.0,831.0,73.0,366,32,21,5,70,1
1139_0,110.0,1753.0,79.0,1395,22,20,14,53,1
1142_0,156.0,476.0,88.0,98,22,33,4,72,1
1145_0,162.0,545.0,79.0,164,32,25,2,70,1
1157_0,162.0,554.0,83.0,26,24,37,4,76,1
1166_0,161.0,464.0,88.0,5,41,29,2,77,1
1175_0,67.0,781.0,64.0,1685,34,9,8,56,1
1178_0,162.0,489.0,88.0,37,21,24,4,72,1
1194_0,127.0,1339.0,79.0,1098,32,20,7,58,1
1197_0,94.0,373.0,61.0,1246,34,18,2,77,1
1208_0,167.0,534.0,83.0,20,24,29,2,72,1
1210_0,128.0,1398.0,83.0,837,22,24,8,53,1
1219_0,163.0,599.0,84.0,28,34,40,4,72,1
1237_0,68.0,686.0,64.0,1692,41,8,9,57,1
1281_0,166.0,537.0,80.0,93,34,22,4,67,1
1282_0,103.0,1377.0,83.0,1246,21,19,10,53,1
1285_0,75.0,1171.0,71.0,1493,41,14,12,55,1
1345_0,63.0,526.0,57.0,1803,23,6,9,61,1
1347_0,164.0,609.0,84.0,28,34,23,2,72,1
1368_0,160.0,498.0,88.0,76,21,24,3,73,1
1383_0,137.0,1197.0,79.0,1044,23,22,9,55,1
1393_0,96.0,1512.0,77.0,1402,22,16,17,56,1
1399_0,159.0,446.0,85.0,38,24,28,2,74,1
1408_0,92.0,1510.0,78.0,1486,22,14,12,56,1
1414_0,161.0,571.0,84.0,172,21,26,3,70,1
1418_0,162.0,557.0,83.0,22,24,42,3,71,1
1421_0,159.0,515.0,93.0,25,24,23,3,72,1
1427_0,168.0,551.0,79.0,83,24,20,2,72,1
1433_0,160.0,831.0,73.0,371,22,23,4,69,1
1457_0,164.0,1071.0,79.0,246,32,23,4,70,1
1470_0,71.0,471.0,55.0,1627,31,22,4,63,1
1483_0,167.0,553.0,77.0,117,34,19,2,68,1
1491_0,156.0,441.0,83.0,17,41,25,4,73,1
1512_0,133.0,1308.0,78.0,1012,22,22,7,58,1
1523_0,141.0,789.0,89.0,615,22,21,4,69,1
1530_0,170.0,844.0,75.0,143,22,22,2,69,1
1562_0,158.0,919.0,72.0,406,32,22,3,70,1
1579_0,159.0,444.0,86.0,12,24,29,2,74,1
1595_0,143.0,938.0,71.0,670,21,20,4,68,1
1608_0,163.0,478.0,87.0,4,34,37,5,75,1
1626_0,158.0,461.0,90.0,7,24,26,2,72,1
1642_0,166.0,609.0,85.0,23,34,33,5,67,1
1665_0,77.0,558.0,64.0,1541,32,22,7,67,1
1670_0,163.0,495.0,88.0,26,24,30,2,72,1
1683_0,63.0,1101.0,72.0,1883,32,12,13,56,1
1701_0,43.0,1013.0,60.0,2183,22,9,10,54,1
1718_0,144.0,1119.0,81.0,707,21,20,5,58,1
1722_0,124.0,1454.0,79.0,1097,22,22,9,59,1
1730_0,166.0,524.0,84.0,17,24,26,2,72,1
1740_0,163.0,555.0,78.0,158,32,23,3,72,1
1786_0,157.0,428.0,88.0,2,34,26,2,76,1
1791_0,164.0,472.0,84.0,4,24,45,4,75,1
1803_0,70.0,1089.0,68.0,1688,21,11,10,57,1
1805_0,160.0,418.0,82.0,40,34,22,3,74,1
1825_0,164.0,465.0,85.0,7,34,32,2,75,1
1844_0,100.0,1040.0,78.0,1072,41,20,8,63,1
1864_0,155.0,1027.0,83.0,185,42,21,6,64,1
1904_0,147.0,915.0,71.0,650,21,18,3,67,1
1935_0,161.0,571.0,84.0,124,21,22,3,69,1
1964_0,115.0,1597.0,82.0,1017,22,24,8,55,1
1971_0,80.0,1100.0,76.0,1548,33,14,21,55,1
1983_0,87.0,1141.0,76.0,1352,33,15,15,56,1
1984_0,155.0,575.0,82.0,273,22,32,3,74,1
2009_0,123.0,1417.0,82.0,648,42,21,7,62,1
2012_0,67.0,1110.0,72.0,1898,22,12,13,57,1
2019_0,131.0,1374.0,79.0,1091,21,20,8,56,1
2020_0,81.0,1361.0,77.0,1676,21,13,14,56,1
2039_0,164.0,804.0,82.0,75,42,21,4,73,1
2046_0,160.0,453.0,88.0,11,41,29,4,71,1
2054_0,78.0,1311.0,76.0,1752,22,10,16,55,1
2085_0,141.0,1189.0,82.0,654,32,20,5,57,1
2088_0,118.0,1459.0,84.0,902,32,24,9,56,1
2127_0,153.0,928.0,83.0,429,21,24,4,74,1
2150_0,159.0,443.0,82.0,41,24,18,2,68,1
2157_0,155.0,411.0,84.0,3,34,16,2,78,1
2168_0,160.0,482.0,82.0,91,21,27,2,70,1
2189_0,104.0,1042.0,78.0,1042,32,19,7,64,1
2210_0,70.0,942.0,67.0,1637,31,11,9,55,1
2214_0,80.0,1394.0,76.0,1689,22,15,13,53,1
2216_0,164.0,530.0,80.0,98,24,19,2,72,1
2218_0,161.0,627.0,81.0,47,24,21,2,71,1
2227_0,119.0,1513.0,78.0,1258,22,20,10,58,1
2231_0,161.0,485.0,83.0,24,34,40,5,72,1
2232_0,161.0,493.0,87.0,25,24,28,2,76,1
2238_0,127.0,1333.0,78.0,1097,21,20,7,56,1
2245_0,151.0,757.0,91.0,48,34,26,3,72,1
2250_0,60.0,1180.0,71.0,1989,22,6,20,52,1
2252_0,149.0,742.0,82.0,462,21,20,3,71,1
2271_0,148.0,585.0,90.0,23,32,21,3,70,1
2288_0,78.0,1550.0,77.0,1787,31,6,14,54,1
2316_0,104.0,1475.0,79.0,1522,11,20,9,59,1
2319_0,159.0,455.0,88.0,28,24,29,2,74,1
2325_0,153.0,628.0,81.0,344,34,27,3,71,1
2340_0,77.0,1181.0,76.0,1610,32,13,18,55,1
2344_0,164.0,558.0,84.0,51,21,22,2,74,1
2351_0,157.0,930.0,84.0,239,31,24,5,70,1
2377_0,164.0,581.0,84.0,66,21,24,2,76,1
2380_0,147.0,622.0,91.0,18,31,21,4,71,1
2388_0,146.0,778.0,91.0,339,41,24,3,69,1
2389_0,166.0,524.0,85.0,18,34,23,2,73,1
2406_0,138.0,1031.0,91.0,508,31,23,3,67,1
2412_0,166.0,748.0,76.0,206,21,26,2,72,1
2417_0,164.0,603.0,86.0,36,34,20,2,73,1
2422_0,138.0,1028.0,91.0,548,32,22,7,59,1
2442_0,91.0,1448.0,78.0,1459,33,15,12,56,1
2453_0,154.0,523.0,92.0,11,34,32,2,74,1
2459_0,92.0,1008.0,77.0,1337,22,18,8,57,1
2474_0,155.0,402.0,85.0,2,24,15,2,74,1
2483_0,113.0,1463.0,85.0,1028,21,19,9,54,1
2495_0,168.0,618.0,77.0,104,24,25,2,73,1
2534_0,70.0,728.0,66.0,1617,41,8,8,56,1
2540_0,162.0,747.0,84.0,90,41,24,3,72,1
2564_0,158.0,430.0,88.0,1,24,30,3,75,1
2585_0,46.0,817.0,59.0,2246,12,10,16,58,1
2611_0,150.0,743.0,83.0,382,31,21,4,63,1
2614_0,166.0,593.0,84.0,24,24,22,2,71,1
2615_0,93.0,901.0,75.0,1234,31,17,8,60,1
2616_0,161.0,517.0,82.0,45,24,21,3,72,1
2628_0,163.0,554.0,92.0,38,24,25,3,68,1
2629_0,163.0,502.0,88.0,20,41,21,3,74,1
2673_0,142.0,800.0,90.0,470,22,24,4,65,1
2676_0,120.0,1564.0,79.0,1075,42,20,8,57,1
2678_0,160.0,470.0,83.0,26,24,30,2,72,1
2685_0,155.0,581.0,80.0,311,31,25,4,71,1
2701_0,163.0,452.0,86.0,1,24,38,4,73,1
2709_0,57.0,1334.0,75.0,2051,21,6,10,55,1
2714_0,112.0,1749.0,80.0,1371,33,21,14,55,1
2759_0,147.0,697.0,89.0,107,32,27,3,71,1
2769_0,149.0,820.0,92.0,69,31,23,5,65,1
2771_0,164.0,565.0,83.0,23,34,35,5,71,1
2791_0,75.0,1017.0,72.0,1526,22,8,12,58,1
2807_0,118.0,1593.0,81.0,1159,21,22,9,54,1
2813_0,80.0,368.0,53.0,1475,32,18,2,74,1
2818_0,44.0,1164.0,65.0,2235,22,10,21,55,1
2859_0,82.0,1599.0,77.0,1622,41,9,8,60,1
2864_0,116.0,1566.0,82.0,822,33,23,8,57,1
2876_0,114.0,1605.0,81.0,1090,22,24,8,55,1
2879_0,160.0,458.0,83.0,29,24,30,3,68,1
2882_0,103.0,1061.0,77.0,1064,34,20,3,73,1
2894_0,162.0,498.0,88.0,33,24,26,2,75,1
2910_0,82.0,1168.0,77.0,1474,41,16,16,53,1
2919_0,161.0,641.0,82.0,48,34,22,2,71,1
2932_0,147.0,903.0,70.0,643,22,20,4,68,1
2935_0,160.0,650.0,82.0,50,24,21,4,71,1
2957_0,170.0,611.0,76.0,105,34,24,2,71,1
2973_0,138.0,1243.0,80.0,709,33,25,11,58,1
2980_0,165.0,718.0,75.0,283,32,24,4,71,1
2982_0,165.0,583.0,86.0,30,34,21,4,73,1
2986_0,162.0,578.0,92.0,51,34,25,4,74,1
2992_0,162.0,674.0,82.0,45,34,32,4,72,1
2995_0,142.0,947.0,73.0,710,21,19,4,69,1
3003_0,157.0,472.0,87.0,58,32,30,3,73,1
3017_0,163.0,549.0,84.0,22,34,41,4,75,1
3034_0,154.0,551.0,83.0,268,32,27,3,71,1
3048_0,161.0,513.0,82.0,136,34,29,5,70,1
3065_0,167.0,554.0,78.0,71,41,23,2,72,1
3082_0,155.0,785.0,83.0,318,22,21,5,69,1
3094_0,120.0,1516.0,82.0,1012,21,24,9,56,1
3100_0,162.0,479.0,81.0,112,22,23,2,72,1
3105_0,147.0,645.0,92.0,2,34,29,4,71,1
3131_0,164.0,697.0,77.0,213,21,22,3,71,1
3132_0,163.0,641.0,84.0,82,31,16,2,66,1
3148_0,62.0,1150.0,68.0,1766,32,11,13,57,1
3154_0,168.0,924.0,74.0,174,21,20,2,71,1
3206_0,69.0,1440.0,77.0,1970,21,12,12,56,1
3231_0,90.0,1723.0,78.0,1569,32,10,10,54,1
3233_0,164.0,539.0,79.0,150,31,20,2,69,1
3264_0,160.0,520.0,83.0,72,24,22,2,68,1
3265_0,159.0,559.0,80.0,219,22,25,2,74,1
3282_0,163.0,535.0,84.0,73,32,22,2,72,1
3290_0,76.0,1181.0,71.0,1495,31,12,11,58,1
3307_0,64.0,726.0,62.0,1769,22,11,12,57,1
3312_0,161.0,507.0,83.0,95,31,27,3,74,1
3314_0,157.0,528.0,81.0,234,21,27,2,70,1
3352_0,160.0,640.0,82.0,52,24,21,2,72,1
3369_0,146.0,875.0,84.0,373,42,19,5,65,1
3378_0,86.0,1633.0,78.0,1608,32,9,8,57,1
3403_0,166.0,668.0,84.0,32,34,23,2,73,1
3418_0,164.0,618.0,86.0,41,24,19,2,73,1
3424_0,97.0,1060.0,79.0,1181,32,15,9,56,1
3445_0,150.0,475.0,88.0,19,22,28,4,72,1
3447_0,90.0,1082.0,78.0,1385,21,15,11,62,1
3448_0,93.0,418.0,66.0,1266,32,14,2,73,1
3449_0,138.0,1317.0,81.0,937,32,21,7,57,1
3464_0,164.0,824.0,79.0,189,32,24,2,72,1
3468_0,80.0,1143.0,75.0,1496,33,14,18,56,1
3473_0,156.0,417.0,88.0,3,34,25,3,72,1
3482_0,142.0,1379.0,83.0,542,31,17,7,56,1
3488_0,115.0,1615.0,81.0,994,41,24,8,57,1
3523_0,107.0,731.0,78.0,1073,22,21,8,55,1
3529_0,157.0,469.0,91.0,8,34,24,4,70,1
3532_0,160.0,462.0,87.0,4,34,35,4,74,1
3576_0,169.0,722.0,72.0,163,32,21,2,72,1
3578_0,162.0,481.0,86.0,18,24,26,2,76,1
3595_0,155.0,514.0,83.0,216,41,37,2,70,1
3613_0,160.0,466.0,87.0,25,34,17,2,68,1
3617_0,78.0,1200.0,76.0,1729,21,6,12,55,1
3620_0,169.0,965.0,78.0,139,34,23,2,73,1
3647_0,158.0,628.0,92.0,114,31,29,3,74,1
3652_0,158.0,437.0,86.0,16,24,26,2,76,1
3660_0,96.0,893.0,75.0,1324,22,16,9,57,1
3679_0,72.0,1152.0,73.0,1775,22,10,16,52,1
3680_0,162.0,628.0,83.0,157,11,16,2,71,1
3685_0,158.0,471.0,88.0,14,24,29,2,76,1
3688_0,163.0,579.0,83.0,26,34,38,5,70,1
3689_0,164.0,569.0,83.0,24,24,21,3,66,1
3693_0,159.0,436.0,86.0,24,34,31,2,76,1
3704_0,163.0,455.0,86.0,15,34,24,2,72,1
3706_0,168.0,600.0,77.0,90,24,24,2,73,1
3710_0,87.0,995.0,77.0,1355,21,17,10,58,1
3721_0,158.0,448.0,88.0,5,24,23,2,77,1
3724_0,109.0,1472.0,79.0,1381,32,22,8,62,1
3745_0,141.0,993.0,91.0,502,11,24,5,53,1
3746_0,155.0,568.0,88.0,219,32,27,2,74,1
3752_0,74.0,1102.0,72.0,1545,21,15,12,58,1
3755_0,162.0,794.0,74.0,292,41,22,3,71,1
3773_0,162.0,419.0,81.0,74,22,18,2,66,1
3781_0,157.0,540.0,88.0,118,34,24,3,71,1
3785_0,68.0,1316.0,75.0,1872,31,12,15,53,1
3833_0,166.0,859.0,79.0,182,34,21,2,70,1
3834_0,161.0,505.0,87.0,72,21,25,2,71,1
3838_0,93.0,814.0,75.0,1220,41,16,7,64,1
3853_0,63.0,1047.0,63.0,1768,31,11,11,58,1
3883_0,53.0,847.0,59.0,1956,22,9,10,59,1
3887_0,158.0,457.0,87.0,5,34,35,3,77,1
3898_0,160.0,598.0,85.0,139,34,20,2,71,1
3909_0,157.0,659.0,85.0,275,11,24,2,61,1
3910_0,156.0,409.0,82.0,11,34,24,2,72,1
3914_0,138.0,1296.0,80.0,927,41,24,8,55,1
3938_0,163.0,485.0,88.0,22,41,25,3,74,1
3946_0,60.0,952.0,69.0,1961,21,12,10,57,1
3954_0,154.0,392.0,88.0,56,22,29,3,68,1
3958_0,141.0,1475.0,83.0,784,12,24,7,52,1
3994_0,162.0,464.0,88.0,19,24,27,2,72,1
3995_0,63.0,746.0,60.0,1778,34,11,8,58,1
3997_0,76.0,424.0,56.0,1539,31,12,2,73,1
4003_0,104.0,1427.0,82.0,1278,21,20,9,52,1
4007_0,146.0,608.0,89.0,377,41,27,4,70,1
4010_0,63.0,846.0,64.0,1772,21,11,11,58,1
4024_0,160.0,502.0,84.0,74,22,19,2,66,1
4029_0,158.0,441.0,88.0,3,34,32,2,74,1
4031_0,87.0,1162.0,71.0,1275,32,22,8,60,1
4040_0,167.0,570.0,79.0,56,34,31,4,71,1
4043_0,161.0,517.0,83.0,68,22,20,2,65,1
4047_0,156.0,785.0,83.0,250,31,21,4,70,1
4055_0,144.0,995.0,80.0,665,31,14,4,62,1
4064_0,158.0,582.0,90.0,155,22,26,2,73,1
4077_0,157.0,435.0,82.0,24,24,16,2,76,1
4097_0,155.0,964.0,78.0,430,41,21,4,67,1
4098_0,165.0,483.0,84.0,11,24,42,20,76,1
4100_0,134.0,1444.0,82.0,776,32,23,7,57,1
4115_0,147.0,616.0,90.0,3,34,23,4,69,1
4122_0,163.0,496.0,87.0,16,41,21,2,67,1
4129_0,69.0,1176.0,68.0,1657,22,11,10,57,1
4156_0,112.0,1533.0,83.0,993,33,20,9,54,1
4184_0,118.0,1569.0,81.0,877,33,21,8,57,1
4191_0,163.0,465.0,85.0,13,24,29,2,75,1
4193_0,63.0,813.0,64.0,1770,31,11,12,56,1
4194_0,150.0,788.0,92.0,52,31,26,3,70,1
4209_0,34.0,1151.0,62.0,2332,21,9,13,54,1
4219_0,160.0,796.0,75.0,342,32,23,4,70,1
4220_0,160.0,467.0,85.0,28,24,36,5,79,1
4226_0,161.0,481.0,83.0,22,34,29,3,74,1
4233_0,94.0,1495.0,78.0,1461,23,15,11,66,1
4253_0,147.0,880.0,92.0,86,31,22,4,67,1
4335_0,163.0,635.0,81.0,54,34,24,4,71,1
4367_0,134.0,1305.0,78.0,959,42,21,7,60,1
4395_0,93.0,1437.0,79.0,1548,21,17,7,60,1
4398_0,91.0,920.0,75.0,1316,41,13,9,57,1
4410_0,147.0,629.0,91.0,3,34,21,4,74,1
4411_0,57.0,860.0,66.0,1973,32,9,12,58,1
4412_0,117.0,1087.0,69.0,853,31,22,8,58,1
4418_0,164.0,656.0,80.0,73,34,25,3,72,1
4420_0,164.0,740.0,85.0,79,31,22,2,73,1
4442_0,163.0,603.0,83.0,112,34,16,2,66,1
4447_0,123.0,996.0,72.0,893,42,22,8,60,1
4454_0,63.0,850.0,67.0,1909,22,7,18,60,1
4463_0,160.0,638.0,79.0,247,32,28,2,71,1
4504_0,162.0,785.0,78.0,245,32,24,3,72,1
4536_0,68.0,1122.0,69.0,1700,32,9,15,55,1
4601_0,160.0,482.0,83.0,25,24,35,4,75,1
4610_0,154.0,483.0,86.0,266,21,27,3,71,1
4614_0,163.0,546.0,83.0,18,24,39,5,74,1
4649_0,73.0,976.0,69.0,1527,41,9,12,61,1
4672_0,165.0,536.0,80.0,82,31,17,2,73,1
4680_0,164.0,614.0,85.0,46,34,21,2,73,1
4688_0,148.0,1071.0,84.0,414,32,14,3,60,1
4691_0,154.0,880.0,74.0,525,12,22,4,70,1
4693_0,165.0,592.0,83.0,31,24,29,2,74,1
4707_0,158.0,474.0,89.0,11,34,28,2,72,1
4722_0,60.0,911.0,66.0,2000,22,13,14,58,1
4782_0,167.0,560.0,79.0,69,31,20,2,73,1
4785_0,164.0,530.0,85.0,36,34,21,2,74,1
4807_0,160.0,431.0,85.0,16,24,26,2,75,1
4808_0,158.0,898.0,78.0,357,32,23,3,71,1
4838_0,161.0,523.0,83.0,67,34,18,3,68,1
4847_0,154.0,511.0,93.0,17,34,28,2,71,1
4860_0,164.0,470.0,84.0,4,34,44,4,75,1
4862_0,150.0,1313.0,82.0,637,22,27,7,59,1
4880_0,146.0,636.0,89.0,98,21,18,3,69,1
4889_0,162.0,513.0,83.0,65,24,20,2,76,1
4974_0,86.0,1402.0,77.0,1597,22,13,14,54,1
4983_0,156.0,504.0,82.0,195,31,30,2,71,1
4993_0,156.0,476.0,85.0,148,31,39,2,70,1
4999_0,169.0,560.0,78.0,114,34,18,2,72,1
5006_0,165.0,505.0,83.0,13,24,24,2,73,1
5019_0,154.0,432.0,83.0,8,24,18,2,78,1
5020_0,74.0,1261.0,70.0,1479,32,15,11,57,1
5024_0,162.0,682.0,85.0,108,41,25,3,71,1
5034_0,161.0,625.0,82.0,147,21,14,5,64,1
5035_0,164.0,703.0,78.0,172,31,23,2,71,1
5046_0,164.0,607.0,85.0,55,24,21,2,72,1
5058_0,165.0,636.0,83.0,32,34,23,3,67,1
5070_0,159.0,440.0,87.0,7,34,31,2,74,1
5199_0,162.0,689.0,80.0,63,34,30,2,72,1
5210_0,162.0,487.0,88.0,35,34,26,2,76,1
5224_0,135.0,1295.0,84.0,593,32,20,7,53,1
5227_0,167.0,588.0,76.0,161,22,23,2,71,1
5234_0,164.0,707.0,84.0,58,22,22,2,69,1
5253_0,62.0,848.0,63.0,1813,21,11,11,59,1
5261_0,162.0,524.0,91.0,32,34,28,2,74,1
5262_0,164.0,591.0,83.0,27,34,36,4,69,1
5265_0,165.0,575.0,86.0,28,34,21,3,71,1
5272_0,158.0,473.0,84.0,87,41,24,3,70,1
5277_0,159.0,478.0,88.0,79,34,26,3,73,1
5281_0,165.0,611.0,80.0,56,34,24,2,72,1
5328_0,161.0,535.0,81.0,181,41,23,2,73,1
5333_0,163.0,559.0,83.0,23,34,35,8,71,1
5335_0,158.0,540.0,80.0,189,41,31,2,74,1
5344_0,154.0,609.0,81.0,338,34,25,3,69,1
5364_0,159.0,496.0,91.0,21,34,30,2,75,1
5377_0,163.0,471.0,86.0,10,34,26,2,74,1
5382_0,154.0,509.0,88.0,130,32,31,3,74,1
5391_0,59.0,597.0,58.0,1882,31,6,8,61,1
5399_0,167.0,659.0,76.0,190,22,22,3,71,1
5403_0,162.0,460.0,86.0,11,34,23,2,73,1
5425_0,129.0,1441.0,83.0,751,32,19,8,53,1
5465_0,96.0,1783.0,80.0,1520,41,15,11,58,1
5508_0,160.0,438.0,86.0,24,34,27,2,76,1
5513_0,157.0,414.0,87.0,-1,24,33,3,70,1
5517_0,73.0,1270.0,75.0,1821,12,11,14,54,1
5523_0,160.0,698.0,81.0,70,34,25,2,73,1
5566_0,153.0,412.0,87.0,-2,24,24,7,68,1
5577_0,166.0,661.0,77.0,184,22,19,2,67,1
5579_0,162.0,489.0,84.0,18,24,33,5,74,1
5643_0,138.0,1021.0,74.0,721,11,21,3,71,1
5664_0,156.0,421.0,85.0,3,24,22,5,67,1
5692_0,164.0,762.0,83.0,73,34,24,2,74,1
5711_0,160.0,483.0,83.0,22,34,32,5,70,1
5714_0,152.0,933.0,76.0,533,21,21,4,69,1
5719_0,164.0,530.0,79.0,96,32,18,2,71,1
5721_0,100.0,757.0,79.0,1217,32,17,8,52,1
5727_0,159.0,454.0,88.0,6,24,30,2,75,1
5733_0,164.0,675.0,78.0,107,24,26,2,69,1
5743_0,62.0,756.0,65.0,1823,32,9,12,57,1
5790_0,170.0,568.0,76.0,89,34,19,3,69,1
5800_0,165.0,532.0,85.0,18,34,22,4,69,1
5833_0,158.0,467.0,89.0,12,24,29,2,74,1
5836_0,161.0,768.0,79.0,164,21,23,2,68,1
5847_0,162.0,519.0,83.0,22,24,40,4,76,1
5853_0,169.0,558.0,78.0,78,24,21,2,73,1
5885_0,48.0,956.0,59.0,2119,31,6,10,54,1
5886_0,78.0,862.0,73.0,1607,32,9,16,59,1
5900_0,157.0,583.0,94.0,30,34,31,2,72,1
5903_0,132.0,1289.0,78.0,929,31,20,7,56,1
6005_0,71.0,1199.0,70.0,1711,22,12,12,56,1
6018_0,62.0,575.0,59.0,1871,22,10,6,61,1
6045_0,88.0,1256.0,79.0,1477,21,12,17,52,1
6062_0,145.0,1219.0,81.0,725,21,23,6,62,1
6067_0,166.0,561.0,80.0,62,34,24,2,72,1
6072_0,59.0,1355.0,75.0,2031,21,5,14,53,1
6081_0,159.0,443.0,88.0,10,41,30,2,76,1
6086_0,147.0,880.0,83.0,469,21,20,5,62,1
6096_0,80.0,1020.0,76.0,1518,12,16,10,61,1
6101_0,166.0,544.0,79.0,67,34,21,3,73,1
6105_0,100.0,1367.0,82.0,1308,22,16,9,53,1
6118_0,164.0,470.0,84.0,6,34,44,6,74,1
6143_0,152.0,460.0,89.0,0,34,25,4,73,1
6145_0,144.0,890.0,90.0,437,34,28,3,70,1
6159_0,161.0,464.0,88.0,9,34,28,2,74,1
6162_0,166.0,548.0,86.0,18,41,24,2,71,1
6244_0,115.0,817.0,80.0,1021,31,24,8,54,1
6333_0,158.0,454.0,87.0,39,34,29,4,68,1
6341_0,164.0,491.0,86.0,11,24,29,3,73,1
6346_0,144.0,1105.0,81.0,529,41,22,7,59,1
6347_0,164.0,697.0,82.0,51,34,23,2,74,1
6355_0,161.0,697.0,81.0,67,34,25,2,73,1
6375_0,75.0,1031.0,72.0,1506,34,11,8,56,1
6377_0,161.0,679.0,83.0,175,34,15,4,66,1
6391_0,150.0,929.0,83.0,449,22,22,5,64,1
6462_0,159.0,455.0,86.0,34,24,35,5,74,1
6463_0,164.0,554.0,84.0,40,34,23,2,75,1
6464_0,159.0,488.0,83.0,54,31,20,3,69,1
6472_0,156.0,416.0,87.0,0,24,28,2,73,1
6496_0,163.0,756.0,82.0,73,24,23,2,74,1
6507_0,69.0,1468.0,77.0,1886,22,11,15,56,1
6521_0,162.0,758.0,82.0,82,22,25,2,70,1
6532_0,157.0,456.0,85.0,125,22,38,3,70,1
6536_0,154.0,508.0,91.0,4,34,22,2,73,1
6569_0,54.0,564.0,51.0,1955,22,15,8,61,1
6575_0,164.0,502.0,87.0,16,24,30,3,73,1
6584_0,49.0,1131.0,62.0,2102,21,9,13,56,1
6586_0,158.0,447.0,86.0,34,34,26,4,71,1
6592_0,164.0,478.0,85.0,10,24,40,5,75,1
6596_0,158.0,480.0,90.0,14,34,24,2,74,1
6605_0,160.0,464.0,86.0,20,34,22,2,73,1
6676_0,66.0,1198.0,67.0,1800,22,12,13,58,1
6705_0,63.0,1120.0,69.0,1874,11,11,13,59,1
6734_0,157.0,462.0,87.0,46,34,30,4,72,1
6739_0,53.0,865.0,65.0,2119,22,9,13,55,1
6757_0,86.0,1459.0,77.0,1668,21,13,12,55,1
6800_0,161.0,557.0,91.0,92,21,33,3,70,1
6805_0,163.0,539.0,85.0,76,21,23,2,73,1
6817_0,158.0,476.0,84.0,38,21,18,2,67,1
6830_0,163.0,577.0,78.0,182,32,24,2,71,1
6836_0,158.0,438.0,87.0,11,24,25,2,75,1
6854_0,80.0,967.0,75.0,1430,24,12,7,59,1
6872_0,113.0,1716.0,80.0,1138,32,23,10,57,1
6874_0,158.0,499.0,83.0,171,22,38,3,72,1
6877_0,163.0,449.0,85.0,6,34,34,2,78,1
6883_0,145.0,910.0,82.0,532,22,14,5,57,1
6906_0,165.0,483.0,83.0,11,34,26,2,72,1
6911_0,161.0,577.0,81.0,36,24,20,2,71,1
6956_0,162.0,389.0,80.0,59,34,21,2,69,1
6973_0,155.0,402.0,84.0,3,34,17,2,78,1
7019_0,75.0,859.0,71.0,1523,34,14,7,60,1
7023_0,49.0,689.0,57.0,2036,31,6,10,55,1
7063_0,143.0,939.0,82.0,558,21,21,5,59,1
7068_0,162.0,588.0,82.0,94,24,11,3,67,1
7075_0,167.0,564.0,77.0,135,32,19,2,71,1
7087_0,162.0,500.0,84.0,17,34,35,6,71,1
7091_0,159.0,474.0,84.0,32,24,20,2,70,1
7116_0,156.0,468.0,86.0,96,32,32,4,72,1
7127_0,148.0,816.0,82.0,459,21,20,4,67,1
7188_0,86.0,999.0,73.0,1233,41,16,10,56,1
7203_0,70.0,856.0,68.0,1618,21,8,10,57,1
7211_0,162.0,529.0,81.0,57,24,19,2,74,1
7217_0,165.0,565.0,85.0,23,34,23,2,75,1
7222_0,159.0,438.0,86.0,32,24,28,3,76,1
7238_0,60.0,601.0,58.0,1856,22,8,9,59,1
7246_0,161.0,491.0,84.0,28,34,33,4,75,1
7247_0,155.0,422.0,90.0,27,24,24,2,68,1
7249_0,164.0,784.0,78.0,227,21,25,2,71,1
7261_0,63.0,943.0,69.0,1949,21,11,14,58,1
7282_0,161.0,491.0,81.0,134,22,21,4,69,1
7299_0,149.0,835.0,85.0,441,31,21,4,66,1
7307_0,134.0,1475.0,84.0,669,22,19,8,53,1
7309_0,156.0,448.0,91.0,4,24,21,2,72,1
7341_0,158.0,434.0,86.0,6,24,25,2,76,1
7347_0,156.0,424.0,83.0,18,34,17,2,77,1
7375_0,161.0,398.0,80.0,55,24,19,3,70,1
7401_0,133.0,1049.0,75.0,859,22,23,4,68,1
7402_0,160.0,394.0,82.0,26,34,24,2,70,1
7403_0,163.0,662.0,85.0,102,32,22,4,67,1
7412_0,155.0,414.0,85.0,4,24,15,2,78,1
7414_0,147.0,1049.0,83.0,484,41,23,3,69,1
7422_0,115.0,1582.0,82.0,964,22,21,7,54,1
7448_0,81.0,1613.0,79.0,1689,41,14,14,56,1
7466_0,160.0,405.0,82.0,28,34,25,3,72,1
7488_0,134.0,1304.0,82.0,777,32,21,6,58,1
7502_0,156.0,586.0,81.0,266,22,25,2,71,1
7516_0,160.0,449.0,81.0,87,24,25,4,66,1
7528_0,166.0,811.0,78.0,175,34,26,2,73,1
7549_0,124.0,1358.0,78.0,1229,21,20,9,56,1
7584_0,149.0,693.0,91.0,22,34,26,2,67,1
7588_0,91.0,927.0,75.0,1341,32,15,8,56,1
7589_0,152.0,755.0,83.0,354,33,18,5,65,1
7603_0,91.0,1159.0,77.0,1312,42,17,8,62,1
7615_0,153.0,512.0,84.0,260,22,28,2,73,1
7620_0,151.0,778.0,89.0,376,31,15,2,67,1
7632_0,162.0,512.0,85.0,62,21,25,2,67,1
7637_0,76.0,1139.0,74.0,1623,21,15,13,56,1
7664_0,162.0,443.0,86.0,9,41,30,2,76,1
7678_0,156.0,541.0,88.0,119,34,24,2,74,1
7682_0,159.0,430.0,86.0,24,34,37,4,76,1
7699_0,125.0,1543.0,84.0,767,31,28,10,58,1
7748_0,166.0,498.0,84.0,11,24,23,2,73,1
7768_0,70.0,735.0,67.0,1727,21,15,9,59,1
7785_0,163.0,510.0,87.0,37,41,25,2,73,1
7794_0,156.0,394.0,87.0,-4,24,31,2,76,1
7802_0,162.0,497.0,85.0,50,21,20,2,68,1
7824_0,161.0,590.0,92.0,48,24,22,2,72,1
7836_0,113.0,1573.0,80.0,1075,32,20,10,53,1
7838_0,87.0,741.0,72.0,1384,23,12,10,62,1
7871_0,163.0,467.0,88.0,7,34,33,2,74,1
7923_0,163.0,551.0,84.0,22,34,31,5,72,1
7924_0,161.0,803.0,79.0,252,22,25,2,71,1
7928_0,164.0,533.0,83.0,20,34,38,5,75,1
7944_0,166.0,668.0,84.0,30,41,23,2,72,1
7946_0,162.0,503.0,83.0,62,34,23,2,77,1
7985_0,151.0,760.0,85.0,418,21,23,3,72,1
8069_0,160.0,557.0,79.0,204,22,22,2,74,1
8071_0,144.0,944.0,80.0,639,32,15,5,61,1
8091_0,156.0,403.0,89.0,0,34,28,4,69,1
8116_0,66.0,1077.0,69.0,1818,21,9,18,56,1
8126_0,159.0,423.0,83.0,13,34,48,4,74,1
8128_0,156.0,938.0,83.0,248,42,24,5,68,1
8134_0,154.0,518.0,82.0,261,22,29,2,73,1
8138_0,158.0,453.0,89.0,7,34,18,2,74,1
8176_0,165.0,679.0,84.0,37,34,22,2,73,1
8177_0,50.0,1092.0,69.0,2134,21,6,14,54,1
8180_0,155.0,394.0,89.0,13,34,25,2,71,1
8216_0,61.0,945.0,68.0,1847,22,12,17,58,1
8218_0,70.0,1024.0,67.0,1638,31,13,12,58,1
8223_0,161.0,744.0,84.0,126,41,26,4,72,1
8235_0,79.0,1173.0,76.0,1629,21,6,13,54,1
8241_0,161.0,506.0,83.0,54,31,18,3,68,1
8273_0,75.0,967.0,70.0,1509,31,9,9,59,1
8285_0,149.0,805.0,81.0,356,42,20,5,64,1
8292_0,58.0,842.0,60.0,1908,22,10,10,62,1
8301_0,133.0,1290.0,79.0,1069,21,19,7,59,1
8305_0,59.0,761.0,63.0,1852,22,9,10,57,1
8310_0,148.0,632.0,89.0,247,42,27,2,72,1
8328_0,158.0,529.0,81.0,209,31,35,2,73,1
8330_0,76.0,949.0,73.0,1472,32,13,14,57,1
8372_0,162.0,481.0,79.0,118,21,20,3,69,1
8398_0,165.0,536.0,80.0,79,31,17,2,72,1
8400_0,58.0,938.0,68.0,2008,21,12,10,57,1
8417_0,151.0,1167.0,81.0,477,22,22,4,66,1
8432_0,165.0,616.0,83.0,32,24,22,2,73,1
8446_0,156.0,863.0,73.0,459,32,24,4,68,1
8449_0,140.0,1011.0,81.0,729,22,19,5,61,1
8452_0,138.0,1227.0,81.0,825,21,22,9,57,1
8486_0,45.0,966.0,59.0,2160,32,11,13,53,1
8498_0,163.0,526.0,84.0,25,34,23,2,73,1
8507_0,145.0,566.0,87.0,406,22,26,3,73,1
8510_0,150.0,526.0,89.0,365,22,28,4,75,1
8548_0,161.0,527.0,85.0,70,21,22,2,68,1
8557_0,165.0,757.0,77.0,220,22,24,2,68,1
8600_0,164.0,573.0,87.0,24,24,24,2,71,1
8607_0,163.0,586.0,84.0,24,34,42,4,71,1
8645_0,148.0,688.0,90.0,26,34,25,3,66,1
8661_0,162.0,556.0,79.0,183,21,22,2,70,1
8668_0,78.0,1175.0,76.0,1623,22,7,13,55,1
8671_0,161.0,451.0,87.0,9,41,32,3,73,1
8681_0,162.0,759.0,78.0,252,21,27,2,74,1
8697_0,165.0,911.0,79.0,199,21,26,2,72,1
8720_0,75.0,1224.0,75.0,1777,21,12,17,54,1
8757_0,89.0,1030.0,74.0,1444,32,16,12,58,1
8761_0,159.0,454.0,86.0,36,34,30,4,73,1
8771_0,148.0,1048.0,77.0,538,31,23,4,65,1
8796_0,162.0,530.0,81.0,55,24,19,2,71,1
8802_0,136.0,1244.0,79.0,728,42,23,7,59,1
8806_0,158.0,442.0,88.0,12,24,31,3,73,1
8844_0,161.0,581.0,82.0,33,24,38,4,74,1
8875_0,159.0,847.0,73.0,386,31,23,4,71,1
8908_0,65.0,851.0,69.0,1809,22,10,10,56,1
8911_0,147.0,649.0,90.0,32,32,24,4,68,1
8933_0,160.0,464.0,84.0,19,24,24,2,74,1
8936_0,99.0,1477.0,79.0,1552,12,18,8,57,1
8943_0,52.0,1085.0,62.0,2029,21,13,14,56,1
8955_0,165.0,528.0,80.0,81,42,19,2,70,1
8985_0,161.0,476.0,84.0,24,34,31,4,76,1
8990_0,163.0,598.0,81.0,44,34,24,3,74,1
8998_0,57.0,864.0,60.0,1896,34,9,10,56,1
9000_0,158.0,435.0,87.0,2,34,23,4,75,1
9010_0,67.0,1231.0,74.0,1678,32,9,16,57,1
9039_0,164.0,538.0,84.0,20,34,42,3,74,1
9052_0,59.0,1040.0,63.0,1875,21,12,13,58,1
9073_0,161.0,467.0,85.0,19,24,27,2,72,1
9080_0,56.0,1164.0,67.0,2010,31,8,18,55,1
9120_0,166.0,592.0,84.0,22,34,35,4,71,1
9133_0,90.0,983.0,75.0,1371,22,15,6,62,1
9139_0,146.0,716.0,92.0,21,34,27,2,72,1
9145_0,161.0,484.0,82.0,57,34,22,3,71,1
9152_0,66.0,609.0,60.0,1689,31,16,7,63,1
9164_0,159.0,431.0,86.0,15,34,38,4,74,1
9205_0,161.0,641.0,82.0,46,34,22,3,71,1
9234_0,163.0,599.0,84.0,28,34,35,4,72,1
9240_0,120.0,1500.0,80.0,813,41,20,10,55,1
9276_0,149.0,518.0,87.0,279,41,27,4,73,1
9280_0,68.0,1179.0,70.0,1745,12,13,13,55,1
9290_0,164.0,466.0,85.0,7,34,44,4,70,1
9291_0,162.0,487.0,88.0,40,22,24,2,76,1
9309_0,164.0,770.0,82.0,72,22,25,2,72,1
9327_0,157.0,450.0,84.0,12,34,30,2,73,1
9334_0,159.0,393.0,83.0,18,24,23,2,71,1
9367_0,162.0,533.0,91.0,48,24,32,2,74,1
9373_0,159.0,428.0,85.0,15,34,43,5,75,1
9411_0,164.0,477.0,85.0,8,24,36,4,76,1
9430_0,67.0,674.0,62.0,1665,32,9,9,60,1
9433_0,138.0,1453.0,83.0,545,31,16,6,57,1
9453_0,160.0,466.0,84.0,25,34,34,5,71,1
9489_0,110.0,773.0,78.0,986,42,23,7,55,1
9502_0,103.0,905.0,76.0,1195,11,22,9,56,1
9517_0,160.0,517.0,83.0,52,31,19,3,67,1
9582_0,145.0,634.0,91.0,116,12,23,3,67,1
9598_0,60.0,870.0,65.0,1750,22,10,14,57,1
9619_0,77.0,1071.0,74.0,1737,32,12,16,55,1
9626_0,117.0,1564.0,81.0,962,41,19,5,67,1
9629_0,165.0,489.0,84.0,11,24,37,6,74,1
9647_0,164.0,521.0,86.0,29,24,24,2,76,1
9663_0,161.0,527.0,81.0,170,31,28,2,73,1
9669_0,161.0,455.0,89.0,8,41,30,2,74,1
9681_0,167.0,523.0,83.0,16,24,29,2,77,1
9709_0,147.0,659.0,90.0,185,31,25,4,70,1
9764_0,163.0,526.0,81.0,143,21,25,2,72,1
9799_0,52.0,965.0,59.0,2044,32,8,13,58,1
9803_0,164.0,467.0,85.0,4,34,44,5,75,1
9807_0,151.0,699.0,81.0,399,31,22,3,68,1
9830_0,71.0,1177.0,71.0,1652,21,13,12,59,1
9856_0,162.0,680.0,82.0,46,34,32,4,70,1
9870_0,123.0,1337.0,83.0,813,32,19,9,50,1
9883_0,165.0,607.0,78.0,174,21,22,2,70,1
9897_0,74.0,1521.0,78.0,1765,41,15,16,59,1
9899_0,160.0,427.0,85.0,10,24,44,5,76,1
9901_0,158.0,436.0,85.0,24,24,27,2,72,1
9906_0,162.0,438.0,85.0,7,24,29,3,73,1
10007_0,76.0,1228.0,68.0,1482,21,13,8,57,1
10037_0,69.0,1213.0,66.0,1678,42,14,13,55,1
10070_0,166.0,625.0,84.0,27,34,32,4,73,1
10080_0,148.0,1013.0,82.0,737,21,22,7,54,1
10092_0,170.0,565.0,76.0,80,34,22,3,70,1
10099_0,159.0,452.0,87.0,51,24,26,4,71,1
10110_0,93.0,1004.0,78.0,1333,22,17,7,59,1
10116_0,163.0,529.0,82.0,20,34,27,3,73,1
10129_0,166.0,521.0,84.0,15,34,22,2,74,1
10135_0,161.0,577.0,82.0,35,34,36,3,74,1
10142_0,70.0,1049.0,72.0,1771,22,11,10,56,1
10181_0,79.0,641.0,68.0,1476,42,10,9,57,1
10184_0,161.0,487.0,80.0,273,22,24,4,70,1
10185_0,164.0,471.0,84.0,6,34,46,4,77,1
10186_0,168.0,782.0,73.0,177,21,23,2,73,1
10187_0,161.0,589.0,90.0,92,31,31,3,72,1
10202_0,131.0,1307.0,79.0,814,41,24,8,55,1
10235_0,67.0,703.0,66.0,1768,22,9,9,59,1
10236_0,155.0,444.0,82.0,17,34,25,2,75,1
10287_0,164.0,619.0,85.0,56,31,21,4,70,1
10299_0,61.0,1177.0,65.0,1902,22,10,16,56,1
10303_0,164.0,643.0,80.0,59,34,24,2,74,1
10305_0,152.0,563.0,91.0,15,24,28,2,75,1
10319_0,160.0,490.0,85.0,49,24,20,2,65,1
10323_0,161.0,599.0,83.0,34,34,40,4,77,1
10346_0,160.0,501.0,84.0,59,21,18,3,67,1
10379_0,160.0,464.0,84.0,36,34,34,3,74,1
10396_0,160.0,437.0,84.0,16,24,25,2,72,1
10399_0,160.0,598.0,85.0,154,21,23,2,67,1
10400_0,152.0,723.0,81.0,371,22,24,4,71,1
10412_0,159.0,441.0,81.0,58,21,19,3,67,1
10421_0,57.0,893.0,61.0,1923,31,10,10,57,1
10431_0,111.0,1621.0,81.0,1227,22,21,8,56,1
10437_0,163.0,534.0,81.0,72,24,20,2,73,1
10441_0,156.0,655.0,82.0,290,22,19,4,70,1
10442_0,66.0,798.0,68.0,1785,34,18,12,60,1
10443_0,161.0,785.0,77.0,212,41,26,4,70,1
10444_0,155.0,407.0,85.0,2,24,19,2,77,1
10450_0,161.0,603.0,82.0,40,41,27,3,69,1
10458_0,163.0,468.0,85.0,6,34,44,2,75,1
10466_0,163.0,546.0,83.0,81,24,24,2,74,1
10467_0,139.0,1301.0,80.0,913,22,20,7,55,1
10480_0,152.0,903.0,74.0,519,31,23,4,68,1
10481_0,152.0,419.0,89.0,21,31,25,3,71,1
10501_0,162.0,563.0,84.0,27,34,40,4,77,1
10512_0,67.0,1201.0,73.0,1913,22,6,11,56,1
10517_0,166.0,568.0,85.0,22,34,21,2,74,1
10519_0,89.0,431.0,65.0,1350,32,18,5,67,1
10520_0,91.0,1188.0,78.0,1400,31,17,8,53,1
10549_0,165.0,563.0,87.0,23,34,26,3,72,1
10556_0,167.0,882.0,74.0,214,21,25,2,70,1
10567_0,163.0,751.0,84.0,88,24,24,3,74,1
10613_0,156.0,1125.0,83.0,371,11,25,4,74,1
10614_0,160.0,501.0,82.0,91,21,21,2,65,1
10644_0,147.0,562.0,89.0,327,32,25,3,73,1
10648_0,160.0,495.0,84.0,47,41,19,3,66,1
10651_0,157.0,871.0,73.0,443,21,22,4,69,1
10670_0,103.0,1555.0,79.0,1176,41,18,9,56,1
10683_0,155.0,417.0,85.0,12,34,26,2,74,1
10695_0,162.0,464.0,87.0,34,34,27,3,75,1
10696_0,157.0,467.0,88.0,50,34,26,4,73,1
10721_0,156.0,511.0,83.0,208,32,35,2,74,1
10743_0,74.0,946.0,73.0,1672,31,13,11,57,1
10781_0,107.0,612.0,80.0,1136,21,24,9,54,1
10786_0,153.0,629.0,89.0,302,21,30,3,73,1
10792_0,159.0,819.0,74.0,372,21,21,4,72,1
10803_0,117.0,1014.0,71.0,983,22,19,4,65,1
10833_0,164.0,476.0,84.0,6,24,42,3,77,1
10846_0,93.0,903.0,75.0,1277,32,15,9,58,1
10847_0,161.0,499.0,83.0,20,34,31,2,74,1
10857_0,159.0,458.0,85.0,26,34,23,2,73,1
10874_0,146.0,697.0,92.0,-1,34,36,4,68,1
10883_0,163.0,725.0,78.0,248,22,23,2,71,1
10902_0,167.0,551.0,79.0,116,24,17,2,71,1
10903_0,77.0,813.0,71.0,1588,31,14,8,62,1
10934_0,169.0,810.0,76.0,140,34,23,4,72,1
10938_0,158.0,454.0,86.0,65,31,39,4,72,1
10946_0,68.0,1439.0,77.0,1829,41,13,13,53,1
10962_0,156.0,372.0,83.0,-4,41,29,4,72,1
10991_0,75.0,1460.0,76.0,1780,32,10,15,57,1
10993_0,105.0,1272.0,83.0,1206,21,22,11,54,1
10996_0,163.0,739.0,82.0,82,21,26,2,71,1
11019_0,158.0,443.0,88.0,0,34,39,7,71,1
11081_0,162.0,448.0,83.0,14,41,29,2,76,1
11097_0,157.0,535.0,81.0,249,32,24,3,66,1
11101_0,161.0,557.0,80.0,137,21,22,3,72,1
11140_0,161.0,499.0,89.0,25,34,28,2,75,1
11144_0,56.0,850.0,61.0,1918,22,9,15,58,1
11149_0,45.0,1075.0,61.0,2136,41,8,16,56,1
11153_0,50.0,873.0,65.0,2119,22,7,12,59,1
11177_0,160.0,461.0,87.0,6,41,26,3,74,1
11180_0,108.0,1594.0,82.0,1277,21,22,13,53,1
11209_0,158.0,389.0,83.0,17,34,26,2,72,1
11228_0,75.0,1017.0,73.0,1573,21,10,13,56,1
11257_0,164.0,604.0,84.0,64,34,19,2,73,1
11290_0,160.0,771.0,81.0,118,31,24,4,72,1
11319_0,161.0,395.0,82.0,33,34,25,2,71,1
11334_0,110.0,1674.0,79.0,1466,22,19,11,56,1
11353_0,96.0,1061.0,71.0,1129,42,19,8,58,1
11392_0,144.0,663.0,89.0,126,21,29,4,64,1
11403_0,117.0,1605.0,80.0,1098,22,20,7,54,1
11430_0,160.0,476.0,86.0,40,21,20,2,69,1
11478_0,52.0,1233.0,73.0,2173,21,5,7,54,1
11480_0,163.0,466.0,85.0,8,24,35,4,76,1
11495_0,161.0,554.0,82.0,33,24,29,3,74,1
11505_0,122.0,1514.0,84.0,859,21,26,8,58,1
11513_0,163.0,619.0,81.0,48,34,32,5,71,1
11514_0,71.0,865.0,68.0,1603,22,9,8,58,1
11526_0,150.0,756.0,91.0,45,34,23,3,70,1
11536_0,159.0,554.0,89.0,127,21,25,2,70,1
11539_0,152.0,402.0,87.0,37,34,25,2,73,1
11555_0,161.0,456.0,86.0,17,24,29,2,72,1
11609_0,57.0,613.0,55.0,1929,32,9,16,58,1
11617_0,52.0,807.0,63.0,1998,31,12,14,57,1
11662_0,113.0,1645.0,79.0,1209,31,23,8,58,1
11690_0,162.0,440.0,80.0,72,34,19,2,71,1
11704_0,109.0,1232.0,81.0,1122,33,16,24,56,1
11710_0,160.0,614.0,83.0,155,21,27,2,68,1
11711_0,163.0,687.0,78.0,202,32,21,2,71,1
11718_0,163.0,521.0,85.0,39,32,27,3,72,1
11731_0,59.0,642.0,57.0,1884,22,12,9,58,1
11757_0,63.0,739.0,62.0,1842,31,13,18,57,1
11793_0,167.0,548.0,79.0,86,34,26,2,73,1
11798_0,44.0,1094.0,69.0,2255,22,8,15,57,1
11805_0,158.0,443.0,87.0,13,24,27,2,72,1
11822_0,167.0,647.0,77.0,120,41,24,3,74,1
11845_0,154.0,535.0,91.0,14,34,28,2,72,1
11854_0,163.0,472.0,86.0,9,41,31,2,75,1
11856_0,56.0,1205.0,72.0,2111,22,9,14,56,1
11879_0,162.0,553.0,81.0,36,34,24,4,72,1
11950_0,87.0,1706.0,78.0,1683,22,8,9,56,1
11979_0,156.0,703.0,84.0,218,41,26,4,71,1
12000_0,162.0,621.0,79.0,214,31,24,2,67,2
12019_0,161.0,452.0,87.0,31,34,23,2,77,2
12031_0,160.0,447.0,83.0,16,24,37,4,71,2
12039_0,161.0,563.0,80.0,191,21,24,2,72,2
12041_0,161.0,438.0,84.0,19,41,42,5,77,2
12047_0,165.0,478.0,85.0,9,34,43,0,74,2
12050_0,148.0,1088.0,84.0,409,41,22,4,70,2
12073_0,70.0,1028.0,68.0,1667,23,12,11,62,2
12085_0,162.0,475.0,88.0,15,41,26,4,71,2
12088_0,162.0,524.0,85.0,48,31,24,2,71,2
12096_0,73.0,1202.0,74.0,1724,21,11,13,54,2
12119_0,166.0,524.0,84.0,16,24,26,2,73,2
12149_0,158.0,439.0,87.0,3,24,26,2,76,2
12150_0,139.0,697.0,86.0,414,22,27,4,72,2
12180_0,145.0,819.0,91.0,134,31,25,5,64,2
12200_0,150.0,712.0,81.0,391,32,26,4,67,2
12210_0,161.0,488.0,84.0,30,34,31,4,72,2
12217_0,115.0,1678.0,80.0,1402,22,16,12,57,2
12263_0,159.0,594.0,83.0,126,41,23,3,73,2
12265_0,146.0,614.0,90.0,28,34,23,3,73,2
12274_0,164.0,528.0,78.0,123,34,23,2,72,2
12293_0,132.0,1315.0,82.0,752,32,22,6,56,2
12299_0,162.0,471.0,87.0,8,24,29,2,76,2
12304_0,157.0,485.0,83.0,115,31,38,2,72,2
12321_0,56.0,670.0,59.0,1940,32,4,12,56,2
12360_0,65.0,1156.0,64.0,1776,31,8,10,54,2
12367_0,150.0,553.0,88.0,208,41,31,3,74,2
12385_0,160.0,467.0,85.0,25,24,37,5,75,2
12398_0,154.0,430.0,85.0,10,24,19,2,76,2
12407_0,164.0,555.0,81.0,57,24,18,2,77,2
12408_0,157.0,417.0,88.0,-1,34,32,2,74,2
12428_0,164.0,537.0,86.0,40,34,26,2,76,2
12429_0,133.0,1262.0,78.0,955,42,18,7,57,2
12450_0,67.0,975.0,70.0,1745,22,12,9,56,2
12465_0,158.0,626.0,80.0,265,31,23,3,70,2
12469_0,49.0,886.0,65.0,2179,22,9,15,57,2
12483_0,167.0,564.0,77.0,139,22,19,2,71,2
12510_0,73.0,796.0,69.0,1565,34,15,8,61,2
12532_0,164.0,625.0,79.0,53,34,25,2,72,2
12533_0,161.0,453.0,81.0,119,21,25,2,65,2
12543_0,62.0,1309.0,75.0,1932,32,7,10,58,2
12554_0,148.0,552.0,87.0,276,32,28,3,75,2
12562_0,117.0,975.0,78.0,1029,21,22,7,60,2
12563_0,160.0,724.0,81.0,85,31,22,2,71,2
12577_0,164.0,855.0,73.0,279,22,23,2,68,2
12582_0,159.0,510.0,88.0,104,31,36,3,71,2
12590_0,161.0,582.0,80.0,200,31,23,2,72,2
12592_0,116.0,1682.0,80.0,1249,21,22,13,56,2
12608_0,51.0,1337.0,73.0,2160,21,8,13,55,2
12624_0,169.0,949.0,75.0,151,24,23,2,71,2
12633_0,88.0,1083.0,78.0,1446,31,15,16,55,2
12676_0,68.0,1208.0,74.0,1758,21,15,14,55,2
12683_0,50.0,1087.0,69.0,2236,11,9,16,59,2
12694_0,166.0,617.0,78.0,73,24,23,2,72,2
12704_0,156.0,446.0,83.0,13,34,22,2,74,2
12708_0,162.0,474.0,84.0,18,34,34,5,74,2
12710_0,66.0,1075.0,66.0,1743,22,12,13,59,2
12736_0,166.0,573.0,84.0,20,34,26,3,71,2
12747_0,148.0,831.0,82.0,473,41,20,4,63,2
12765_0,145.0,729.0,95.0,-1,24,22,9,63,2
12777_0,154.0,486.0,93.0,16,34,34,2,75,2
12795_0,163.0,727.0,76.0,339,11,23,4,69,2
12799_0,160.0,482.0,88.0,13,41,29,2,78,2
12811_0,163.0,497.0,87.0,34,21,26,2,74,2
12819_0,149.0,525.0,88.0,290,41,21,5,72,2
12833_0,52.0,1120.0,62.0,2058,32,7,15,58,2
12850_0,52.0,931.0,60.0,2034,32,7,12,56,2
12862_0,159.0,443.0,85.0,19,34,39,5,71,2
12866_0,123.0,1433.0,81.0,809,41,21,7,56,2
12883_0,148.0,589.0,89.0,69,41,28,3,68,2
12895_0,162.0,521.0,90.0,51,34,28,2,74,2
12900_0,159.0,460.0,87.0,4,24,37,5,72,2
12902_0,159.0,625.0,83.0,185,21,23,2,70,2
12914_0,159.0,439.0,85.0,21,34,33,4,71,2
12921_0,140.0,848.0,89.0,582,21,22,5,66,2
12927_0,156.0,690.0,85.0,298,11,24,3,67,2
12937_0,114.0,1484.0,78.0,1151,32,18,8,54,2
12979_0,162.0,528.0,89.0,52,24,29,2,76,2
13006_0,164.0,583.0,85.0,37,34,21,2,71,2
13039_0,162.0,625.0,80.0,49,34,29,4,70,2
13041_0,155.0,439.0,92.0,8,34,22,3,66,2
13056_0,74.0,989.0,69.0,1544,32,9,12,61,2
13061_0,85.0,1124.0,78.0,1415,41,14,16,58,2
13078_0,164.0,468.0,84.0,9,24,39,2,77,2
13082_0,159.0,465.0,88.0,7,34,34,2,73,2
13091_0,162.0,466.0,88.0,16,34,27,2,76,2
13147_0,160.0,904.0,72.0,397,21,23,4,69,2
13166_0,165.0,500.0,84.0,13,34,26,2,72,2
13201_0,147.0,739.0,90.0,365,31,27,3,71,2
13272_0,161.0,436.0,84.0,13,41,29,2,74,2
13282_0,70.0,994.0,68.0,1660,12,9,11,60,2
13285_0,161.0,576.0,82.0,28,24,42,5,74,2
13320_0,113.0,1560.0,83.0,975,31,25,8,54,2
13323_0,58.0,1008.0,60.0,1955,32,10,15,61,2
13350_0,164.0,508.0,85.0,18,24,24,3,72,2
13373_0,65.0,627.0,60.0,1697,31,16,7,62,2
13399_0,124.0,1457.0,79.0,1159,21,21,7,58,2
13406_0,157.0,367.0,84.0,-2,41,36,6,75,2
13408_0,96.0,1028.0,78.0,1201,32,17,8,57,2
13414_0,109.0,1595.0,79.0,1308,33,17,17,57,2
13430_0,97.0,940.0,76.0,1165,21,16,7,58,2
13434_0,165.0,508.0,84.0,12,24,23,2,72,2
13453_0,62.0,705.0,64.0,1779,32,10,7,57,2
13459_0,75.0,1110.0,74.0,1564,41,11,18,56,2
13479_0,152.0,422.0,87.0,9,34,26,2,72,2
13494_0,149.0,493.0,88.0,3,34,17,3,73,2
13498_0,160.0,522.0,81.0,169,22,23,2,71,2
13501_0,156.0,488.0,88.0,102,41,29,3,77,2
13511_0,104.0,1657.0,79.0,1477,22,18,11,56,2
13512_0,82.0,1178.0,77.0,1540,21,13,12,53,2
13516_0,119.0,1529.0,84.0,974,22,31,11,55,2
13530_0,154.0,436.0,91.0,82,12,25,4,69,2
13562_0,169.0,556.0,77.0,84,24,20,2,74,2
13576_0,161.0,504.0,82.0,30,34,32,4,74,2
13579_0,165.0,534.0,85.0,23,24,31,3,70,2
13602_0,158.0,475.0,83.0,39,24,23,2,69,2
13608_0,155.0,945.0,71.0,412,42,25,4,69,2
13614_0,160.0,615.0,79.0,239,31,29,2,72,2
13662_0,95.0,1030.0,76.0,1262,31,18,7,60,2
13665_0,145.0,564.0,87.0,433,31,25,4,70,2
13701_0,167.0,865.0,78.0,151,42,21,2,72,2
13722_0,75.0,1167.0,75.0,1662,22,12,15,54,2
13730_0,158.0,448.0,84.0,31,34,29,2,74,2
13732_0,150.0,756.0,91.0,46,34,24,3,69,2
13744_0,56.0,1172.0,68.0,2004,22,7,17,56,2
13747_0,111.0,1012.0,71.0,1035,22,21,7,60,2
13766_0,156.0,401.0,86.0,3,24,23,2,73,2
13791_0,155.0,424.0,90.0,15,34,22,3,68,2
13793_0,81.0,1071.0,75.0,1524,32,13,9,55,2
13807_0,90.0,952.0,78.0,1390,22,11,8,56,2
13883_0,156.0,475.0,85.0,142,24,39,2,70,2
13923_0,165.0,490.0,85.0,11,24,24,2,73,2
13935_0,157.0,423.0,87.0,-2,34,28,3,72,2
13941_0,93.0,1213.0,78.0,1472,23,12,14,58,2
13950_0,158.0,456.0,86.0,43,34,28,3,71,2
13964_0,162.0,568.0,92.0,34,24,22,3,73,2
13978_0,81.0,986.0,76.0,1423,32,11,14,55,2
14002_0,164.0,603.0,86.0,32,34,23,2,73,2
14009_0,158.0,456.0,86.0,43,34,30,3,70,2
14012_0,162.0,457.0,86.0,14,24,28,2,74,2
14039_0,129.0,1346.0,78.0,1110,23,23,7,58,2
14108_0,98.0,788.0,77.0,1249,21,19,8,55,2
14124_0,109.0,942.0,75.0,1083,11,21,4,70,2
14142_0,63.0,957.0,63.0,1802,31,10,13,58,2
14145_0,147.0,607.0,91.0,12,34,26,4,72,2
14168_0,70.0,844.0,68.0,1624,32,9,12,55,2
14183_0,116.0,1483.0,84.0,995,21,30,10,55,2
14189_0,160.0,499.0,82.0,97,21,26,2,66,2
14201_0,89.0,399.0,62.0,1316,21,21,2,74,2
14218_0,50.0,931.0,63.0,2075,21,11,20,58,2
14221_0,163.0,519.0,85.0,62,32,25,4,75,2
14232_0,54.0,938.0,67.0,2137,12,11,13,56,2
14238_0,160.0,936.0,82.0,295,22,25,4,71,2
14245_0,132.0,1487.0,83.0,671,42,19,9,54,2
14250_0,114.0,1106.0,78.0,912,42,16,8,60,2
14252_0,162.0,512.0,90.0,37,34,38,3,71,2
14271_0,154.0,480.0,84.0,197,22,30,3,69,2
14301_0,158.0,613.0,93.0,45,32,25,2,70,2
14325_0,83.0,429.0,61.0,1441,21,20,3,76,2
14340_0,158.0,486.0,92.0,12,34,22,2,74,2
14342_0,74.0,949.0,72.0,1644,31,12,11,57,2
14351_0,159.0,474.0,83.0,51,34,29,4,71,2
14360_0,164.0,476.0,84.0,4,24,38,3,77,2
14380_0,161.0,525.0,81.0,158,32,21,2,70,2
14388_0,155.0,435.0,84.0,10,24,19,2,76,2
14391_0,162.0,414.0,79.0,87,31,30,2,68,2
14412_0,89.0,950.0,75.0,1367,41,15,13,55,2
14417_0,71.0,962.0,71.0,1687,22,12,8,59,2
14422_0,160.0,456.0,86.0,3,34,31,2,75,2
14442_0,163.0,511.0,82.0,71,34,21,2,71,2
14444_0,147.0,1013.0,76.0,508,41,22,3,71,2
14452_0,144.0,603.0,87.0,411,34,27,2,72,2
14453_0,151.0,443.0,89.0,42,32,26,2,71,2
14455_0,161.0,460.0,87.0,6,34,34,2,73,2
14459_0,161.0,550.0,84.0,33,24,31,3,71,2
14487_0,169.0,925.0,77.0,137,34,23,2,74,2
14495_0,150.0,795.0,82.0,443,22,17,5,63,2
14507_0,153.0,974.0,77.0,508,31,23,4,70,2
14516_0,161.0,627.0,81.0,46,24,21,4,69,2
14534_0,166.0,623.0,85.0,24,24,27,2,71,2
14564_0,154.0,388.0,86.0,56,22,27,3,70,2
14589_0,164.0,476.0,84.0,5,24,39,5,77,2
14611_0,89.0,1105.0,79.0,1447,41,13,17,58,2
14613_0,164.0,541.0,84.0,49,24,24,2,75,2
14615_0,160.0,495.0,82.0,96,32,21,2,72,2
14627_0,163.0,472.0,85.0,9,24,28,2,74,2
14675_0,162.0,505.0,81.0,58,34,22,2,77,2
14676_0,166.0,618.0,84.0,26,34,20,2,73,2
14678_0,101.0,1234.0,80.0,1498,22,13,18,52,2
14688_0,166.0,498.0,84.0,14,24,24,2,70,2
14701_0,161.0,525.0,85.0,71,31,21,2,66,2
14732_0,72.0,1213.0,74.0,1760,22,7,18,56,2
14742_0,163.0,736.0,82.0,63,34,25,2,73,2
14754_0,163.0,576.0,91.0,48,34,24,3,74,2
14766_0,162.0,460.0,86.0,12,34,27,2,76,2
14769_0,147.0,622.0,91.0,4,31,20,3,72,2
14771_0,70.0,777.0,68.0,1678,22,12,11,57,2
14777_0,159.0,429.0,86.0,19,24,34,4,73,2
14791_0,147.0,706.0,92.0,23,31,24,2,69,2
14807_0,160.0,440.0,86.0,25,34,25,2,74,2
14813_0,76.0,543.0,62.0,1513,22,17,5,62,2
14818_0,158.0,449.0,88.0,3,34,31,2,74,2
14846_0,158.0,465.0,83.0,29,34,22,2,71,2
14864_0,161.0,610.0,83.0,39,34,22,3,72,2
14882_0,159.0,823.0,74.0,375,22,26,3,71,2
14884_0,148.0,1214.0,84.0,425,32,15,3,65,2
14894_0,73.0,1037.0,72.0,1523,32,12,12,57,2
14935_0,163.0,541.0,80.0,53,34,20,2,73,2
14952_0,100.0,887.0,75.0,1305,23,14,8,63,2
14954_0,47.0,1007.0,60.0,2148,22,11,13,58,2
14960_0,165.0,535.0,85.0,20,34,20,4,67,2
14991_0,148.0,1350.0,82.0,627,21,26,6,56,2
14995_0,166.0,568.0,79.0,55,24,20,5,67,2
15013_0,156.0,451.0,83.0,22,24,18,2,77,2
15016_0,156.0,384.0,84.0,-7,34,39,5,74,2
15017_0,161.0,575.0,84.0,109,31,24,2,70,2
15033_0,156.0,455.0,84.0,23,24,20,2,75,2
15035_0,166.0,655.0,84.0,31,24,20,2,73,2
15038_0,165.0,632.0,84.0,31,34,21,2,72,2
15045_0,151.0,582.0,91.0,20,34,25,2,75,2
15048_0,140.0,1163.0,79.0,611,42,24,8,60,2
15079_0,160.0,400.0,81.0,35,24,22,3,71,2
15094_0,103.0,1056.0,77.0,1080,22,22,5,68,2
15100_0,117.0,1494.0,79.0,1284,21,15,11,58,2
15105_0,165.0,709.0,83.0,51,34,20,2,72,2
15131_0,154.0,919.0,76.0,352,42,24,4,69,2
15154_0,164.0,548.0,85.0,36,24,24,2,70,2
15187_0,161.0,513.0,83.0,69,21,19,2,66,2
15204_0,161.0,571.0,83.0,34,34,20,2,74,2
15207_0,162.0,572.0,83.0,29,34,41,20,74,2
15244_0,60.0,1167.0,69.0,1940,22,9,14,56,2
15263_0,163.0,734.0,78.0,154,31,24,3,71,2
15290_0,100.0,1729.0,79.0,1484,31,18,9,56,2
15312_0,165.0,719.0,84.0,53,34,25,2,73,2
15316_0,160.0,465.0,84.0,22,24,37,3,73,2
15323_0,121.0,1001.0,70.0,931,21,19,3,68,2
15352_0,163.0,456.0,84.0,10,34,29,2,76,2
15378_0,142.0,961.0,90.0,486,12,23,5,58,2
15411_0,163.0,536.0,84.0,21,34,40,5,74,2
15412_0,145.0,648.0,90.0,28,21,19,4,69,2
15413_0,159.0,440.0,87.0,12,24,30,2,75,2
15424_0,67.0,1242.0,74.0,2129,21,20,7,59,2
15445_0,159.0,429.0,86.0,23,24,37,4,74,2
15448_0,162.0,534.0,84.0,77,21,21,3,72,2
15458_0,78.0,1143.0,74.0,1805,22,14,18,54,2
15464_0,163.0,633.0,83.0,36,24,30,3,74,2
15469_0,83.0,1647.0,78.0,1762,12,11,9,56,2
15473_0,53.0,847.0,59.0,1958,22,9,10,59,2
15482_0,156.0,401.0,87.0,-2,34,36,3,77,2
15488_0,163.0,470.0,85.0,10,34,34,2,77,2
15532_0,101.0,1525.0,79.0,1496,22,17,13,56,2
15540_0,160.0,498.0,82.0,126,22,22,2,72,2
15547_0,149.0,742.0,91.0,365,22,26,2,74,2
15562_0,161.0,453.0,88.0,16,41,31,4,74,2
15574_0,58.0,886.0,62.0,1898,31,7,10,55,2
15578_0,164.0,599.0,86.0,43,21,19,2,70,2
15595_0,152.0,755.0,83.0,386,32,19,5,64,2
15602_0,150.0,974.0,76.0,603,12,24,4,69,2
15647_0,163.0,660.0,86.0,59,32,24,2,72,2
15651_0,62.0,1396.0,76.0,2039,12,12,13,54,2
15679_0,148.0,767.0,91.0,297,21,23,7,60,2
15680_0,150.0,514.0,91.0,-3,34,24,7,64,2
15689_0,139.0,1279.0,79.0,941,41,23,7,57,2
15702_0,103.0,1539.0,79.0,1264,42,16,11,53,2
15705_0,140.0,700.0,88.0,397,41,24,4,70,2
15706_0,159.0,569.0,93.0,25,34,23,2,69,2
15707_0,117.0,1617.0,81.0,1153,22,23,10,54,2
15708_0,161.0,490.0,85.0,74,21,21,2,74,2
15710_0,136.0,1494.0,83.0,641,31,17,7,53,2
15742_0,160.0,430.0,86.0,16,24,37,3,74,2
15745_0,170.0,564.0,76.0,75,24,21,2,71,2
15746_0,113.0,1255.0,83.0,962,32,24,8,56,2
15751_0,123.0,1561.0,84.0,819,31,27,9,56,2
15752_0,161.0,499.0,83.0,22,34,30,4,73,2
15755_0,146.0,654.0,90.0,191,21,27,3,68,2
15771_0,162.0,577.0,82.0,106,31,16,3,71,2
15777_0,162.0,505.0,81.0,59,34,20,2,77,2
15785_0,121.0,1464.0,79.0,1066,22,20,9,59,2
15790_0,144.0,932.0,72.0,660,21,21,4,65,2
15827_0,129.0,1394.0,79.0,1117,22,22,7,54,2
15833_0,162.0,557.0,83.0,87,22,24,2,71,2
15846_0,163.0,635.0,86.0,70,31,25,2,70,2
15851_0,158.0,533.0,89.0,139,21,29,4,73,2
15857_0,144.0,813.0,91.0,378,22,26,4,66,2
15883_0,161.0,506.0,82.0,30,34,33,5,74,2
15894_0,162.0,537.0,85.0,73,21,20,2,66,2
15896_0,147.0,636.0,90.0,0,24,23,4,70,2
15909_0,155.0,397.0,83.0,1,24,20,2,71,2
15914_0,164.0,710.0,76.0,247,21,23,3,71,2
15938_0,58.0,1250.0,73.0,2082,21,10,13,56,2
15941_0,63.0,643.0,62.0,1830,22,14,6,61,2
15958_0,157.0,426.0,87.0,2,41,21,2,74,2
15994_0,155.0,446.0,83.0,15,34,17,2,77,2
15995_0,161.0,492.0,79.0,148,21,20,2,68,2
15997_0,166.0,530.0,83.0,17,34,36,3,72,2
16003_0,99.0,1560.0,78.0,1653,12,18,11,54,2
16007_0,158.0,441.0,86.0,12,34,23,2,74,2
16035_0,163.0,467.0,88.0,7,24,30,2,76,2
16047_0,162.0,695.0,86.0,102,32,22,2,72,2
16048_0,86.0,954.0,76.0,1283,32,17,11,55,2
16064_0,143.0,738.0,95.0,-3,34,27,3,70,2
16100_0,59.0,864.0,67.0,1844,31,10,10,55,2
16127_0,157.0,494.0,82.0,142,22,40,2,72,2
16128_0,57.0,944.0,62.0,1930,22,13,16,56,2
16139_0,90.0,1003.0,76.0,1335,32,15,7,57,2
16168_0,164.0,628.0,86.0,42,34,20,2,72,2
16184_0,156.0,615.0,92.0,94,22,24,2,73,2
16191_0,145.0,704.0,94.0,1,41,24,4,67,2
16193_0,95.0,1472.0,79.0,1487,21,16,13,53,2
16209_0,165.0,491.0,85.0,11,24,22,2,73,2
16215_0,85.0,517.0,66.0,1489,32,9,9,61,2
16217_0,168.0,604.0,77.0,94,24,20,2,68,2
16219_0,166.0,638.0,84.0,31,34,29,3,72,2
16220_0,102.0,1553.0,79.0,1396,23,19,9,56,2
16238_0,128.0,1415.0,80.0,1059,22,24,12,52,2
16279_0,160.0,582.0,91.0,96,41,25,4,75,2
16308_0,163.0,472.0,86.0,10,24,25,2,76,2
16313_0,70.0,1162.0,74.0,1857,21,9,22,57,2
16315_0,165.0,640.0,85.0,28,34,31,4,73,2
16317_0,152.0,526.0,85.0,301,41,26,3,75,2
16328_0,150.0,795.0,91.0,121,42,25,5,65,2
16382_0,126.0,998.0,69.0,908,33,22,7,58,2
16411_0,162.0,564.0,81.0,37,34,25,4,72,2
16418_0,162.0,554.0,83.0,24,24,39,4,72,2
16438_0,148.0,999.0,82.0,404,31,23,7,59,2
16442_0,125.0,1050.0,76.0,949,12,19,4,68,2
16453_0,112.0,1687.0,80.0,1292,22,17,9,57,2
16463_0,162.0,579.0,83.0,108,34,21,2,76,2
16464_0,74.0,969.0,70.0,1532,31,7,10,60,2
16480_0,160.0,461.0,87.0,25,34,30,3,73,2
16483_0,45.0,893.0,64.0,2204,31,10,18,56,2
16498_0,153.0,511.0,91.0,7,32,28,2,70,2
16560_0,165.0,662.0,77.0,108,24,24,2,74,2
16601_0,103.0,1010.0,78.0,1355,23,14,14,57,2
16605_0,56.0,978.0,61.0,2068,22,9,13,55,2
16607_0,155.0,927.0,71.0,463,31,23,4,70,2
16610_0,162.0,582.0,83.0,25,34,40,5,73,2
16617_0,162.0,475.0,88.0,23,24,28,2,73,2
16618_0,99.0,1503.0,78.0,1564,12,16,14,54,2
16643_0,90.0,772.0,73.0,1228,32,16,8,64,2
16649_0,73.0,1121.0,70.0,1473,42,13,10,57,2
16672_0,47.0,684.0,54.0,2127,22,10,14,61,2
16679_0,164.0,481.0,83.0,6,41,25,2,74,2
16680_0,157.0,892.0,83.0,277,21,23,4,75,2
16685_0,70.0,1470.0,77.0,1881,11,13,14,57,2
16688_0,106.0,1502.0,78.0,1179,42,16,11,54,2
16693_0,151.0,546.0,84.0,307,41,25,3,75,2
16707_0,162.0,839.0,73.0,303,32,21,2,69,2
16708_0,163.0,678.0,78.0,207,21,22,2,67,2
16718_0,160.0,453.0,88.0,7,24,31,4,71,2
16772_0,168.0,554.0,78.0,78,34,21,3,70,2
16779_0,159.0,470.0,87.0,11,24,22,2,76,2
16783_0,160.0,452.0,88.0,19,24,29,2,73,2
16785_0,162.0,474.0,86.0,3,34,43,5,79,2
16808_0,164.0,583.0,85.0,39,24,20,2,70,2
16810_0,65.0,697.0,64.0,1734,22,8,9,58,2
16812_0,57.0,770.0,61.0,2027,22,11,13,56,2
16842_0,162.0,616.0,81.0,43,34,22,4,68,2
16880_0,94.0,1419.0,79.0,1431,33,15,11,54,2
16924_0,153.0,505.0,91.0,3,34,21,2,73,2
16950_0,140.0,834.0,89.0,383,31,23,4,68,2
16954_0,141.0,1091.0,80.0,771,32,18,7,56,2
16974_0,141.0,1116.0,79.0,751,31,20,6,58,2
16983_0,161.0,458.0,83.0,16,34,44,5,75,2
16999_0,126.0,1407.0,79.0,1096,32,21,10,56,2
17013_0,165.0,536.0,79.0,113,24,22,5,69,2
17022_0,150.0,581.0,90.0,7,34,28,2,73,2
17027_0,166.0,599.0,80.0,64,34,22,2,72,2
17053_0,134.0,1251.0,79.0,1026,32,19,8,58,2
17058_0,162.0,560.0,84.0,23,24,46,5,70,2
17065_0,153.0,758.0,82.0,381,32,22,5,64,2
17095_0,157.0,445.0,88.0,4,24,24,2,73,2
17098_0,162.0,897.0,73.0,310,24,24,2,73,2
17099_0,65.0,757.0,63.0,1711,24,15,7,60,2
17106_0,73.0,940.0,72.0,1648,31,11,12,58,2
17120_0,160.0,447.0,87.0,14,24,26,2,74,2
17125_0,50.0,991.0,60.0,2111,22,7,12,55,2
17129_0,164.0,469.0,83.0,5,41,43,5,73,2
17176_0,101.0,1430.0,80.0,1345,31,17,10,53,2
17210_0,143.0,974.0,80.0,666,34,16,4,61,2
17211_0,162.0,673.0,84.0,103,32,24,2,75,2
17234_0,155.0,1013.0,72.0,466,21,24,5,69,2
17239_0,148.0,709.0,91.0,7,34,26,2,74,2
17262_0,160.0,454.0,82.0,41,34,18,2,73,2
17265_0,156.0,386.0,83.0,4,34,29,2,73,2
17267_0,72.0,1477.0,76.0,1864,21,10,14,57,2
17292_0,165.0,493.0,83.0,12,34,31,3,76,2
17297_0,89.0,1238.0,78.0,1624,22,14,20,56,2
17328_0,159.0,431.0,85.0,16,24,41,5,74,2
17380_0,159.0,458.0,84.0,38,24,30,2,74,2
17384_0,158.0,449.0,88.0,3,34,38,5,72,2
17391_0,157.0,462.0,83.0,24,24,20,2,73,2
17399_0,167.0,568.0,84.0,27,24,24,3,73,2
17403_0,159.0,552.0,79.0,221,22,26,2,68,2
17465_0,155.0,403.0,85.0,-2,24,23,4,72,2
17466_0,123.0,1331.0,83.0,915,22,18,10,53,2
17467_0,162.0,634.0,82.0,48,34,31,3,73,2
17470_0,147.0,757.0,90.0,100,32,31,4,73,2
17501_0,147.0,610.0,91.0,2,41,24,3,73,2
17513_0,67.0,682.0,63.0,1677,34,12,8,59,2
17517_0,110.0,1705.0,79.0,1280,21,21,9,55,2
17544_0,69.0,884.0,68.0,1638,31,9,9,55,2
17545_0,166.0,496.0,83.0,14,24,26,2,74,2
17568_0,153.0,640.0,80.0,378,21,21,3,70,2
17572_0,153.0,884.0,72.0,564,21,23,4,70,2
17579_0,121.0,1359.0,78.0,1207,31,18,8,58,2
17589_0,159.0,447.0,83.0,23,24,37,5,72,2
17608_0,112.0,1411.0,84.0,1030,22,24,7,54,2
17635_0,170.0,677.0,74.0,116,34,31,2,73,2
17638_0,163.0,548.0,92.0,36,34,24,3,71,2
17641_0,165.0,542.0,84.0,22,34,22,3,74,2
17643_0,71.0,1227.0,74.0,1815,12,11,17,56,2
17646_0,149.0,792.0,90.0,211,31,24,3,71,2
17664_0,156.0,392.0,88.0,-3,34,36,4,74,2
17714_0,70.0,1212.0,73.0,1675,42,10,15,58,2
17727_0,157.0,444.0,89.0,3,34,30,5,67,2
17731_0,157.0,455.0,92.0,2,34,24,4,70,2
17743_0,64.0,760.0,62.0,1743,34,14,9,59,2
17763_0,156.0,467.0,94.0,7,34,22,4,68,2
17769_0,128.0,1355.0,79.0,762,41,22,8,58,2
17787_0,64.0,1157.0,64.0,1733,41,11,11,58,2
17805_0,76.0,1261.0,76.0,1663,21,13,16,53,2
17838_0,163.0,450.0,86.0,7,34,39,4,73,2
17863_0,63.0,1194.0,67.0,1809,21,13,17,57,2
17880_0,159.0,446.0,84.0,25,24,31,4,70,2
17885_0,152.0,531.0,90.0,-1,24,27,3,70,2
17888_0,112.0,1375.0,84.0,1036,31,16,8,53,2
17890_0,163.0,523.0,80.0,165,21,20,2,70,2
17903_0,158.0,475.0,84.0,104,41,31,2,71,2
17908_0,161.0,490.0,83.0,51,34,22,4,73,2
17922_0,139.0,956.0,72.0,746,24,22,4,69,2
17924_0,166.0,553.0,79.0,83,22,20,2,72,2
17937_0,162.0,403.0,80.0,71,41,21,2,69,2
17943_0,60.0,906.0,68.0,1913,32,10,13,56,2
17979_0,47.0,910.0,59.0,2140,21,9,12,55,2
17980_0,165.0,500.0,84.0,12,34,36,5,74,2
18045_0,164.0,585.0,81.0,45,34,24,3,70,2
18075_0,64.0,1202.0,67.0,1771,32,12,16,56,2
18081_0,164.0,879.0,72.0,293,34,26,2,71,2
18085_0,82.0,793.0,70.0,1497,34,15,5,63,2
18086_0,143.0,1215.0,84.0,557,21,24,5,60,2
18101_0,109.0,1595.0,81.0,1276,22,20,12,54,2
18114_0,169.0,867.0,76.0,143,34,26,2,74,2
18127_0,115.0,974.0,74.0,1095,22,21,6,61,2
18131_0,161.0,502.0,83.0,37,34,24,2,72,2
18175_0,96.0,1655.0,78.0,1525,42,14,13,56,2
18178_0,75.0,388.0,52.0,1531,21,20,2,74,2
18211_0,58.0,1107.0,66.0,1863,32,10,23,57,2
18244_0,53.0,1080.0,60.0,2051,31,12,12,57,2
18245_0,159.0,485.0,82.0,58,24,14,2,68,2
18248_0,165.0,501.0,85.0,6,34,37,4,76,2
18249_0,171.0,573.0,77.0,81,34,23,2,76,2
18306_0,68.0,1157.0,67.0,1639,32,11,12,58,2
18333_0,139.0,1038.0,81.0,752,41,20,5,60,2
18346_0,163.0,510.0,87.0,49,34,29,3,70,2
18355_0,162.0,447.0,84.0,13,34,26,3,76,2
18373_0,161.0,544.0,81.0,88,34,21,2,73,2
18391_0,64.0,1187.0,72.0,1907,22,4,15,54,2
18418_0,110.0,1453.0,85.0,1064,31,26,10,54,2
18423_0,153.0,498.0,88.0,233,21,29,2,74,2
18472_0,161.0,511.0,83.0,23,41,23,2,73,2
18486_0,160.0,448.0,84.0,16,24,45,6,71,2
18494_0,85.0,1146.0,78.0,1463,31,7,11,56,2
18496_0,157.0,425.0,83.0,21,34,22,2,77,2
18501_0,132.0,1422.0,84.0,743,22,17,7,55,2
18507_0,148.0,661.0,90.0,4,34,27,3,74,2
18536_0,163.0,482.0,85.0,7,24,35,3,76,2
18590_0,163.0,614.0,82.0,28,24,42,4,73,2
18620_0,164.0,488.0,84.0,17,34,26,3,70,2
18669_0,161.0,538.0,80.0,163,22,24,2,70,2
18685_0,161.0,591.0,82.0,32,34,40,8,76,2
18702_0,63.0,1067.0,64.0,1822,22,10,12,58,2
18714_0,112.0,1533.0,83.0,1172,22,20,9,52,2
18727_0,163.0,596.0,84.0,86,21,22,2,73,2
18734_0,79.0,496.0,61.0,1515,21,17,4,69,2
18743_0,130.0,1326.0,78.0,1131,31,19,8,56,2
18757_0,75.0,957.0,73.0,1565,31,12,10,58,2
18765_0,65.0,1123.0,69.0,1851,22,10,19,58,2
18769_0,55.0,863.0,61.0,2015,21,9,14,58,2
18784_0,62.0,1150.0,64.0,1827,31,12,14,56,2
18786_0,60.0,854.0,66.0,1931,21,3,7,56,2
18805_0,165.0,698.0,83.0,54,24,21,2,71,2
18818_0,151.0,717.0,82.0,394,11,25,3,67,2
18834_0,74.0,1287.0,76.0,1805,21,13,15,55,2
18836_0,66.0,830.0,68.0,1834,32,10,10,57,2
18839_0,163.0,586.0,84.0,90,21,22,2,75,2
18848_0,161.0,393.0,81.0,44,21,21,2,74,2
18854_0,85.0,1552.0,79.0,1752,21,14,15,57,2
18874_0,165.0,508.0,84.0,12,24,23,2,72,2
18877_0,161.0,544.0,83.0,82,21,20,2,72,2
18884_0,134.0,764.0,87.0,669,32,22,5,63,2
18906_0,88.0,1074.0,76.0,1377,32,12,9,58,2
18911_0,158.0,457.0,86.0,44,34,28,4,69,2
18978_0,158.0,438.0,87.0,12,24,27,2,76,2
18983_0,164.0,837.0,79.0,218,22,22,2,71,2
18998_0,102.0,1163.0,83.0,1243,22,21,11,51,2
19017_0,157.0,450.0,84.0,14,34,31,2,73,2
19063_0,156.0,470.0,85.0,130,41,37,2,70,2
19085_0,155.0,449.0,83.0,17,34,19,2,77,2
19116_0,89.0,397.0,62.0,1329,21,20,2,72,2
19118_0,84.0,1312.0,77.0,1571,41,15,15,60,2
19139_0,167.0,549.0,79.0,86,24,22,2,72,2
19171_0,166.0,634.0,85.0,27,34,27,2,72,2
19189_0,158.0,471.0,88.0,15,24,28,2,73,2
19203_0,149.0,529.0,89.0,1,34,21,6,71,2
19211_0,160.0,644.0,82.0,51,24,23,3,71,2
19213_0,163.0,538.0,82.0,74,34,21,2,74,2
19238_0,63.0,623.0,61.0,1835,32,7,12,53,2
19247_0,169.0,901.0,74.0,153,41,26,2,70,2
19282_0,145.0,799.0,82.0,584,21,22,6,68,2
19315_0,156.0,395.0,85.0,8,41,28,2,75,2
19333_0,154.0,513.0,84.0,266,22,29,2,71,2
19341_0,59.0,1105.0,63.0,1923,22,9,12,57,2
19363_0,139.0,1365.0,82.0,710,32,29,8,57,2
19375_0,114.0,1638.0,81.0,1214,21,24,13,54,2
19414_0,62.0,763.0,61.0,1784,24,16,10,55,2
19442_0,162.0,542.0,83.0,86,24,24,2,73,2
19443_0,60.0,1172.0,72.0,2007,22,11,12,56,2
19444_0,161.0,495.0,82.0,51,34,24,2,74,2
19452_0,106.0,1674.0,80.0,1396,21,17,11,55,2
19457_0,154.0,738.0,87.0,259,42,22,4,71,2
19481_0,165.0,730.0,83.0,46,31,25,2,73,2
19488_0,164.0,470.0,84.0,4,34,44,2,74,2
19502_0,132.0,1300.0,83.0,601,32,15,6,53,2
19516_0,163.0,491.0,88.0,14,24,19,2,73,2
19525_0,51.0,1128.0,65.0,1986,31,11,22,55,2
19553_0,69.0,1074.0,67.0,1737,21,13,14,58,2
19562_0,160.0,491.0,83.0,76,21,24,2,67,2
19563_0,153.0,499.0,88.0,183,32,32,3,74,2
19578_0,111.0,1539.0,79.0,972,42,22,9,56,2
19584_0,67.0,958.0,71.0,1834,32,5,19,54,2
19588_0,163.0,479.0,87.0,4,34,42,4,74,2
19589_0,135.0,771.0,87.0,652,21,23,5,65,2
19615_0,94.0,1053.0,79.0,1194,32,15,8,60,2
19632_0,159.0,432.0,80.0,34,24,22,2,75,2
19637_0,163.0,502.0,88.0,41,24,26,3,72,2
19645_0,162.0,440.0,85.0,9,24,25,4,73,2
19675_0,160.0,445.0,86.0,12,24,31,2,73,2
19676_0,115.0,920.0,78.0,1070,12,21,8,59,2
19678_0,163.0,693.0,83.0,45,34,32,4,73,2
19682_0,160.0,489.0,90.0,19,34,24,2,75,2
19689_0,156.0,389.0,88.0,5,34,28,2,76,2
19699_0,144.0,1023.0,70.0,699,21,22,4,66,2
19702_0,161.0,496.0,83.0,29,24,37,3,79,2
19709_0,162.0,566.0,82.0,32,34,31,3,73,2
19724_0,71.0,832.0,69.0,1708,31,12,15,57,2
19754_0,156.0,554.0,88.0,145,34,24,3,71,2
19755_0,154.0,370.0,87.0,19,31,25,3,75,2
19770_0,161.0,546.0,83.0,31,41,29,2,74,2
19810_0,160.0,447.0,86.0,14,34,30,2,76,2
19822_0,165.0,567.0,83.0,22,24,22,2,72,2
19826_0,167.0,577.0,83.0,21,34,37,4,73,2
19838_0,62.0,871.0,63.0,1794,31,9,10,58,2
19841_0,157.0,427.0,87.0,-1,34,23,2,75,2
19844_0,70.0,693.0,66.0,1604,32,12,8,61,2
19856_0,62.0,1199.0,70.0,1929,22,10,12,58,2
19871_0,164.0,567.0,80.0,47,24,19,2,74,2
19877_0,167.0,581.0,78.0,64,34,24,4,73,2
19883_0,163.0,669.0,80.0,67,24,24,2,74,2
19900_0,158.0,423.0,81.0,29,34,21,3,73,2
19923_0,162.0,542.0,81.0,43,41,20,2,75,2
19924_0,123.0,1304.0,83.0,877,11,25,11,54,2
19928_0,58.0,913.0,67.0,1846,31,8,14,56,2
19932_0,160.0,512.0,84.0,98,21,26,3,73,2
19946_0,79.0,1169.0,76.0,1611,41,5,16,55,2
19955_0,121.0,1510.0,79.0,1167,33,20,9,57,2
19985_0,161.0,627.0,82.0,39,24,23,3,73,2
19995_0,150.0,714.0,91.0,25,34,27,2,70,2
20005_0,158.0,461.0,87.0,15,24,31,2,74,2
20045_0,163.0,604.0,84.0,93,21,25,2,75,2
20091_0,148.0,1131.0,80.0,548,22,22,4,70,2
20102_0,165.0,839.0,73.0,284,21,23,3,69,2
20106_0,163.0,505.0,86.0,28,34,27,2,74,2
20116_0,93.0,939.0,74.0,1231,21,19,8,58,2
20122_0,170.0,854.0,75.0,124,34,23,4,71,2
20126_0,162.0,597.0,83.0,30,34,38,4,70,2
20134_0,166.0,508.0,84.0,16,24,20,2,73,2
20176_0,147.0,809.0,91.0,186,33,26,8,61,2
20180_0,148.0,680.0,90.0,20,34,27,3,73,2
20223_0,61.0,893.0,66.0,1676,31,15,8,58,2
20248_0,92.0,1720.0,78.0,1555,32,8,12,55,2
20251_0,161.0,480.0,86.0,41,24,16,2,64,2
20260_0,156.0,411.0,85.0,-1,34,22,2,75,2
20261_0,54.0,965.0,67.0,2136,21,8,12,56,2
20283_0,54.0,1124.0,65.0,2011,22,10,21,58,2
20285_0,67.0,845.0,66.0,1680,41,8,10,59,2
20323_0,161.0,496.0,89.0,19,24,29,2,75,2
20328_0,158.0,468.0,82.0,31,21,20,3,68,2
20330_0,160.0,448.0,84.0,26,34,30,4,72,2
20337_0,57.0,968.0,68.0,1975,21,13,18,58,2
20348_0,159.0,400.0,82.0,22,24,27,3,72,2
20358_0,161.0,457.0,86.0,36,34,25,2,77,2
20372_0,164.0,660.0,85.0,83,21,29,4,72,2
20388_0,159.0,449.0,85.0,36,34,25,4,73,2
20444_0,149.0,829.0,91.0,265,21,26,4,68,2
20486_0,85.0,1536.0,79.0,1537,31,17,10,54,2
20487_0,154.0,727.0,87.0,348,22,22,4,69,2
20498_0,162.0,397.0,79.0,58,31,22,3,67,2
20501_0,156.0,370.0,85.0,-6,34,28,4,72,2
20510_0,159.0,599.0,83.0,173,22,21,3,70,2
20514_0,112.0,1564.0,78.0,1169,41,16,11,54,2
20546_0,160.0,790.0,75.0,427,11,24,4,71,2
20548_0,68.0,956.0,66.0,1663,31,10,8,58,2
20552_0,88.0,1712.0,79.0,1644,22,14,15,57,2
20557_0,162.0,472.0,86.0,3,34,41,3,75,2
20563_0,65.0,1228.0,73.0,2013,22,14,14,54,2
20572_0,146.0,706.0,93.0,4,34,27,3,66,2
20573_0,125.0,1414.0,79.0,986,41,21,8,55,2
20618_0,163.0,524.0,81.0,126,21,22,3,73,2
20668_0,165.0,632.0,79.0,77,34,28,2,74,2
20671_0,64.0,843.0,64.0,1806,22,11,10,58,2
20720_0,164.0,597.0,80.0,50,34,26,4,74,2
20761_0,162.0,469.0,87.0,31,24,19,2,72,2
20828_0,64.0,864.0,68.0,1898,32,10,14,57,2
20847_0,157.0,544.0,81.0,243,22,29,2,70,2
20933_0,164.0,1067.0,79.0,246,22,24,2,69,2
20937_0,70.0,1271.0,75.0,1973,12,11,18,58,2
20953_0,163.0,526.0,84.0,20,24,40,4,73,2
20955_0,164.0,466.0,85.0,5,24,41,5,76,2
20977_0,165.0,811.0,78.0,198,41,23,3,70,2
21010_0,91.0,1696.0,80.0,1585,22,15,13,57,2
21054_0,167.0,581.0,84.0,21,24,23,2,73,2
21057_0,161.0,496.0,85.0,45,34,22,2,70,2
21099_0,163.0,542.0,91.0,38,24,30,2,78,2
21117_0,157.0,461.0,92.0,6,34,26,4,66,2
21133_0,159.0,434.0,85.0,22,34,27,2,76,2
21139_0,156.0,539.0,94.0,28,34,30,4,72,2
21145_0,163.0,474.0,86.0,6,34,32,3,74,2
21164_0,162.0,487.0,88.0,26,24,29,2,76,2
21186_0,52.0,966.0,61.0,2050,32,8,14,56,2
21188_0,163.0,445.0,85.0,7,34,40,6,74,2
21221_0,161.0,450.0,80.0,84,34,21,2,68,2
21246_0,115.0,1570.0,83.0,879,31,24,8,55,2
21267_0,167.0,553.0,83.0,21,24,22,2,74,2
21276_0,110.0,621.0,81.0,1088,32,19,8,58,2
21288_0,100.0,1205.0,80.0,1161,32,17,15,56,2
21291_0,159.0,394.0,83.0,18,24,22,2,71,2
21309_0,105.0,924.0,73.0,1140,41,18,9,58,2
21318_0,162.0,445.0,85.0,5,34,37,6,71,2
21322_0,157.0,408.0,82.0,16,34,25,2,70,2
21327_0,77.0,969.0,75.0,1536,21,13,10,58,2
21335_0,65.0,1274.0,73.0,1984,12,12,14,55,2
21360_0,162.0,530.0,84.0,59,31,22,2,70,2
21362_0,161.0,554.0,81.0,123,31,24,3,73,2
21403_0,161.0,414.0,80.0,88,21,33,3,69,2
21411_0,113.0,1389.0,78.0,1336,32,16,10,54,2
21423_0,147.0,710.0,91.0,21,31,25,2,72,2
21441_0,52.0,638.0,56.0,2057,22,5,15,58,2
21445_0,156.0,387.0,83.0,10,34,31,3,73,2
21453_0,162.0,542.0,81.0,44,24,20,2,75,2
21502_0,98.0,1547.0,79.0,1526,22,18,16,55,2
21531_0,71.0,1257.0,74.0,1937,22,9,14,56,2
21533_0,126.0,1479.0,83.0,777,22,20,10,52,2
21562_0,159.0,475.0,87.0,69,24,24,2,72,2
21564_0,153.0,597.0,90.0,354,32,23,5,65,2
21566_0,92.0,1440.0,78.0,1614,11,13,11,54,2
21572_0,51.0,676.0,57.0,2065,31,9,15,58,2
21584_0,47.0,827.0,61.0,2132,32,9,10,58,2
21626_0,164.0,538.0,81.0,78,24,20,4,71,2
21647_0,141.0,1082.0,76.0,671,41,20,4,67,2
21709_0,157.0,396.0,82.0,7,24,26,2,74,2
21727_0,166.0,557.0,79.0,67,41,15,2,69,2
21761_0,163.0,755.0,85.0,84,31,21,3,73,2
21764_0,158.0,457.0,89.0,9,24,23,2,76,2
21780_0,167.0,757.0,72.0,209,24,23,2,72,2
21782_0,164.0,599.0,86.0,37,22,20,2,70,2
21799_0,157.0,423.0,82.0,20,34,18,2,77,2
21803_0,166.0,834.0,73.0,196,32,24,2,70,2
21807_0,148.0,916.0,83.0,462,22,15,5,56,2
21818_0,161.0,581.0,82.0,36,24,35,6,71,2
21836_0,164.0,596.0,84.0,28,34,37,4,72,2
21842_0,163.0,697.0,82.0,46,34,31,3,72,2
21843_0,67.0,1116.0,70.0,1762,31,11,15,59,2
21856_0,85.0,1622.0,77.0,1721,22,12,17,54,2
21858_0,164.0,571.0,85.0,31,24,23,2,73,2
21863_0,113.0,1363.0,77.0,1233,31,18,6,55,2
21897_0,158.0,476.0,83.0,46,24,20,3,70,2
21906_0,157.0,462.0,87.0,58,41,33,4,71,2
21924_0,167.0,617.0,78.0,90,24,22,4,70,2
21928_0,162.0,423.0,79.0,60,31,20,4,73,2
21975_0,106.0,1046.0,77.0,985,41,18,6,66,2
22004_0,162.0,597.0,79.0,200,41,27,2,73,2
22007_0,159.0,453.0,88.0,4,34,29,2,73,2
22018_0,100.0,1582.0,79.0,1473,42,17,9,55,2
22031_0,160.0,446.0,86.0,12,24,30,2,71,2
22039_0,54.0,1166.0,67.0,1972,31,6,16,55,2
22043_0,161.0,571.0,83.0,35,24,19,2,74,2
22060_0,163.0,474.0,85.0,7,34,22,3,74,2
22080_0,148.0,597.0,91.0,20,41,21,2,74,2
22082_0,160.0,450.0,87.0,15,34,31,2,75,2
22099_0,164.0,472.0,83.0,10,24,41,3,77,2
22101_0,161.0,541.0,82.0,33,24,39,4,78,2
22115_0,77.0,813.0,71.0,1567,41,14,8,62,2
22117_0,164.0,789.0,73.0,270,32,21,3,70,2
22118_0,160.0,438.0,80.0,78,21,24,2,65,2
22135_0,163.0,615.0,87.0,38,41,21,2,71,2
22140_0,143.0,1038.0,76.0,624,31,22,4,69,2
22142_0,91.0,1054.0,79.0,1224,31,16,9,58,2
22165_0,165.0,813.0,79.0,189,31,25,2,70,2
22202_0,170.0,569.0,76.0,80,24,22,4,68,2
22236_0,158.0,551.0,90.0,109,34,25,2,76,2
22261_0,160.0,486.0,89.0,16,34,20,2,73,2
22264_0,72.0,1181.0,71.0,1623,22,13,10,57,2
22279_0,83.0,1177.0,77.0,1523,32,8,11,55,2
22299_0,167.0,784.0,77.0,186,22,22,2,70,2
22323_0,159.0,442.0,88.0,9,34,29,2,77,2
22341_0,158.0,442.0,87.0,14,41,29,2,74,2
22359_0,148.0,1053.0,84.0,467,21,14,4,61,2
22371_0,70.0,1012.0,67.0,1607,32,12,11,58,2
22379_0,156.0,367.0,86.0,-9,41,31,4,77,2
22396_0,157.0,420.0,86.0,4,24,19,3,68,2
22412_0,171.0,575.0,77.0,73,34,22,4,67,2
22437_0,68.0,1104.0,69.0,1772,31,13,15,59,2
22442_0,149.0,488.0,88.0,32,31,24,3,69,2
22443_0,154.0,914.0,83.0,339,41,24,2,72,2
22444_0,147.0,709.0,90.0,48,31,23,2,73,2
22449_0,78.0,1125.0,75.0,1567,31,15,12,55,2
22477_0,163.0,732.0,82.0,66,34,28,2,72,2
22481_0,158.0,827.0,76.0,369,32,23,4,68,2
22501_0,77.0,918.0,73.0,1487,22,12,11,60,2
22517_0,164.0,568.0,84.0,43,24,28,2,72,2
22520_0,148.0,816.0,90.0,240,31,23,4,69,2
22527_0,85.0,1660.0,78.0,1663,32,6,8,55,2
22544_0,160.0,522.0,82.0,96,31,17,3,70,2
22548_0,161.0,544.0,79.0,175,31,31,2,72,2
22549_0,61.0,1295.0,74.0,1945,31,17,9,58,2
22556_0,159.0,462.0,82.0,40,34,19,2,71,2
22557_0,165.0,662.0,83.0,33,24,21,2,73,2
22562_0,83.0,1636.0,78.0,1776,21,11,15,57,2
22580_0,164.0,708.0,82.0,55,34,22,2,71,2
22631_0,151.0,527.0,91.0,-5,24,26,6,68,2
22640_0,156.0,470.0,85.0,120,41,36,2,72,2
22653_0,163.0,564.0,82.0,23,34,24,4,69,2
22671_0,159.0,410.0,81.0,26,24,23,2,74,2
22683_0,105.0,1405.0,78.0,1499,22,18,9,54,2
22709_0,160.0,444.0,86.0,14,24,30,2,74,2
22721_0,167.0,525.0,84.0,17,24,30,2,72,2
22743_0,166.0,855.0,73.0,236,24,21,3,70,2
22747_0,133.0,1210.0,80.0,776,32,21,7,60,2
22754_0,95.0,1061.0,78.0,1174,21,18,5,58,2
22781_0,158.0,444.0,85.0,33,24,28,2,76,2
22786_0,55.0,1205.0,71.0,2152,12,7,15,57,2
22792_0,153.0,414.0,89.0,2,34,30,3,69,2
22827_0,155.0,683.0,92.0,145,34,22,5,68,2
22831_0,157.0,474.0,87.0,77,22,23,2,76,2
22837_0,157.0,362.0,83.0,-5,41,39,5,72,2
22841_0,109.0,1662.0,78.0,1336,41,12,10,53,2
22847_0,130.0,1336.0,81.0,767,42,24,7,59,2
22874_0,147.0,700.0,92.0,3,34,25,3,71,2
22902_0,101.0,1504.0,80.0,1401,22,16,11,53,2
22904_0,162.0,391.0,80.0,75,21,22,4,66,2
22907_0,161.0,501.0,89.0,67,21,25,2,71,2
22924_0,166.0,513.0,84.0,17,24,21,2,73,2
22934_0,161.0,485.0,84.0,31,34,31,4,73,2
22946_0,162.0,540.0,82.0,24,24,37,4,72,2
22961_0,110.0,845.0,83.0,1049,32,22,12,52,2
22996_0,165.0,540.0,79.0,71,22,15,2,72,2
23019_0,157.0,475.0,85.0,134,32,41,2,71,2
23028_0,59.0,1363.0,75.0,2033,22,9,13,55,2
23048_0,160.0,500.0,83.0,46,41,17,2,67,2
23049_0,160.0,470.0,83.0,39,34,24,2,75,2
23060_0,157.0,430.0,87.0,5,24,24,2,74,2
23064_0,126.0,1479.0,83.0,727,32,19,9,56,2
23076_0,156.0,385.0,86.0,-4,24,29,3,74,2
23097_0,162.0,557.0,79.0,166,34,22,2,70,2
23101_0,162.0,540.0,91.0,31,24,25,2,71,2
23102_0,161.0,607.0,79.0,214,41,25,2,72,2
23105_0,113.0,1487.0,85.0,1000,31,23,12,52,2
23108_0,158.0,482.0,82.0,99,41,31,2,73,2
23127_0,164.0,577.0,84.0,33,24,19,2,70,2
23131_0,77.0,1375.0,76.0,1738,32,11,15,56,2
23140_0,161.0,521.0,84.0,70,21,17,2,67,2
23149_0,163.0,454.0,85.0,6,34,31,3,75,2
23175_0,158.0,506.0,91.0,18,34,30,2,73,2
23177_0,166.0,516.0,83.0,15,34,22,2,75,2
23208_0,162.0,794.0,74.0,313,32,22,3,71,2
23210_0,93.0,1738.0,79.0,1607,32,9,11,53,2
23256_0,163.0,896.0,73.0,292,32,26,3,72,2
23257_0,155.0,430.0,85.0,9,34,22,2,76,2
23264_0,136.0,1232.0,81.0,777,21,21,7,59,2
23278_0,163.0,558.0,92.0,37,24,24,2,71,2
23283_0,160.0,451.0,81.0,95,21,26,4,65,2
23290_0,114.0,1375.0,78.0,1326,21,18,11,55,2
23321_0,146.0,1042.0,81.0,553,31,20,6,57,2
23334_0,158.0,422.0,81.0,20,34,20,2,72,2
23351_0,147.0,710.0,92.0,11,34,30,2,70,2
23365_0,153.0,489.0,86.0,211,32,28,3,74,2
23406_0,160.0,517.0,83.0,68,24,19,2,69,2
23428_0,151.0,1087.0,80.0,525,21,22,5,71,2
23430_0,166.0,587.0,85.0,21,34,22,2,73,2
23478_0,160.0,466.0,87.0,26,34,20,2,72,2
23479_0,146.0,622.0,91.0,6,31,23,10,67,2
23497_0,78.0,996.0,73.0,1555,32,11,9,58,2
23508_0,82.0,856.0,71.0,1538,21,13,8,59,2
23520_0,159.0,525.0,82.0,168,31,30,3,72,2
23536_0,159.0,437.0,83.0,18,24,26,2,75,2
23537_0,152.0,437.0,89.0,2,34,28,7,70,2
23542_0,76.0,1135.0,73.0,1564,21,14,10,55,2
23555_0,79.0,496.0,61.0,1510,21,18,4,70,2
23594_0,162.0,515.0,81.0,83,34,25,3,72,2
23603_0,84.0,1320.0,77.0,1577,31,10,17,57,2
23617_0,156.0,881.0,84.0,282,22,23,4,72,2
23626_0,107.0,1539.0,78.0,1186,42,18,10,53,2
23662_0,94.0,898.0,76.0,1157,21,16,6,62,2
23667_0,167.0,543.0,83.0,16,24,28,2,76,2
23690_0,155.0,410.0,84.0,0,24,19,2,72,2
23738_0,113.0,1545.0,79.0,976,31,23,11,55,2
23744_0,139.0,1400.0,84.0,580,21,15,6,59,2
23757_0,66.0,1168.0,70.0,1776,41,8,12,57,2
23768_0,68.0,1165.0,72.0,1875,22,6,12,55,2
23773_0,161.0,477.0,84.0,18,24,32,5,68,2
23780_0,156.0,440.0,83.0,23,24,17,2,77,2
23798_0,147.0,648.0,90.0,23,21,20,3,68,2
23805_0,164.0,557.0,83.0,24,34,31,5,71,2
23808_0,88.0,411.0,62.0,1326,21,21,2,75,2
23815_0,164.0,625.0,84.0,72,31,23,4,71,2
23822_0,115.0,886.0,79.0,978,31,24,7,62,2
23828_0,72.0,1178.0,70.0,1664,22,13,11,56,2
23835_0,90.0,1131.0,78.0,1469,32,15,14,54,2
23845_0,50.0,984.0,60.0,2074,31,16,12,57,2
23848_0,151.0,588.0,88.0,249,42,23,4,69,2
23868_0,164.0,586.0,84.0,27,34,38,4,75,2
23879_0,161.0,483.0,83.0,17,34,35,4,74,2
23903_0,165.0,519.0,84.0,18,34,37,4,72,2
23909_0,161.0,467.0,88.0,6,24,35,2,74,2
23911_0,164.0,536.0,86.0,42,24,22,2,74,2
23922_0,140.0,1165.0,79.0,847,41,18,7,60,2
23942_0,61.0,1075.0,72.0,1906,31,2,14,56,2
23957_0,162.0,475.0,86.0,4,34,41,4,72,2
23991_0,149.0,710.0,90.0,32,34,27,2,69,2
23998_0,158.0,454.0,86.0,44,41,21,2,72,2
24019_0,166.0,626.0,84.0,24,34,33,20,75,3
24039_0,71.0,1213.0,68.0,1622,31,12,10,58,3
24099_0,160.0,524.0,81.0,183,32,26,2,69,3
24135_0,162.0,521.0,90.0,46,34,26,2,74,3
24149_0,163.0,482.0,85.0,5,24,34,2,74,3
24180_0,155.0,498.0,88.0,141,22,27,2,74,3
24217_0,81.0,1071.0,74.0,1572,22,13,12,55,3
24218_0,160.0,473.0,83.0,28,34,32,5,75,3
24248_0,159.0,511.0,82.0,156,32,26,2,71,3
24251_0,99.0,908.0,76.0,1169,33,14,12,57,3
24303_0,101.0,1486.0,80.0,1281,41,18,12,56,3
24346_0,155.0,392.0,89.0,13,31,26,2,73,3
24357_0,163.0,456.0,84.0,5,24,27,2,75,3
24373_0,165.0,606.0,79.0,54,34,28,2,73,3
24379_0,163.0,525.0,86.0,50,24,24,3,71,3
24385_0,161.0,507.0,83.0,27,41,31,5,73,3
24408_0,161.0,464.0,81.0,86,31,20,2,68,3
24434_0,161.0,515.0,83.0,32,34,39,4,77,3
24461_0,88.0,1247.0,79.0,1731,22,10,17,56,3
24473_0,164.0,594.0,87.0,28,34,23,2,73,3
24487_0,152.0,485.0,90.0,0,24,32,17,63,3
24510_0,63.0,590.0,60.0,1818,22,9,7,62,3
24533_0,159.0,429.0,85.0,15,24,25,6,73,3
24562_0,167.0,611.0,78.0,92,31,23,2,74,3
24573_0,62.0,793.0,60.0,1780,34,16,11,58,3
24592_0,161.0,521.0,84.0,65,32,19,2,70,3
24613_0,161.0,499.0,82.0,97,34,23,3,73,3
24624_0,159.0,441.0,88.0,9,34,30,2,74,3
24647_0,150.0,573.0,91.0,5,34,28,2,68,3
24724_0,147.0,567.0,87.0,422,12,22,4,73,3
24856_0,81.0,948.0,75.0,1467,31,14,12,55,3
24900_0,158.0,966.0,82.0,310,21,23,5,70,3
24914_0,162.0,519.0,80.0,84,34,22,4,72,3
24937_0,107.0,1104.0,83.0,1201,11,18,10,53,3
25022_0,161.0,754.0,76.0,294,22,23,4,69,3
25111_0,107.0,1582.0,79.0,1306,42,19,9,58,3
25139_0,91.0,1090.0,80.0,1443,41,14,15,56,3
25178_0,164.0,461.0,84.0,10,24,29,2,75,3
25208_0,169.0,826.0,74.0,157,41,20,2,68,3
25217_0,163.0,480.0,87.0,22,34,30,2,72,3
25219_0,77.0,1128.0,73.0,1522,41,14,12,55,3
25320_0,152.0,485.0,90.0,0,34,27,11,62,3
25369_0,166.0,883.0,79.0,202,21,22,3,72,3
25402_0,157.0,539.0,82.0,205,22,28,3,71,3
25408_0,163.0,780.0,83.0,92,41,24,2,73,3
25421_0,81.0,948.0,75.0,1416,31,13,11,57,3
25427_0,168.0,601.0,76.0,87,24,22,2,74,3
25430_0,99.0,1678.0,79.0,1475,32,18,13,54,3
25434_0,64.0,969.0,64.0,1809,31,9,12,58,3
25470_0,155.0,783.0,83.0,349,12,22,5,63,3
25501_0,162.0,476.0,86.0,4,34,36,4,75,3
25512_0,158.0,443.0,83.0,31,34,22,2,74,3
25670_0,162.0,455.0,87.0,16,24,28,2,76,3
25683_0,160.0,443.0,88.0,8,24,31,2,74,3
25697_0,146.0,922.0,91.0,340,21,22,5,58,3
25743_0,130.0,1454.0,83.0,807,41,22,9,56,3
25791_0,74.0,629.0,65.0,1524,41,14,7,61,3
25825_0,165.0,705.0,78.0,198,21,21,2,67,3
25864_0,166.0,524.0,85.0,16,24,20,3,73,3
25934_0,122.0,1475.0,81.0,928,41,23,8,57,3
25978_0,166.0,621.0,85.0,28,34,30,3,71,3
26019_0,153.0,715.0,82.0,379,31,22,4,68,3
26021_0,168.0,730.0,75.0,181,21,27,2,69,3
26039_0,154.0,525.0,88.0,215,22,24,3,74,3
26057_0,42.0,910.0,63.0,2291,21,13,16,58,3
26085_0,158.0,767.0,84.0,296,21,26,4,68,3
26102_0,157.0,569.0,89.0,175,21,26,2,76,3
26142_0,155.0,566.0,81.0,228,32,34,3,74,3
26145_0,162.0,758.0,84.0,114,34,25,4,71,3
26167_0,162.0,488.0,84.0,19,34,32,4,74,3
26214_0,157.0,508.0,92.0,13,34,24,3,72,3
26231_0,93.0,747.0,72.0,1498,32,19,6,59,3
26236_0,163.0,500.0,87.0,38,24,26,2,75,3
26245_0,156.0,859.0,82.0,259,41,26,5,66,3
26319_0,160.0,443.0,87.0,26,34,27,2,76,3
26348_0,164.0,558.0,84.0,43,34,22,2,73,3
26351_0,163.0,594.0,83.0,28,34,36,4,73,3
26388_0,160.0,494.0,80.0,71,31,23,3,69,3
26406_0,164.0,570.0,84.0,46,32,25,2,72,3
26452_0,156.0,653.0,82.0,264,32,23,4,72,3
26459_0,87.0,1148.0,79.0,1474,32,14,16,56,3
26471_0,164.0,469.0,83.0,5,34,39,4,75,3
26473_0,87.0,911.0,73.0,1474,31,10,14,59,3
26495_0,146.0,925.0,91.0,245,32,23,3,70,3
26627_0,152.0,897.0,83.0,389,21,25,5,62,3
26628_0,160.0,456.0,80.0,93,21,28,4,65,3
26629_0,51.0,960.0,60.0,2032,21,10,13,58,3
26688_0,126.0,1047.0,76.0,820,31,21,3,67,3
26698_0,152.0,499.0,91.0,1,34,26,3,69,3
26701_0,119.0,1518.0,81.0,937,21,23,7,59,3
26766_0,152.0,495.0,86.0,289,11,27,4,73,3
26777_0,165.0,624.0,83.0,28,41,27,2,73,3
26791_0,77.0,1251.0,75.0,1709,31,11,15,56,3
26802_0,161.0,523.0,83.0,29,34,29,3,73,3
26813_0,108.0,1739.0,80.0,1550,22,16,15,54,3
26879_0,167.0,567.0,78.0,71,24,20,2,69,3
26929_0,50.0,967.0,60.0,2088,32,5,15,54,3
26963_0,165.0,719.0,78.0,209,22,24,2,71,3
26974_0,110.0,1607.0,82.0,1222,22,23,8,54,3
26986_0,168.0,550.0,78.0,101,34,21,2,70,3
26993_0,100.0,1055.0,79.0,1146,32,17,8,57,3
27002_0,162.0,471.0,85.0,9,34,30,2,77,3
27014_0,79.0,582.0,65.0,1464,31,15,6,61,3
27043_0,54.0,1045.0,61.0,1982,21,9,13,57,3
27045_0,86.0,435.0,62.0,1372,22,15,5,67,3
27098_0,136.0,1272.0,84.0,591,32,22,4,66,3
27115_0,157.0,426.0,88.0,2,24,30,2,73,3
27131_0,160.0,515.0,84.0,73,24,18,2,68,3
27148_0,163.0,847.0,83.0,127,34,23,2,74,3
27154_0,146.0,561.0,87.0,460,22,28,2,70,3
27238_0,65.0,1140.0,63.0,1810,31,15,12,56,3
27282_0,159.0,498.0,91.0,21,24,28,2,75,3
27314_0,159.0,427.0,85.0,15,34,42,4,74,3
27366_0,163.0,466.0,86.0,5,34,38,5,75,3
27369_0,159.0,453.0,87.0,22,24,27,2,77,3
27431_0,116.0,801.0,81.0,995,42,22,9,59,3
27464_0,149.0,808.0,85.0,428,22,16,3,66,3
27465_0,151.0,820.0,84.0,399,31,22,4,69,3
27469_0,165.0,748.0,78.0,215,31,23,2,70,3
27470_0,71.0,1049.0,71.0,1658,22,12,12,58,3
27488_0,159.0,438.0,84.0,20,34,33,4,72,3
27529_0,160.0,493.0,81.0,49,41,24,4,67,3
27540_0,162.0,678.0,82.0,45,34,34,5,71,3
27613_0,154.0,430.0,92.0,8,34,22,3,68,3
27652_0,164.0,586.0,84.0,25,34,34,5,67,3
27671_0,165.0,601.0,77.0,154,31,18,2,68,3
27679_0,152.0,1032.0,83.0,285,32,22,6,59,3
27704_0,146.0,1075.0,83.0,537,21,22,6,65,3
27707_0,82.0,1168.0,77.0,1535,21,15,14,55,3
27813_0,144.0,1106.0,83.0,572,21,22,5,67,3
27834_0,157.0,426.0,87.0,3,34,24,2,75,3
27851_0,162.0,813.0,84.0,106,41,24,5,67,3
27857_0,151.0,498.0,87.0,241,41,25,4,74,3
27858_0,146.0,1074.0,85.0,441,21,22,5,68,3
27889_0,79.0,918.0,73.0,1595,21,15,8,58,3
27894_0,154.0,485.0,92.0,2,34,25,3,73,3
27910_0,164.0,715.0,84.0,53,31,22,3,73,3
28010_0,161.0,614.0,83.0,152,31,22,3,74,3
28024_0,161.0,596.0,84.0,144,31,21,2,69,3
28029_0,158.0,443.0,88.0,5,24,34,3,73,3
28047_0,76.0,1134.0,72.0,1515,21,11,8,57,3
28048_0,163.0,470.0,85.0,9,34,39,2,77,3
28092_0,71.0,786.0,67.0,1612,24,14,7,62,3
28094_0,144.0,918.0,70.0,678,22,21,4,67,3
28097_0,104.0,1439.0,79.0,1432,22,17,9,63,3
28128_0,165.0,610.0,86.0,27,41,22,4,68,3
28193_0,161.0,611.0,83.0,40,24,24,2,70,3
28279_0,122.0,1554.0,84.0,842,32,28,8,54,3
28328_0,161.0,400.0,81.0,34,34,23,4,72,3
28359_0,75.0,1514.0,77.0,1830,22,6,15,53,3
28404_0,163.0,527.0,86.0,43,41,27,2,73,3
28464_0,161.0,399.0,81.0,34,34,21,3,72,3
28483_0,56.0,1188.0,72.0,2035,32,8,11,54,3
28504_0,161.0,526.0,84.0,28,41,20,2,71,3
28532_0,68.0,703.0,64.0,1698,32,11,9,57,3
28610_0,130.0,1355.0,80.0,1017,22,26,9,54,3
28640_0,156.0,483.0,87.0,92,24,35,2,71,3
28679_0,156.0,414.0,83.0,14,34,28,2,72,3
28693_0,161.0,490.0,85.0,64,21,22,2,74,3
28722_0,52.0,774.0,60.0,1982,31,9,12,57,3
28767_0,157.0,427.0,87.0,2,24,23,2,71,3
28810_0,156.0,499.0,83.0,182,41,33,2,73,3
28812_0,165.0,578.0,83.0,22,24,26,2,74,3
28816_0,163.0,651.0,85.0,84,32,18,3,64,3
28844_0,162.0,548.0,84.0,25,24,34,5,73,3
28993_0,154.0,861.0,83.0,407,32,23,5,67,3
29011_0,162.0,705.0,86.0,89,31,29,4,70,3
29027_0,126.0,1379.0,83.0,796,22,21,6,59,3
29028_0,70.0,598.0,64.0,1673,41,14,4,68,3
29064_0,127.0,1413.0,79.0,1128,32,19,8,53,3
29099_0,153.0,545.0,91.0,6,34,29,2,74,3
29100_0,73.0,1008.0,72.0,1688,11,14,16,57,3
29130_0,77.0,1274.0,69.0,1501,21,14,9,58,3
29281_0,163.0,631.0,83.0,31,41,37,3,72,3
29297_0,160.0,472.0,83.0,41,34,30,2,76,3
29357_0,160.0,446.0,86.0,15,24,30,2,76,3
29364_0,142.0,751.0,97.0,1,34,24,4,68,3
29365_0,165.0,482.0,84.0,10,34,38,4,74,3
29385_0,161.0,468.0,86.0,11,24,30,2,74,3
29398_0,120.0,1450.0,84.0,770,21,16,7,57,3
29414_0,69.0,731.0,66.0,1610,41,9,8,56,3
29478_0,160.0,812.0,78.0,394,22,24,4,71,3
29517_0,79.0,1182.0,76.0,1663,31,11,16,54,3
29583_0,161.0,582.0,83.0,32,24,38,21,76,3
29608_0,161.0,484.0,83.0,45,34,30,2,77,3
29613_0,99.0,1052.0,79.0,1150,31,15,9,58,3
29711_0,101.0,1549.0,79.0,1546,22,19,10,56,3
29716_0,65.0,715.0,65.0,1681,31,7,9,60,3
29719_0,118.0,1455.0,79.0,1258,41,13,8,58,3
29720_0,69.0,865.0,68.0,1742,22,9,13,55,3
29763_0,161.0,410.0,79.0,115,21,30,2,67,3
29800_0,156.0,387.0,83.0,7,24,32,3,72,3
29802_0,135.0,1269.0,81.0,750,21,22,7,57,3
29838_0,152.0,769.0,85.0,365,21,22,4,70,3
29847_0,45.0,951.0,59.0,2162,32,9,14,55,3
29886_0,44.0,960.0,58.0,2183,32,9,13,55,3
29922_0,167.0,562.0,84.0,21,24,28,2,75,3
29937_0,61.0,860.0,66.0,1829,21,16,10,58,3
29943_0,160.0,763.0,85.0,150,22,29,3,68,3
29979_0,164.0,570.0,85.0,29,24,21,2,69,3
30075_0,126.0,1350.0,78.0,857,41,18,10,56,3
30118_0,162.0,523.0,80.0,148,31,18,2,71,3
30127_0,164.0,619.0,83.0,30,34,21,2,72,3
30162_0,164.0,493.0,85.0,9,34,26,2,75,3
30189_0,84.0,981.0,75.0,1439,31,16,7,59,3
30232_0,158.0,665.0,84.0,203,31,30,0,73,3
30249_0,155.0,547.0,88.0,181,41,25,4,73,3
30333_0,155.0,432.0,82.0,19,24,16,2,77,3
30373_0,148.0,519.0,87.0,220,12,40,4,69,3
30455_0,158.0,848.0,73.0,403,31,23,4,69,3
30494_0,102.0,1481.0,78.0,1365,41,15,10,56,3
30561_0,156.0,402.0,86.0,1,34,24,2,72,3
30596_0,157.0,439.0,86.0,10,34,18,2,76,3
30618_0,164.0,586.0,85.0,43,34,21,3,73,3
30676_0,163.0,521.0,85.0,44,41,25,2,73,3
30734_0,132.0,1303.0,79.0,1057,31,20,6,58,3
30800_0,106.0,1576.0,79.0,1395,32,17,12,55,3
30854_0,165.0,661.0,84.0,33,34,23,4,75,3
30877_0,46.0,1047.0,68.0,2250,11,4,16,53,3
30911_0,160.0,431.0,82.0,50,24,21,2,74,3
30961_0,166.0,647.0,78.0,164,31,18,2,66,3
30964_0,166.0,543.0,83.0,19,24,24,2,72,3
30983_0,53.0,884.0,66.0,2010,22,9,9,56,3
31060_0,92.0,1410.0,79.0,1615,11,15,12,54,3
31065_0,104.0,1292.0,83.0,1182,32,15,7,55,3
31085_0,160.0,436.0,86.0,18,34,28,2,76,3
31091_0,165.0,583.0,79.0,49,34,22,4,68,3
31113_0,158.0,452.0,87.0,35,34,28,2,74,3
31116_0,164.0,489.0,84.0,16,34,27,3,74,3
31134_0,82.0,1213.0,75.0,1605,41,11,12,58,3
31188_0,140.0,1408.0,84.0,661,21,27,7,56,3
31189_0,144.0,948.0,82.0,501,41,17,4,66,3
31195_0,148.0,838.0,92.0,323,41,21,5,63,3
31222_0,105.0,1162.0,83.0,1136,32,15,11,57,3
31281_0,152.0,1001.0,84.0,333,41,23,5,63,3
31348_0,167.0,576.0,78.0,56,34,26,5,67,3
31422_0,60.0,1272.0,74.0,1994,41,8,12,56,3
31457_0,95.0,1095.0,80.0,1153,41,21,10,55,3
31488_0,80.0,1374.0,76.0,1682,31,12,14,56,3
31528_0,163.0,641.0,84.0,76,31,17,2,70,3
31562_0,79.0,986.0,74.0,1502,22,11,11,61,3
31578_0,161.0,465.0,87.0,4,34,41,5,74,3
31602_0,163.0,489.0,89.0,18,24,23,2,73,3
31606_0,166.0,590.0,84.0,24,24,34,4,74,3
31634_0,163.0,517.0,85.0,47,32,25,3,70,3
31692_0,162.0,497.0,85.0,38,31,26,2,69,3
31712_0,74.0,856.0,70.0,1553,32,9,12,57,3
31733_0,126.0,1444.0,79.0,1084,32,24,9,54,3
31755_0,160.0,595.0,84.0,134,34,20,2,70,3
31759_0,74.0,1004.0,73.0,1634,22,15,11,63,3
31768_0,162.0,588.0,82.0,111,34,29,2,74,3
31807_0,151.0,827.0,84.0,392,31,23,4,68,3
31810_0,123.0,1559.0,84.0,746,31,19,9,56,3
31985_0,168.0,770.0,74.0,144,41,24,2,69,3
32031_0,68.0,1182.0,70.0,1790,11,12,14,54,3
32069_0,164.0,1096.0,79.0,255,24,24,2,71,3
32091_0,162.0,600.0,82.0,141,21,22,4,70,3
32106_0,129.0,1432.0,83.0,789,22,21,8,55,3
32134_0,164.0,533.0,83.0,21,34,41,4,76,3
32146_0,152.0,918.0,70.0,550,32,23,4,70,3
32218_0,166.0,548.0,85.0,20,34,32,3,74,3
32281_0,160.0,468.0,83.0,41,34,25,2,77,3
32292_0,41.0,1107.0,68.0,2343,21,8,17,57,3
32310_0,115.0,1577.0,82.0,898,42,23,8,52,3
32323_0,162.0,472.0,86.0,48,22,29,2,73,3
32366_0,97.0,1459.0,80.0,1452,21,17,15,53,3
32388_0,83.0,1270.0,78.0,1565,22,14,19,55,3
32398_0,75.0,1191.0,75.0,1648,41,15,15,52,3
32447_0,160.0,561.0,94.0,21,24,26,2,72,3
32480_0,164.0,476.0,84.0,6,24,38,4,77,3
32486_0,76.0,679.0,68.0,1514,41,19,7,63,3
32510_0,133.0,1330.0,82.0,719,31,22,8,58,3
32516_0,68.0,923.0,68.0,1711,22,10,12,57,3
32546_0,159.0,440.0,87.0,6,34,29,2,75,3
32557_0,124.0,1435.0,80.0,917,21,19,6,60,3
32565_0,97.0,1063.0,79.0,1204,21,17,9,60,3
32579_0,150.0,886.0,72.0,498,41,20,5,67,3
32663_0,153.0,509.0,87.0,147,34,30,3,73,3
32681_0,163.0,529.0,82.0,19,24,38,4,75,3
32685_0,124.0,1405.0,83.0,745,31,17,6,59,3
32726_0,158.0,494.0,91.0,15,24,28,2,76,3
32761_0,107.0,1734.0,80.0,1413,21,19,15,58,3
32806_0,163.0,549.0,82.0,55,34,23,2,70,3
32823_0,164.0,495.0,84.0,11,34,26,2,73,3
32828_0,160.0,499.0,83.0,65,21,17,2,69,3
32898_0,159.0,429.0,85.0,15,34,38,3,74,3
32911_0,157.0,366.0,84.0,-3,24,36,6,74,3
32937_0,150.0,1243.0,84.0,458,21,22,5,70,3
32943_0,161.0,673.0,80.0,65,24,26,4,73,3
32953_0,160.0,434.0,83.0,16,24,35,3,74,3
33119_0,72.0,1235.0,74.0,1794,32,5,9,56,3
33120_0,161.0,525.0,83.0,26,34,23,4,73,3
33152_0,66.0,1141.0,65.0,1766,22,12,15,58,3
33164_0,63.0,974.0,62.0,1854,31,10,12,58,3
33267_0,156.0,380.0,86.0,-4,34,34,2,73,3
33276_0,146.0,775.0,90.0,354,41,22,3,70,3
33280_0,165.0,694.0,85.0,43,34,24,2,73,3
33291_0,156.0,535.0,88.0,173,22,24,2,74,3
33318_0,162.0,499.0,82.0,74,24,24,3,75,3
33322_0,160.0,438.0,84.0,17,34,39,5,74,3
33338_0,161.0,637.0,81.0,51,24,24,2,70,3
33362_0,161.0,466.0,88.0,28,24,19,2,70,3
33367_0,84.0,1190.0,69.0,1330,31,15,10,58,3
33373_0,142.0,1047.0,76.0,643,21,22,4,68,3
33403_0,155.0,471.0,87.0,131,41,29,4,73,3
33434_0,159.0,433.0,84.0,15,34,39,3,72,3
33443_0,163.0,666.0,83.0,45,34,35,4,72,3
33453_0,134.0,1450.0,83.0,719,42,27,7,55,3
33514_0,148.0,846.0,85.0,430,22,22,5,67,3
33517_0,60.0,1225.0,73.0,1956,42,7,15,61,3
33566_0,94.0,1203.0,79.0,1208,32,13,12,58,3
33646_0,122.0,1518.0,80.0,1161,32,19,8,59,3
33649_0,89.0,1055.0,78.0,1349,21,17,6,62,3
33663_0,153.0,789.0,84.0,373,22,22,5,68,3
33717_0,158.0,434.0,86.0,7,24,29,2,75,3
33741_0,157.0,437.0,91.0,2,24,29,4,68,3
33761_0,161.0,483.0,83.0,29,24,35,4,72,3
33782_0,164.0,550.0,85.0,32,41,20,2,73,3
33818_0,146.0,1053.0,78.0,606,11,24,5,67,3
33843_0,162.0,466.0,88.0,13,34,25,2,74,3
34039_0,159.0,452.0,88.0,3,24,26,2,76,3
34046_0,65.0,780.0,63.0,1710,34,12,7,60,3
34056_0,68.0,784.0,68.0,1641,21,14,8,60,3
34060_0,160.0,452.0,87.0,39,34,26,2,74,3
34063_0,153.0,620.0,91.0,55,31,27,3,73,3
34080_0,142.0,950.0,81.0,640,32,19,4,69,3
34129_0,145.0,629.0,88.0,398,31,30,4,71,3
34140_0,90.0,1773.0,79.0,1583,31,13,8,57,3
34142_0,153.0,703.0,91.0,131,34,21,5,68,3
34152_0,162.0,476.0,86.0,4,34,36,6,72,3
34181_0,68.0,811.0,66.0,1665,21,11,10,56,3
34184_0,146.0,560.0,88.0,331,31,26,4,69,3
34287_0,162.0,473.0,87.0,17,34,27,2,74,3
34306_0,137.0,1249.0,82.0,708,41,21,7,60,3
34307_0,159.0,421.0,84.0,16,24,45,7,75,3
34331_0,165.0,513.0,85.0,18,24,21,2,73,3
34412_0,121.0,1530.0,82.0,999,23,22,8,56,3
34444_0,166.0,639.0,77.0,105,31,27,2,71,3
34458_0,80.0,758.0,70.0,1486,31,17,7,66,3
34501_0,63.0,795.0,64.0,1777,23,9,13,57,3
34504_0,160.0,676.0,81.0,70,24,26,4,69,3
34512_0,157.0,475.0,87.0,91,34,26,3,73,3
34515_0,166.0,639.0,77.0,112,34,27,2,71,3
34548_0,63.0,1036.0,65.0,1746,23,9,14,58,3
34549_0,120.0,1527.0,84.0,888,21,24,8,56,3
34557_0,162.0,744.0,78.0,161,34,24,5,67,3
34609_0,53.0,1165.0,66.0,1911,22,7,19,60,3
34640_0,159.0,444.0,84.0,25,24,28,3,71,3
34658_0,159.0,543.0,83.0,166,21,30,3,72,3
34691_0,138.0,1218.0,84.0,641,21,20,5,60,3
34696_0,153.0,429.0,91.0,52,21,23,2,69,3
34717_0,89.0,1087.0,78.0,1377,31,17,16,54,3
34831_0,99.0,1446.0,77.0,1330,42,17,17,53,3
34846_0,59.0,1147.0,68.0,1951,31,9,16,55,3
34864_0,163.0,786.0,84.0,115,21,26,2,72,3
34874_0,121.0,1360.0,78.0,1675,15,19,6,62,3
34883_0,134.0,1359.0,80.0,913,32,21,7,60,3
34904_0,161.0,528.0,82.0,64,34,19,2,64,3
34923_0,146.0,654.0,90.0,122,32,26,3,70,3
34996_0,156.0,469.0,85.0,155,22,37,2,70,3
35064_0,111.0,914.0,74.0,903,42,20,7,58,3
35097_0,165.0,498.0,84.0,13,24,39,7,77,3
35177_0,75.0,402.0,53.0,1514,32,19,5,68,3
35192_0,161.0,523.0,90.0,62,24,27,2,76,3
35203_0,89.0,936.0,76.0,1223,41,17,9,56,3
35226_0,159.0,491.0,88.0,108,34,24,3,72,3
35256_0,120.0,1390.0,78.0,1246,22,20,8,58,3
35283_0,94.0,1053.0,79.0,1273,21,15,8,58,3
35352_0,160.0,496.0,88.0,85,21,24,3,73,3
35353_0,160.0,509.0,82.0,84,24,19,2,68,3
35513_0,151.0,990.0,83.0,425,41,20,5,67,3
35514_0,162.0,466.0,88.0,13,24,32,2,74,3
35577_0,150.0,1074.0,80.0,549,21,24,5,69,3
35617_0,57.0,1120.0,71.0,2127,22,10,12,55,3
35695_0,161.0,475.0,86.0,27,34,20,3,74,3
35815_0,151.0,995.0,85.0,388,21,23,5,70,3
35911_0,55.0,1180.0,68.0,2000,21,6,16,54,3
35922_0,78.0,975.0,74.0,1552,22,12,10,59,3
35925_0,165.0,585.0,80.0,48,34,24,4,71,3
35956_0,104.0,748.0,77.0,1192,21,19,10,58,3
35957_0,160.0,472.0,84.0,28,24,33,4,75,3
35979_0,160.0,500.0,89.0,74,31,23,4,72,3
36050_0,54.0,941.0,61.0,1987,41,7,12,56,4
36070_0,102.0,1754.0,79.0,1460,31,20,14,54,4
36095_0,165.0,489.0,84.0,9,24,38,4,74,4
36099_0,161.0,469.0,81.0,52,34,18,2,65,4
36101_0,98.0,767.0,80.0,1258,42,12,8,57,4
36107_0,119.0,1505.0,83.0,794,22,20,5,65,4
36149_0,162.0,515.0,84.0,18,24,39,6,75,4
36177_0,47.0,931.0,59.0,2134,31,8,15,58,4
36217_0,159.0,482.0,82.0,49,24,17,2,65,4
36245_0,161.0,533.0,83.0,65,34,21,3,67,4
36303_0,155.0,428.0,85.0,8,24,18,2,78,4
36357_0,124.0,1071.0,77.0,918,31,19,6,58,4
36424_0,162.0,420.0,78.0,54,34,21,3,71,4
36429_0,82.0,1316.0,78.0,1638,32,13,15,55,4
36461_0,160.0,462.0,87.0,4,41,38,6,72,4
36473_0,144.0,603.0,88.0,412,34,23,3,74,4
36518_0,162.0,517.0,85.0,59,21,25,4,73,4
36573_0,152.0,843.0,83.0,290,41,23,5,70,4
36613_0,166.0,528.0,83.0,18,34,30,3,71,4
36647_0,150.0,516.0,89.0,1,34,27,4,69,4
36673_0,157.0,869.0,78.0,367,31,24,4,70,4
36744_0,105.0,1142.0,82.0,1102,22,19,13,55,4
36747_0,90.0,1009.0,73.0,1354,12,19,12,60,4
36749_0,121.0,1292.0,77.0,992,42,17,7,63,4
36811_0,68.0,657.0,65.0,1671,32,11,6,66,4
36812_0,146.0,573.0,88.0,411,22,29,4,73,4
36839_0,158.0,450.0,85.0,41,34,25,3,74,4
36850_0,165.0,499.0,84.0,16,34,32,4,71,4
36914_0,75.0,1209.0,75.0,1620,21,16,10,55,4
36937_0,37.0,983.0,59.0,2366,22,7,13,55,4
36967_0,91.0,433.0,64.0,1271,34,20,3,76,4
37010_0,164.0,532.0,79.0,124,24,24,2,71,4
37039_0,158.0,535.0,89.0,132,31,26,3,72,4
37078_0,161.0,525.0,85.0,74,34,20,2,69,4
37111_0,94.0,1199.0,79.0,1374,21,12,10,59,4
37139_0,147.0,713.0,92.0,14,34,28,3,71,4
37157_0,163.0,508.0,82.0,89,31,21,3,77,4
37175_0,165.0,486.0,84.0,11,24,42,5,73,4
37178_0,155.0,448.0,83.0,18,34,17,2,78,4
37261_0,164.0,610.0,86.0,51,34,19,3,69,4
37277_0,159.0,441.0,88.0,9,24,31,2,74,4
37369_0,166.0,544.0,79.0,85,24,20,2,74,4
37383_0,65.0,1319.0,76.0,1834,42,8,10,54,4
37433_0,164.0,544.0,78.0,153,22,20,2,68,4
37434_0,165.0,596.0,80.0,50,24,24,5,73,4
37623_0,165.0,779.0,77.0,215,31,26,2,72,4
37665_0,161.0,445.0,85.0,22,34,22,2,76,4
37683_0,165.0,646.0,84.0,39,24,22,3,71,4
37692_0,81.0,1045.0,73.0,1579,22,12,9,56,4
37743_0,119.0,1523.0,85.0,938,21,34,10,55,4
37783_0,59.0,1110.0,71.0,1830,32,8,13,58,4
37786_0,62.0,544.0,57.0,1832,32,5,10,61,4
37905_0,81.0,1074.0,74.0,1506,22,14,9,57,4
37935_0,155.0,401.0,84.0,5,34,21,17,75,4
37941_0,80.0,952.0,74.0,1427,22,12,9,61,4
37950_0,62.0,1257.0,74.0,1998,32,8,12,56,4
38012_0,163.0,560.0,82.0,53,24,20,3,71,4
38036_0,157.0,504.0,86.0,134,21,23,3,76,4
38142_0,149.0,826.0,91.0,277,31,24,3,65,4
38145_0,153.0,438.0,91.0,1,31,24,4,69,4
38150_0,161.0,591.0,82.0,37,34,23,3,74,4
38167_0,160.0,653.0,79.0,235,32,26,3,71,4
38210_0,148.0,998.0,82.0,415,32,21,5,60,4
38214_0,168.0,839.0,76.0,168,32,23,2,67,4
38218_0,57.0,819.0,59.0,1917,22,9,11,59,4
38227_0,93.0,1774.0,80.0,1721,21,15,12,54,4
38231_0,160.0,650.0,82.0,53,34,22,2,71,4
38348_0,127.0,1314.0,78.0,1300,22,19,9,65,4
38372_0,163.0,501.0,84.0,22,34,25,3,73,4
38377_0,161.0,541.0,82.0,28,24,40,4,77,4
38473_0,80.0,1074.0,76.0,1473,22,15,13,59,4
38483_0,165.0,495.0,83.0,12,34,41,4,76,4
38582_0,162.0,438.0,79.0,71,34,21,2,69,4
38673_0,57.0,1200.0,71.0,1880,22,8,16,55,4
38688_0,162.0,535.0,83.0,21,34,37,4,74,4
38698_0,157.0,402.0,83.0,15,24,25,3,72,4
38701_0,161.0,476.0,84.0,22,34,33,4,75,4
38732_0,159.0,422.0,81.0,38,24,20,2,75,4
38766_0,159.0,449.0,85.0,27,34,31,3,70,4
38873_0,146.0,874.0,82.0,576,21,18,5,57,4
38879_0,158.0,628.0,92.0,121,32,28,4,74,4
38963_0,82.0,1060.0,74.0,1493,41,12,10,54,4
38986_0,135.0,1226.0,79.0,797,31,23,7,55,4
38991_0,165.0,571.0,80.0,52,21,27,2,73,4
39034_0,87.0,1053.0,78.0,1437,21,13,10,52,4
39126_0,165.0,551.0,87.0,21,34,23,3,72,4
39148_0,141.0,989.0,81.0,695,22,20,6,58,4
39222_0,159.0,427.0,85.0,14,34,41,18,73,4
39288_0,70.0,1201.0,73.0,1757,42,10,18,57,4
39448_0,55.0,1187.0,70.0,2130,12,5,24,55,4
39465_0,97.0,865.0,78.0,1526,21,18,7,58,4
39540_0,161.0,585.0,82.0,33,24,38,23,76,4
39602_0,63.0,742.0,60.0,1760,34,15,9,61,4
39617_0,160.0,453.0,84.0,17,34,44,4,75,4
39660_0,70.0,1119.0,73.0,1780,32,8,12,58,4
39671_0,166.0,554.0,79.0,73,34,19,2,71,4
39742_0,157.0,462.0,87.0,53,34,38,4,72,4
39857_0,159.0,466.0,82.0,44,34,19,2,66,4
39858_0,109.0,1052.0,78.0,1098,21,17,7,62,4
39894_0,91.0,1754.0,79.0,1319,21,15,6,57,4
39909_0,78.0,1225.0,74.0,1549,41,12,10,57,4
39921_0,164.0,641.0,80.0,62,34,26,2,75,4
39995_0,162.0,499.0,89.0,35,31,23,2,75,4
40040_0,146.0,737.0,89.0,496,22,31,2,73,4
40043_0,133.0,1163.0,80.0,718,31,22,5,64,4
40092_0,70.0,783.0,67.0,1690,21,13,7,58,4
40100_0,142.0,1338.0,84.0,509,21,17,5,57,4
40148_0,161.0,513.0,84.0,52,34,18,3,66,4
40193_0,163.0,526.0,85.0,46,41,25,3,73,4
40217_0,156.0,439.0,83.0,23,24,17,2,77,4
40253_0,164.0,532.0,79.0,124,24,24,2,71,4
40279_0,63.0,719.0,62.0,1747,31,10,12,57,4
40328_0,105.0,1162.0,83.0,1080,42,16,12,56,4
40367_0,81.0,984.0,75.0,1586,22,12,10,56,4
40464_0,55.0,608.0,57.0,1967,31,7,9,59,4
40467_0,154.0,430.0,85.0,11,24,20,2,78,4
40483_0,149.0,673.0,90.0,33,21,25,2,74,4
40553_0,143.0,1138.0,81.0,730,31,22,7,55,4
40602_0,153.0,784.0,84.0,380,21,21,5,69,4
40607_0,95.0,1579.0,78.0,1582,21,16,15,56,4
40610_0,161.0,649.0,82.0,47,24,21,2,71,4
40617_0,162.0,508.0,83.0,20,34,40,5,76,4
40618_0,154.0,494.0,84.0,219,41,28,2,73,4
40629_0,70.0,1195.0,74.0,1833,21,5,17,55,4
40785_0,162.0,476.0,86.0,2,34,40,5,77,4
40810_0,97.0,916.0,74.0,1215,32,21,10,56,4
40838_0,162.0,586.0,83.0,117,21,16,3,67,4
40842_0,128.0,1328.0,84.0,818,22,27,11,54,4
40844_0,62.0,732.0,65.0,1836,22,11,15,56,4
40867_0,160.0,426.0,80.0,65,34,19,2,67,4
40872_0,76.0,1423.0,76.0,1749,42,9,10,56,4
40919_0,165.0,636.0,83.0,29,24,19,2,73,4
40993_0,158.0,394.0,84.0,11,34,23,2,74,4
41027_0,160.0,829.0,83.0,180,32,25,3,73,4
41042_0,159.0,394.0,83.0,18,34,24,2,71,4
41064_0,63.0,739.0,62.0,1854,31,13,18,57,4
41095_0,92.0,375.0,61.0,1272,34,16,2,78,4
41099_0,156.0,473.0,86.0,142,32,36,2,69,4
41180_0,77.0,890.0,72.0,1458,32,13,9,61,4
41262_0,157.0,437.0,85.0,10,24,27,2,72,4
41367_0,149.0,960.0,81.0,374,41,21,7,60,4
41398_0,144.0,632.0,89.0,389,41,27,4,73,4
41466_0,159.0,440.0,87.0,12,34,29,2,74,4
41580_0,161.0,737.0,80.0,99,31,22,2,68,4
41635_0,165.0,546.0,85.0,31,24,29,2,71,4
41643_0,79.0,967.0,74.0,1493,31,16,8,60,4
41700_0,169.0,879.0,76.0,148,34,24,2,73,4
41702_0,164.0,1096.0,79.0,255,24,25,2,72,4
41719_0,152.0,557.0,91.0,9,34,29,2,72,4
41720_0,157.0,482.0,86.0,101,24,29,4,71,4
41836_0,71.0,739.0,66.0,1604,41,9,8,58,4
41863_0,161.0,465.0,88.0,3,24,26,3,73,4
41886_0,104.0,1458.0,82.0,1211,22,23,11,53,4
41900_0,165.0,689.0,83.0,36,34,17,2,71,4
41908_0,69.0,543.0,59.0,1591,31,14,6,62,4
41922_0,158.0,454.0,87.0,53,34,25,2,73,4
41937_0,101.0,1677.0,79.0,1516,21,14,10,54,4
41943_0,117.0,1605.0,80.0,1200,21,20,9,55,4
42062_0,119.0,1479.0,83.0,679,41,15,5,56,4
42081_0,55.0,647.0,59.0,2031,22,6,6,56,4
42096_0,158.0,510.0,82.0,156,32,24,2,72,4
42118_0,148.0,597.0,90.0,123,32,34,4,71,4
42188_0,158.0,448.0,84.0,13,34,26,2,69,4
42249_0,154.0,442.0,84.0,19,34,27,2,77,4
42311_0,139.0,1239.0,80.0,685,21,21,5,66,4
42365_0,157.0,499.0,83.0,171,21,31,2,72,4
42387_0,162.0,505.0,84.0,45,34,19,2,70,4
42455_0,147.0,845.0,83.0,446,31,24,5,66,4
42466_0,162.0,502.0,90.0,35,24,29,2,73,4
42507_0,95.0,849.0,76.0,1239,41,18,10,56,4
42618_0,143.0,936.0,81.0,449,31,19,5,60,4
42727_0,162.0,675.0,85.0,92,32,24,2,72,4
42805_0,159.0,450.0,87.0,3,34,30,2,75,4
42820_0,162.0,528.0,84.0,79,31,26,2,69,4
42848_0,90.0,1111.0,76.0,1448,21,13,12,59,4
42877_0,150.0,1061.0,79.0,537,21,22,5,70,4
42920_0,164.0,483.0,84.0,7,34,37,4,73,4
42983_0,153.0,432.0,89.0,0,34,31,6,67,4
43091_0,144.0,933.0,80.0,659,22,18,6,60,4
43092_0,100.0,1441.0,78.0,1409,32,15,10,58,4
43110_0,153.0,957.0,78.0,411,41,26,5,68,4
43134_0,152.0,787.0,87.0,349,32,23,5,71,4
43172_0,79.0,928.0,72.0,1418,41,7,8,60,4
43238_0,58.0,804.0,59.0,1867,32,9,9,59,4
43246_0,55.0,676.0,60.0,1974,11,18,4,65,4
43261_0,116.0,1635.0,79.0,1153,22,20,9,58,4
43281_0,165.0,793.0,77.0,221,22,24,2,71,4
43282_0,64.0,992.0,63.0,1917,23,10,11,59,4
43333_0,157.0,599.0,94.0,31,34,29,2,75,4
43337_0,85.0,476.0,65.0,1381,32,19,2,73,4
43348_0,160.0,604.0,83.0,141,31,27,3,67,4
43422_0,157.0,864.0,72.0,423,22,21,2,71,4
43457_0,75.0,978.0,71.0,1494,32,11,9,56,4
43501_0,116.0,1494.0,79.0,1312,32,17,11,54,4
43634_0,161.0,477.0,84.0,29,34,35,4,73,4
43709_0,160.0,478.0,84.0,27,34,27,4,72,4
43810_0,163.0,482.0,87.0,43,22,25,4,70,4
43838_0,44.0,920.0,59.0,2145,32,10,14,55,4
43890_0,49.0,905.0,59.0,2072,32,7,12,57,4
43985_0,161.0,478.0,87.0,38,24,22,3,68,4
43998_0,73.0,855.0,69.0,1574,21,12,9,58,4
44029_0,149.0,808.0,86.0,366,22,21,5,62,4
44075_0,163.0,533.0,85.0,44,24,25,2,74,4
44122_0,63.0,1259.0,74.0,1967,32,7,16,59,4
44134_0,161.0,488.0,88.0,26,24,29,2,72,4
44204_0,163.0,473.0,85.0,7,34,41,4,78,4
44216_0,159.0,454.0,88.0,47,34,24,2,75,4
44218_0,163.0,543.0,81.0,58,24,21,2,70,4
44253_0,75.0,1260.0,75.0,1810,22,10,15,56,4
44310_0,153.0,977.0,84.0,270,32,25,4,69,4
44388_0,73.0,831.0,69.0,1571,24,16,7,65,4
44398_0,140.0,1194.0,83.0,635,31,23,5,60,4
44480_0,65.0,1140.0,65.0,1587,21,14,13,56,4
44483_0,166.0,630.0,85.0,29,24,30,3,76,4
44498_0,153.0,403.0,88.0,0,34,30,2,72,4
44546_0,57.0,1153.0,67.0,1888,31,10,18,58,4
44607_0,55.0,822.0,65.0,1984,32,9,20,58,4
44618_0,126.0,1503.0,84.0,798,22,23,7,58,4
44697_0,158.0,461.0,83.0,23,24,19,2,70,4
44928_0,158.0,438.0,86.0,28,24,32,2,73,4
44937_0,156.0,1052.0,84.0,323,22,22,5,70,4
45057_0,158.0,538.0,89.0,163,22,31,3,73,4
45120_0,158.0,457.0,86.0,45,34,28,4,71,4
45137_0,168.0,779.0,77.0,167,41,24,2,72,4
45164_0,163.0,458.0,85.0,6,34,28,2,75,4
45309_0,156.0,417.0,87.0,1,41,23,2,77,4
45327_0,158.0,430.0,88.0,5,34,35,2,75,4
45338_0,142.0,1146.0,85.0,519,32,24,6,65,4
45362_0,95.0,1755.0,79.0,1529,32,12,8,54,4
45445_0,160.0,436.0,80.0,64,24,24,3,66,4
45527_0,163.0,631.0,83.0,28,24,37,4,71,4
45533_0,156.0,339.0,84.0,-4,24,23,4,70,4
45583_0,72.0,1312.0,75.0,1840,22,11,13,57,4
45604_0,67.0,670.0,63.0,1685,22,15,9,60,4
45646_0,151.0,601.0,87.0,331,22,23,4,70,4
45649_0,123.0,1210.0,79.0,891,32,23,7,67,4
45663_0,87.0,1090.0,78.0,1459,41,9,13,54,4
45761_0,161.0,645.0,82.0,47,34,21,2,71,4
45786_0,163.0,627.0,85.0,60,32,22,2,74,4
45901_0,94.0,943.0,77.0,1205,31,14,9,55,4
45917_0,68.0,837.0,67.0,1646,22,12,8,56,4
45928_0,160.0,503.0,83.0,116,32,20,3,74,4
46039_0,139.0,1220.0,82.0,558,32,24,8,60,4
46118_0,163.0,537.0,80.0,171,31,25,2,71,4
46142_0,163.0,719.0,83.0,54,34,30,2,73,4
46181_0,145.0,1075.0,82.0,547,21,19,5,58,4
46184_0,74.0,677.0,67.0,1653,22,11,8,57,4
46259_0,161.0,445.0,85.0,28,34,26,2,76,4
46287_0,158.0,460.0,87.0,60,31,26,2,72,4
46307_0,162.0,541.0,82.0,37,24,25,2,74,4
46331_0,162.0,533.0,82.0,48,34,19,3,71,4
46421_0,157.0,420.0,86.0,1,34,25,2,74,4
46442_0,156.0,368.0,84.0,-8,41,31,5,74,4
46458_0,156.0,397.0,82.0,5,24,29,2,74,4
46501_0,62.0,915.0,63.0,1783,22,9,13,56,4
46504_0,158.0,478.0,84.0,173,22,33,2,74,4
46548_0,154.0,503.0,85.0,237,21,25,2,73,4
46549_0,159.0,429.0,86.0,18,24,36,2,72,4
46691_0,128.0,1226.0,81.0,871,21,25,9,54,4
46696_0,161.0,440.0,80.0,104,21,24,3,65,4
46743_0,154.0,515.0,92.0,5,34,29,2,74,4
46786_0,162.0,535.0,80.0,142,24,22,2,72,4
46902_0,160.0,414.0,81.0,46,21,22,2,75,4
46923_0,156.0,505.0,82.0,225,21,32,2,70,4
46934_0,161.0,504.0,87.0,60,21,26,3,72,4
46961_0,158.0,440.0,82.0,29,24,25,2,73,4
46964_0,162.0,556.0,82.0,37,21,29,4,73,4
47019_0,162.0,560.0,79.0,175,34,22,2,72,4
47043_0,159.0,400.0,82.0,19,24,28,3,73,4
47074_0,154.0,384.0,85.0,49,22,30,14,71,4
47175_0,163.0,784.0,82.0,85,41,24,2,73,4
47278_0,150.0,477.0,88.0,149,22,31,2,74,4
47351_0,166.0,564.0,77.0,137,21,18,2,72,4
47353_0,74.0,1004.0,73.0,1614,21,15,15,54,4
47478_0,60.0,635.0,61.0,1860,21,18,7,64,4
47480_0,164.0,680.0,79.0,191,31,20,2,69,4
47514_0,161.0,459.0,87.0,15,34,27,2,74,4
47555_0,163.0,551.0,85.0,64,21,25,2,76,4
47577_0,127.0,1476.0,82.0,817,32,18,10,57,4
47590_0,87.0,1006.0,78.0,1291,22,17,11,53,4
47594_0,157.0,478.0,85.0,180,21,38,2,69,4
47617_0,54.0,1141.0,70.0,2167,11,8,21,53,4
47662_0,152.0,426.0,88.0,15,34,27,2,74,4
47690_0,58.0,1121.0,63.0,1956,31,8,12,56,4
47695_0,162.0,819.0,82.0,107,31,20,3,73,4
47779_0,160.0,466.0,84.0,24,24,37,4,71,4
47791_0,76.0,915.0,73.0,1504,41,12,11,56,4
47848_0,161.0,478.0,86.0,31,31,17,2,70,4
47879_0,156.0,338.0,84.0,1,34,23,5,68,4
47922_0,66.0,1224.0,73.0,1884,32,8,18,55,4
47925_0,56.0,866.0,65.0,2124,11,9,10,57,4
47950_0,128.0,1354.0,81.0,884,22,23,6,57,4
47957_0,157.0,414.0,87.0,-1,34,30,2,77,4
47958_0,116.0,1545.0,79.0,1148,22,22,7,58,4
48039_0,79.0,376.0,53.0,1494,32,19,2,71,5
48095_0,61.0,696.0,58.0,1844,12,10,10,58,5
48107_0,165.0,719.0,84.0,39,41,26,2,72,5
48119_0,127.0,1361.0,78.0,1108,31,19,8,57,5
48149_0,160.0,564.0,79.0,203,34,25,2,73,5
48200_0,156.0,428.0,86.0,4,24,25,3,75,5
48214_0,165.0,642.0,78.0,204,21,25,2,71,5
48357_0,163.0,487.0,88.0,29,24,29,2,71,5
48373_0,96.0,1044.0,75.0,1255,41,20,5,68,5
48379_0,158.0,452.0,87.0,45,34,27,2,75,5
48429_0,57.0,769.0,60.0,1943,22,11,13,58,5
48434_0,162.0,487.0,88.0,28,34,28,2,73,5
48461_0,165.0,542.0,84.0,18,34,22,3,72,5
48487_0,163.0,604.0,84.0,84,22,25,2,75,5
48554_0,138.0,1206.0,79.0,938,22,21,7,58,5
48624_0,162.0,540.0,82.0,23,34,36,4,71,5
48647_0,152.0,976.0,84.0,361,31,23,6,69,5
48673_0,81.0,951.0,76.0,1398,31,8,10,63,5
48811_0,89.0,484.0,66.0,1332,32,20,4,69,5
48812_0,163.0,476.0,86.0,6,41,37,4,75,5
48856_0,90.0,1389.0,79.0,1518,22,12,13,55,5
48914_0,84.0,958.0,76.0,1397,41,13,12,56,5
48927_0,164.0,607.0,83.0,28,34,23,4,71,5
48967_0,163.0,509.0,87.0,36,24,29,2,73,5
49053_0,164.0,611.0,87.0,39,24,19,2,72,5
49208_0,85.0,463.0,63.0,1348,41,20,4,67,5
49217_0,163.0,623.0,85.0,67,31,21,3,70,5
49275_0,85.0,1062.0,75.0,1307,42,13,13,60,5
49277_0,153.0,486.0,91.0,2,34,24,4,69,5
49282_0,166.0,562.0,80.0,61,34,19,3,68,5
49320_0,165.0,585.0,84.0,28,24,23,2,69,5
49347_0,48.0,799.0,59.0,2008,22,9,19,55,5
49368_0,59.0,778.0,65.0,1971,32,10,15,58,5
49413_0,113.0,1572.0,82.0,959,32,23,10,56,5
49430_0,168.0,933.0,76.0,162,24,25,2,73,5
49491_0,76.0,1293.0,75.0,1696,32,13,17,59,5
49643_0,155.0,440.0,84.0,15,34,15,2,75,5
49650_0,163.0,568.0,92.0,38,34,28,3,73,5
49692_0,161.0,491.0,86.0,32,34,29,2,75,5
49701_0,158.0,495.0,87.0,113,34,24,2,72,5
49720_0,160.0,469.0,80.0,90,21,26,3,67,5
49730_0,157.0,405.0,84.0,13,34,30,3,70,5
49783_0,153.0,597.0,89.0,300,32,24,4,70,5
49791_0,164.0,661.0,79.0,65,34,26,2,73,5
49793_0,60.0,774.0,65.0,1783,32,11,21,56,5
49950_0,108.0,1649.0,80.0,1323,22,17,10,56,5
49978_0,63.0,699.0,61.0,1734,32,13,13,58,5
73_0,159.0,296.0,85.0,339,21,26,2,75,1
96_0,163.0,423.0,81.0,99,41,22,3,68,1
101_0,161.0,439.0,82.0,228,41,25,3,70,1
103_0,43.0,791.0,69.0,2445,21,9,7,57,1
177_0,168.0,336.0,80.0,87,34,24,2,72,1
180_0,171.0,193.0,80.0,61,34,21,2,78,1
217_0,169.0,189.0,82.0,53,24,33,2,79,1
218_0,87.0,682.0,80.0,1942,41,11,11,59,1
245_0,174.0,292.0,79.0,128,34,24,2,77,1
293_0,143.0,388.0,87.0,532,41,26,2,72,1
311_0,173.0,379.0,82.0,158,31,25,3,72,1
330_0,171.0,217.0,79.0,75,34,21,2,76,1
333_0,173.0,178.0,85.0,63,34,26,2,78,1
357_0,165.0,320.0,81.0,98,24,22,2,75,1
360_0,162.0,417.0,81.0,112,32,23,3,68,1
415_0,134.0,511.0,84.0,651,41,24,4,68,1
424_0,49.0,645.0,72.0,2501,31,5,8,59,1
427_0,153.0,380.0,86.0,532,22,28,3,68,1
428_0,177.0,272.0,79.0,149,24,24,2,77,1
439_0,131.0,583.0,87.0,862,21,22,3,71,1
455_0,115.0,1089.0,78.0,1362,31,21,5,67,1
457_0,175.0,217.0,76.0,98,34,22,4,74,1
468_0,170.0,287.0,81.0,461,31,26,2,69,1
469_0,164.0,364.0,81.0,66,24,26,3,69,1
483_0,167.0,190.0,81.0,125,24,28,6,75,1
573_0,157.0,524.0,82.0,302,21,26,4,67,1
586_0,164.0,322.0,86.0,65,34,23,2,71,1
621_0,141.0,499.0,87.0,687,21,26,2,69,1
633_0,139.0,400.0,85.0,542,12,28,2,72,1
647_0,147.0,311.0,83.0,522,21,23,2,74,1
651_0,-11.0,792.0,59.0,3652,22,11,0,60,1
668_0,102.0,802.0,80.0,1638,22,8,8,62,1
744_0,171.0,412.0,83.0,206,31,22,3,71,1
758_0,97.0,200.0,42.0,1675,34,10,1,79,1
761_0,67.0,254.0,40.0,2107,21,8,1,79,1
833_0,164.0,363.0,82.0,80,22,20,3,73,1
866_0,168.0,183.0,78.0,50,34,41,2,77,1
921_0,157.0,557.0,82.0,829,11,13,4,64,1
932_0,169.0,219.0,80.0,71,24,20,2,75,1
952_0,183.0,169.0,76.0,104,24,16,2,80,1
958_0,174.0,268.0,79.0,117,24,24,2,74,1
979_0,29.0,536.0,60.0,2753,32,8,9,61,1
1002_0,102.0,732.0,81.0,1602,23,18,8,54,1
1006_0,167.0,546.0,83.0,359,31,17,2,70,1
1022_0,165.0,290.0,82.0,40,24,25,2,78,1
1041_0,114.0,710.0,81.0,1499,31,17,7,61,1
1056_0,172.0,209.0,80.0,78,34,19,2,76,1
1084_0,161.0,459.0,81.0,307,21,18,2,69,1
1107_0,168.0,330.0,81.0,98,34,22,2,75,1
1113_0,166.0,238.0,82.0,28,41,31,7,70,1
1149_0,170.0,318.0,82.0,110,34,23,2,77,1
1160_0,166.0,205.0,79.0,182,32,28,2,73,1
1201_0,151.0,251.0,82.0,399,34,28,3,70,1
1254_0,166.0,321.0,81.0,109,34,21,2,76,1
1272_0,168.0,213.0,81.0,58,41,15,2,76,1
1275_0,133.0,545.0,81.0,1323,41,15,8,55,1
1320_0,176.0,243.0,77.0,126,34,24,2,75,1
1350_0,146.0,321.0,87.0,472,11,28,2,70,1
1396_0,163.0,386.0,80.0,180,31,27,2,71,1
1406_0,172.0,163.0,80.0,85,34,24,2,74,1
1413_0,127.0,634.0,87.0,903,21,23,6,71,1
1434_0,146.0,436.0,89.0,507,21,26,2,74,1
1444_0,165.0,227.0,83.0,32,34,21,2,74,1
1459_0,34.0,412.0,51.0,2701,32,11,11,59,1
1472_0,42.0,757.0,73.0,2666,21,4,9,53,1
1479_0,148.0,458.0,87.0,636,34,25,2,73,1
1496_0,173.0,159.0,78.0,91,34,23,2,78,1
1498_0,140.0,540.0,88.0,654,32,22,3,72,1
1511_0,163.0,357.0,84.0,79,31,20,4,74,1
1516_0,169.0,251.0,85.0,87,24,21,2,78,1
1586_0,143.0,494.0,87.0,807,32,21,2,78,1
1593_0,190.0,229.0,76.0,281,31,24,4,76,1
1594_0,170.0,239.0,84.0,87,24,18,2,78,1
1602_0,144.0,488.0,90.0,503,31,25,2,68,1
1662_0,149.0,423.0,85.0,679,32,26,0,73,1
1669_0,170.0,273.0,84.0,97,24,22,2,79,1
1743_0,72.0,784.0,76.0,2070,31,3,7,58,1
1793_0,150.0,275.0,89.0,322,31,32,2,72,1
1807_0,169.0,263.0,85.0,94,24,19,2,78,1
1883_0,143.0,490.0,88.0,613,41,22,2,71,1
1905_0,136.0,574.0,90.0,563,21,21,4,70,1
1941_0,139.0,498.0,88.0,653,31,26,3,71,1
1950_0,164.0,335.0,83.0,60,24,18,2,74,1
1953_0,170.0,241.0,81.0,79,41,19,2,81,1
1965_0,165.0,191.0,83.0,148,34,25,5,72,1
2055_0,166.0,229.0,79.0,48,34,19,3,78,1
2069_0,139.0,441.0,88.0,579,22,23,3,73,1
2102_0,151.0,330.0,92.0,301,31,26,2,72,1
2108_0,164.0,357.0,84.0,83,31,24,2,74,1
2124_0,169.0,213.0,82.0,66,34,17,2,78,1
2221_0,55.0,650.0,71.0,2336,32,9,10,59,1
2236_0,121.0,664.0,84.0,1053,21,22,5,69,1
2239_0,166.0,222.0,81.0,38,34,32,2,77,1
2270_0,43.0,704.0,73.0,2617,31,11,9,56,1
2318_0,177.0,223.0,79.0,129,24,24,3,74,1
2337_0,168.0,205.0,82.0,146,24,27,4,76,1
2342_0,164.0,373.0,80.0,65,31,22,2,72,1
2348_0,171.0,164.0,79.0,96,24,22,3,72,1
2360_0,166.0,301.0,79.0,103,34,25,3,76,1
2455_0,168.0,394.0,85.0,182,21,23,2,74,1
2473_0,182.0,264.0,77.0,286,21,26,3,74,1
2487_0,165.0,321.0,81.0,99,34,23,2,76,1
2507_0,63.0,563.0,72.0,2564,22,9,20,63,1
2517_0,163.0,349.0,79.0,67,21,22,2,70,1
2531_0,133.0,624.0,90.0,586,21,20,5,64,1
2536_0,171.0,173.0,80.0,84,34,24,2,81,1
2543_0,188.0,199.0,80.0,123,34,20,2,78,1
2576_0,170.0,374.0,83.0,138,34,27,4,74,1
2609_0,170.0,399.0,82.0,251,21,19,3,72,1
2613_0,170.0,374.0,82.0,143,34,24,2,72,1
2619_0,173.0,178.0,83.0,66,34,27,2,75,1
2651_0,163.0,396.0,81.0,80,34,20,3,74,1
2732_0,144.0,472.0,89.0,498,31,22,2,70,1
2754_0,170.0,213.0,84.0,72,34,19,3,76,1
2755_0,172.0,386.0,81.0,189,32,26,2,69,1
2873_0,165.0,271.0,86.0,379,22,32,2,65,1
2928_0,144.0,475.0,87.0,649,34,21,2,71,1
2955_0,186.0,175.0,79.0,102,34,19,2,80,1
2998_0,35.0,600.0,67.0,2920,32,6,10,54,1
3000_0,149.0,288.0,80.0,494,32,25,2,60,1
3014_0,171.0,309.0,83.0,101,34,28,2,73,1
3035_0,149.0,443.0,89.0,616,34,27,2,72,1
3115_0,171.0,184.0,82.0,61,24,17,2,78,1
3169_0,154.0,361.0,86.0,432,32,28,3,70,1
3187_0,102.0,1072.0,78.0,1706,21,18,8,66,1
3222_0,172.0,171.0,81.0,59,34,27,2,78,1
3244_0,169.0,379.0,83.0,149,34,20,3,71,1
3272_0,162.0,409.0,80.0,106,21,19,4,70,1
3284_0,169.0,265.0,81.0,90,24,25,1,76,1
3288_0,165.0,337.0,80.0,99,34,22,3,70,1
3315_0,169.0,193.0,79.0,140,34,24,2,81,1
3323_0,148.0,295.0,85.0,322,31,33,3,72,1
3366_0,153.0,391.0,86.0,585,32,21,2,74,1
3412_0,171.0,344.0,83.0,123,34,27,2,75,1
3413_0,171.0,301.0,80.0,117,24,23,2,75,1
3431_0,151.0,463.0,80.0,983,31,14,4,63,1
3458_0,162.0,420.0,81.0,139,41,30,2,70,1
3540_0,142.0,508.0,88.0,606,22,25,2,71,1
3601_0,164.0,372.0,81.0,89,34,23,2,69,1
3658_0,169.0,174.0,79.0,83,34,25,2,79,1
3692_0,149.0,277.0,83.0,259,41,28,3,72,1
3827_0,44.0,552.0,67.0,2616,31,7,14,56,1
3851_0,172.0,290.0,79.0,117,24,23,3,72,1
3858_0,146.0,454.0,91.0,95,31,23,2,74,1
3884_0,56.0,678.0,72.0,2250,22,6,9,59,1
3886_0,121.0,1014.0,78.0,1223,31,13,5,64,1
3896_0,151.0,293.0,81.0,467,22,25,2,73,1
3912_0,145.0,483.0,89.0,498,12,19,4,69,1
3921_0,157.0,334.0,87.0,481,21,32,2,62,1
3941_0,45.0,496.0,65.0,2574,41,10,10,64,1
3973_0,25.0,683.0,65.0,2838,31,5,9,58,1
3975_0,0.0,680.0,58.0,3370,31,11,0,60,1
3991_0,164.0,191.0,82.0,89,24,29,2,74,1
4023_0,171.0,223.0,81.0,78,34,18,2,72,1
4026_0,167.0,238.0,81.0,66,34,16,2,75,1
4058_0,149.0,411.0,88.0,478,21,23,2,73,1
4092_0,140.0,473.0,85.0,821,22,22,3,71,1
4094_0,113.0,1119.0,78.0,1353,21,18,8,62,1
4215_0,163.0,369.0,81.0,84,21,22,3,74,1
4238_0,147.0,310.0,78.0,896,42,15,3,67,1
4308_0,150.0,211.0,88.0,153,22,23,3,75,1
4313_0,162.0,603.0,83.0,515,21,15,2,69,1
4317_0,50.0,420.0,57.0,2439,22,12,7,67,1
4337_0,145.0,463.0,89.0,480,31,25,2,73,1
4345_0,166.0,198.0,80.0,61,24,32,2,78,1
4404_0,127.0,917.0,81.0,1079,31,15,6,58,1
4438_0,174.0,175.0,79.0,88,24,24,2,77,1
4449_0,141.0,253.0,86.0,268,31,26,2,73,1
4453_0,160.0,614.0,83.0,507,21,23,3,74,1
4508_0,171.0,296.0,82.0,115,24,24,2,76,1
4584_0,174.0,164.0,78.0,145,31,22,2,79,1
4602_0,168.0,215.0,82.0,59,34,18,2,76,1
4622_0,154.0,657.0,82.0,621,31,13,4,58,1
4640_0,170.0,311.0,84.0,102,34,20,2,75,1
4685_0,145.0,459.0,87.0,559,41,28,2,73,1
4706_0,27.0,692.0,68.0,2845,32,4,10,59,1
4708_0,75.0,245.0,41.0,2004,31,12,2,80,1
4738_0,118.0,686.0,87.0,1203,21,20,0,71,1
4743_0,114.0,526.0,80.0,1352,31,11,4,65,1
4816_0,163.0,274.0,86.0,356,32,27,2,62,1
4867_0,183.0,262.0,81.0,352,31,25,42,73,1
4898_0,151.0,319.0,78.0,949,31,14,3,70,1
4923_0,142.0,292.0,89.0,406,21,26,2,72,1
4950_0,60.0,465.0,62.0,2269,32,15,5,72,1
4954_0,179.0,296.0,80.0,470,31,23,2,74,1
4989_0,77.0,1023.0,77.0,1911,21,8,10,58,1
5011_0,145.0,331.0,80.0,1014,22,16,3,68,1
5022_0,176.0,220.0,81.0,199,34,29,4,75,1
5025_0,139.0,435.0,83.0,719,21,22,2,73,1
5027_0,173.0,170.0,82.0,57,24,38,3,75,1
5028_0,170.0,370.0,85.0,145,31,20,2,72,1
5030_0,61.0,384.0,57.0,2258,22,16,3,71,1
5042_0,176.0,167.0,84.0,77,34,30,2,78,1
5053_0,163.0,382.0,80.0,61,41,21,3,70,1
5064_0,52.0,817.0,72.0,2347,21,4,8,56,1
5098_0,173.0,171.0,77.0,90,24,23,2,78,1
5120_0,153.0,597.0,82.0,373,22,26,4,62,1
5121_0,172.0,159.0,78.0,78,34,26,2,75,1
5125_0,141.0,794.0,82.0,865,21,14,5,58,1
5129_0,185.0,163.0,78.0,122,24,25,2,77,1
5138_0,139.0,451.0,91.0,174,22,32,2,76,1
5146_0,148.0,407.0,91.0,508,11,27,2,70,1
5165_0,166.0,222.0,81.0,43,24,23,2,76,1
5211_0,171.0,243.0,80.0,90,24,19,2,74,1
5226_0,151.0,335.0,96.0,249,34,25,2,74,1
5268_0,177.0,191.0,79.0,145,24,26,3,79,1
5292_0,173.0,185.0,84.0,139,21,23,2,76,1
5376_0,171.0,216.0,79.0,75,34,18,2,75,1
5380_0,172.0,180.0,80.0,74,34,32,2,78,1
5386_0,154.0,233.0,80.0,346,31,23,2,76,1
5398_0,178.0,193.0,75.0,180,24,26,4,76,1
5414_0,187.0,245.0,79.0,354,21,21,2,75,1
5470_0,132.0,590.0,86.0,908,31,22,2,74,1
5501_0,148.0,242.0,89.0,195,34,25,3,72,1
5503_0,162.0,652.0,83.0,749,22,21,5,70,1
5544_0,178.0,224.0,79.0,151,34,27,2,77,1
5568_0,186.0,173.0,78.0,108,24,23,2,81,1
5572_0,163.0,278.0,85.0,330,22,28,3,74,1
5613_0,152.0,343.0,95.0,270,21,23,2,77,1
5635_0,91.0,1008.0,80.0,1721,31,7,7,55,1
5638_0,72.0,893.0,78.0,2144,21,9,12,59,1
5641_0,163.0,194.0,79.0,111,34,26,2,74,1
5676_0,144.0,520.0,91.0,103,41,27,2,71,1
5716_0,174.0,179.0,82.0,137,34,25,3,76,1
5731_0,52.0,367.0,52.0,2316,21,13,2,77,1
5763_0,106.0,872.0,80.0,1601,21,8,8,63,1
5769_0,183.0,159.0,76.0,118,24,22,2,81,1
5770_0,163.0,348.0,79.0,58,24,24,2,76,1
5821_0,164.0,396.0,80.0,70,41,22,3,67,1
5837_0,49.0,351.0,49.0,2432,22,11,4,75,1
5838_0,170.0,184.0,81.0,59,34,41,3,74,1
5863_0,162.0,390.0,83.0,155,21,24,2,71,1
5890_0,137.0,563.0,90.0,685,42,25,3,70,1
5908_0,94.0,983.0,77.0,1658,22,7,5,61,1
5980_0,162.0,417.0,83.0,149,21,33,42,71,1
6114_0,62.0,851.0,77.0,2325,21,3,7,54,1
6131_0,177.0,209.0,81.0,164,34,24,3,80,1
6137_0,175.0,251.0,80.0,116,24,22,2,77,1
6188_0,163.0,443.0,82.0,259,31,22,3,66,1
6232_0,146.0,463.0,88.0,586,21,28,2,70,1
6245_0,70.0,896.0,77.0,2073,41,5,8,56,1
6249_0,152.0,661.0,81.0,346,31,24,4,70,1
6271_0,130.0,953.0,81.0,978,21,20,5,60,1
6306_0,95.0,706.0,81.0,1871,31,11,13,56,1
6319_0,168.0,182.0,77.0,61,34,32,2,77,1
6330_0,165.0,320.0,81.0,103,24,22,2,77,1
6351_0,169.0,255.0,81.0,322,31,23,1,79,1
6363_0,167.0,323.0,82.0,118,24,23,4,69,1
6387_0,161.0,435.0,81.0,244,21,28,6,65,1
6418_0,178.0,244.0,78.0,163,24,26,2,74,1
6440_0,133.0,604.0,90.0,742,31,22,3,70,1
6455_0,173.0,212.0,80.0,80,24,19,2,78,1
6486_0,169.0,180.0,77.0,81,34,29,2,77,1
6551_0,167.0,323.0,82.0,115,34,22,4,69,1
6561_0,178.0,287.0,81.0,169,34,26,2,75,1
6571_0,68.0,627.0,72.0,2205,21,10,4,70,1
6590_0,165.0,303.0,82.0,36,24,20,2,74,1
6618_0,149.0,242.0,86.0,208,22,28,2,74,1
6620_0,148.0,445.0,91.0,331,34,21,2,70,1
6681_0,83.0,943.0,76.0,1799,21,16,10,67,1
6685_0,186.0,180.0,77.0,92,34,22,4,73,1
6714_0,162.0,426.0,81.0,103,41,21,2,69,1
6727_0,158.0,441.0,81.0,796,31,17,3,70,1
6743_0,160.0,442.0,82.0,247,31,27,38,59,1
6784_0,165.0,296.0,84.0,36,41,22,2,75,1
6786_0,168.0,182.0,78.0,74,34,31,2,77,1
6818_0,90.0,905.0,81.0,1820,21,6,8,56,1
6848_0,171.0,345.0,83.0,118,34,22,2,74,1
6861_0,161.0,470.0,81.0,299,32,23,3,64,1
6866_0,163.0,389.0,80.0,67,41,19,3,69,1
6884_0,164.0,190.0,82.0,124,34,24,2,74,1
6896_0,163.0,382.0,81.0,86,22,20,2,67,1
6899_0,165.0,256.0,82.0,26,24,36,5,70,1
6920_0,139.0,480.0,90.0,273,11,32,3,74,1
6964_0,171.0,163.0,80.0,82,34,22,2,74,1
6978_0,171.0,212.0,82.0,73,24,19,2,78,1
7017_0,178.0,273.0,79.0,161,21,24,3,72,1
7047_0,149.0,672.0,82.0,620,11,22,3,68,1
7060_0,190.0,195.0,77.0,162,34,20,2,78,1
7134_0,150.0,410.0,85.0,528,32,28,2,75,1
7159_0,184.0,197.0,81.0,111,24,25,2,80,1
7171_0,166.0,243.0,81.0,28,24,34,3,70,1
7199_0,182.0,256.0,79.0,206,31,25,16,72,1
7213_0,181.0,248.0,80.0,227,31,28,2,75,1
7348_0,176.0,273.0,79.0,138,24,24,3,77,1
7363_0,169.0,211.0,81.0,61,24,21,2,76,1
7442_0,147.0,441.0,91.0,388,41,24,2,70,1
7444_0,162.0,389.0,80.0,101,22,20,2,68,1
7457_0,142.0,496.0,86.0,713,24,23,2,60,1
7481_0,179.0,248.0,80.0,287,21,30,39,75,1
7496_0,63.0,829.0,77.0,2374,21,2,7,56,1
7510_0,143.0,451.0,80.0,995,32,14,3,69,1
7525_0,165.0,311.0,83.0,40,34,19,2,75,1
7563_0,159.0,235.0,80.0,204,31,24,3,72,1
7578_0,171.0,174.0,80.0,108,24,28,4,74,1
7634_0,172.0,177.0,84.0,56,34,40,3,76,1
7663_0,176.0,313.0,79.0,174,34,22,2,68,1
7675_0,186.0,199.0,79.0,229,21,22,1,78,1
7676_0,144.0,476.0,88.0,630,34,28,2,77,1
7698_0,186.0,254.0,78.0,361,31,23,1,74,1
7702_0,185.0,167.0,80.0,114,24,27,2,80,1
7712_0,152.0,260.0,81.0,385,32,27,2,74,1
7720_0,177.0,282.0,79.0,188,11,23,2,77,1
7724_0,152.0,241.0,79.0,371,32,24,2,75,1
7732_0,173.0,174.0,80.0,92,24,32,2,76,1
7770_0,143.0,603.0,92.0,307,31,23,2,69,1
7793_0,170.0,322.0,84.0,113,24,22,2,78,1
7810_0,119.0,707.0,83.0,1382,32,14,7,58,1
7822_0,165.0,623.0,84.0,501,31,14,2,68,1
7826_0,106.0,682.0,81.0,1651,21,11,8,59,1
7841_0,161.0,432.0,80.0,260,21,30,2,62,1
7856_0,150.0,456.0,88.0,526,41,26,2,71,1
7879_0,73.0,259.0,43.0,2043,41,14,2,77,1
7883_0,172.0,348.0,80.0,193,31,26,4,74,1
7960_0,51.0,836.0,74.0,2458,22,4,7,55,1
7998_0,187.0,190.0,82.0,105,34,24,2,80,1
8005_0,160.0,212.0,81.0,227,34,26,2,78,1
8075_0,169.0,367.0,84.0,148,22,23,2,76,1
8079_0,152.0,639.0,82.0,463,31,15,4,68,1
8122_0,166.0,444.0,81.0,243,21,25,3,68,1
8146_0,151.0,277.0,89.0,258,41,23,2,73,1
8161_0,184.0,249.0,79.0,333,22,23,3,73,1
8248_0,176.0,169.0,79.0,82,24,30,2,77,1
8251_0,166.0,343.0,79.0,694,31,18,2,71,1
8253_0,171.0,255.0,81.0,98,24,23,2,78,1
8260_0,159.0,475.0,82.0,262,32,28,2,62,1
8263_0,170.0,270.0,82.0,93,24,22,4,71,1
8268_0,141.0,404.0,84.0,654,22,23,3,67,1
8283_0,158.0,296.0,87.0,348,42,28,2,73,1
8302_0,57.0,606.0,72.0,2416,32,6,10,57,1
8337_0,151.0,261.0,93.0,216,31,23,2,72,1
8343_0,41.0,511.0,61.0,2567,22,12,8,64,1
8348_0,170.0,229.0,81.0,75,24,21,2,75,1
8366_0,149.0,280.0,77.0,956,41,13,3,71,1
8374_0,169.0,409.0,83.0,183,22,25,2,73,1
8388_0,135.0,604.0,90.0,531,21,21,4,68,1
8444_0,169.0,195.0,79.0,56,41,21,2,77,1
8447_0,75.0,231.0,38.0,1985,34,9,1,81,1
8483_0,134.0,617.0,91.0,609,11,19,5,68,1
8487_0,53.0,658.0,74.0,2573,31,2,10,55,1
8516_0,173.0,168.0,81.0,57,24,32,2,76,1
8530_0,170.0,175.0,82.0,74,24,30,2,78,1
8546_0,174.0,203.0,79.0,87,34,23,2,79,1
8572_0,88.0,744.0,76.0,1710,22,8,10,64,1
8573_0,180.0,234.0,78.0,202,41,21,2,77,1
8637_0,166.0,221.0,81.0,46,34,19,2,77,1
8643_0,51.0,349.0,49.0,2381,21,11,2,78,1
8695_0,140.0,537.0,90.0,546,22,23,3,71,1
8715_0,135.0,982.0,82.0,893,21,13,5,61,1
8726_0,52.0,471.0,62.0,2387,31,15,5,67,1
8730_0,174.0,168.0,81.0,56,34,35,2,78,1
8732_0,181.0,258.0,78.0,430,32,26,2,66,1
8828_0,171.0,266.0,80.0,104,24,22,3,74,1
8847_0,163.0,396.0,79.0,66,31,19,4,69,1
8863_0,141.0,379.0,87.0,503,22,29,2,72,1
8898_0,165.0,267.0,84.0,277,31,25,2,72,1
8944_0,137.0,373.0,88.0,443,21,25,4,68,1
8981_0,67.0,949.0,76.0,2112,31,7,10,63,1
8982_0,118.0,921.0,82.0,1135,21,17,6,60,1
9099_0,163.0,589.0,83.0,496,22,16,2,67,1
9117_0,177.0,181.0,76.0,132,34,23,2,78,1
9147_0,146.0,754.0,82.0,732,22,14,4,63,1
9188_0,193.0,209.0,78.0,227,32,29,4,78,1
9221_0,145.0,389.0,88.0,430,41,29,3,72,1
9288_0,172.0,181.0,81.0,91,34,30,3,73,1
9308_0,141.0,500.0,86.0,755,21,29,3,62,1
9322_0,129.0,534.0,86.0,871,21,23,4,71,1
9326_0,163.0,193.0,79.0,118,24,26,2,78,1
9335_0,154.0,406.0,81.0,926,22,13,2,69,1
9338_0,173.0,545.0,82.0,368,31,16,3,69,1
9360_0,165.0,256.0,82.0,26,24,35,6,72,1
9362_0,131.0,894.0,82.0,1136,32,21,7,63,1
9402_0,190.0,204.0,77.0,185,34,24,3,78,1
9405_0,163.0,395.0,82.0,84,31,20,4,67,1
9423_0,164.0,279.0,82.0,39,24,30,2,74,1
9431_0,171.0,261.0,82.0,101,24,23,2,74,1
9441_0,141.0,531.0,89.0,593,31,21,3,68,1
9443_0,14.0,645.0,60.0,2945,32,6,10,55,1
9445_0,165.0,195.0,79.0,54,34,27,2,79,1
9455_0,168.0,197.0,80.0,182,21,30,3,74,1
9507_0,170.0,219.0,82.0,78,34,18,2,73,1
9514_0,170.0,284.0,83.0,96,41,19,2,81,1
9528_0,165.0,311.0,82.0,93,24,22,2,74,1
9533_0,165.0,238.0,84.0,33,34,23,2,76,1
9562_0,148.0,423.0,87.0,518,21,24,2,72,1
9566_0,71.0,882.0,78.0,2200,22,2,8,58,1
9584_0,170.0,269.0,83.0,93,24,20,2,76,1
9646_0,133.0,489.0,86.0,784,31,22,4,71,1
9727_0,170.0,195.0,80.0,61,34,22,2,78,1
9731_0,174.0,229.0,78.0,98,34,17,2,78,1
9775_0,136.0,515.0,85.0,921,22,24,5,73,1
9786_0,148.0,463.0,88.0,668,34,24,2,73,1
9842_0,160.0,465.0,82.0,268,21,28,6,59,1
9843_0,174.0,205.0,81.0,212,32,24,1,76,1
9858_0,174.0,166.0,86.0,57,24,28,3,77,1
9878_0,171.0,302.0,80.0,106,24,20,2,78,1
9924_0,180.0,263.0,80.0,361,31,22,2,72,1
9975_0,163.0,396.0,81.0,99,22,22,3,74,1
10036_0,153.0,373.0,86.0,495,21,32,3,67,1
10039_0,140.0,818.0,82.0,894,31,18,6,60,1
10043_0,167.0,283.0,81.0,91,34,22,1,76,1
10053_0,165.0,286.0,85.0,39,34,22,2,78,1
10060_0,141.0,708.0,82.0,1035,32,16,6,62,1
10063_0,142.0,495.0,87.0,583,31,24,2,73,1
10068_0,172.0,174.0,83.0,59,24,32,2,78,1
10082_0,130.0,630.0,89.0,828,22,16,3,66,1
10087_0,180.0,274.0,80.0,214,31,25,2,70,1
10095_0,170.0,230.0,83.0,256,31,29,2,73,1
10140_0,137.0,590.0,90.0,316,21,31,5,66,1
10152_0,154.0,233.0,80.0,339,41,22,2,73,1
10165_0,127.0,1040.0,81.0,980,21,19,5,68,1
10170_0,-5.0,689.0,56.0,3327,32,10,0,72,1
10178_0,164.0,360.0,81.0,77,31,24,3,70,1
10259_0,180.0,293.0,79.0,465,31,25,2,71,1
10261_0,175.0,151.0,78.0,88,34,34,2,74,1
10328_0,172.0,155.0,82.0,81,34,20,2,80,1
10359_0,166.0,223.0,83.0,203,34,18,0,80,1
10363_0,162.0,394.0,81.0,90,21,27,3,67,1
10419_0,149.0,704.0,82.0,555,32,12,3,62,1
10447_0,16.0,660.0,61.0,3036,31,7,8,57,1
10515_0,169.0,180.0,77.0,76,34,35,2,76,1
10562_0,170.0,253.0,81.0,86,34,21,2,79,1
10581_0,179.0,274.0,80.0,193,24,33,2,74,1
10631_0,9.0,595.0,57.0,3193,32,5,10,57,1
10640_0,157.0,371.0,87.0,553,31,25,2,79,1
10653_0,169.0,285.0,83.0,99,24,29,2,74,1
10688_0,145.0,294.0,89.0,272,21,26,2,71,1
10691_0,147.0,282.0,87.0,248,31,29,3,74,1
10717_0,147.0,743.0,83.0,620,32,14,4,61,1
10741_0,141.0,531.0,89.0,578,22,23,3,71,1
10750_0,144.0,453.0,94.0,237,41,28,3,66,1
10754_0,69.0,350.0,57.0,2111,24,19,3,80,1
10766_0,181.0,256.0,79.0,228,21,30,50,76,1
10782_0,172.0,175.0,82.0,69,34,22,1,81,1
10790_0,166.0,332.0,81.0,123,31,24,2,73,1
10819_0,169.0,236.0,84.0,81,34,17,2,77,1
10831_0,170.0,418.0,83.0,388,21,24,2,70,1
10849_0,149.0,567.0,93.0,111,31,26,4,71,1
10859_0,163.0,367.0,80.0,78,21,21,3,73,1
10864_0,179.0,258.0,78.0,340,21,27,40,74,1
10877_0,146.0,481.0,87.0,714,22,21,2,72,1
10964_0,143.0,393.0,83.0,659,12,27,2,72,1
10974_0,148.0,391.0,84.0,525,32,27,2,72,1
10986_0,165.0,422.0,81.0,239,21,32,3,61,1
11001_0,148.0,429.0,88.0,535,21,26,2,72,1
11049_0,129.0,634.0,89.0,882,22,22,4,72,1
11064_0,185.0,219.0,79.0,227,31,18,2,76,1
11074_0,150.0,445.0,89.0,483,31,22,2,73,1
11076_0,168.0,465.0,84.0,279,31,20,3,73,1
11105_0,146.0,444.0,85.0,609,32,24,2,71,1
11108_0,173.0,172.0,77.0,71,34,16,2,78,1
11127_0,172.0,178.0,84.0,57,34,30,2,77,1
11147_0,167.0,550.0,83.0,379,21,21,2,73,1
11175_0,167.0,211.0,83.0,168,24,25,2,78,1
11203_0,71.0,336.0,55.0,2123,31,13,3,78,1
11226_0,165.0,315.0,80.0,98,34,22,2,74,1
11264_0,164.0,316.0,81.0,39,24,20,3,70,1
11321_0,151.0,384.0,88.0,393,21,22,2,71,1
11362_0,153.0,367.0,80.0,1103,23,17,3,66,1
11365_0,179.0,307.0,80.0,382,22,25,1,63,1
11537_0,132.0,523.0,86.0,685,31,21,4,69,1
11554_0,166.0,217.0,78.0,45,24,23,2,77,1
11577_0,135.0,874.0,82.0,907,21,14,4,62,1
11579_0,83.0,244.0,46.0,1921,32,13,2,80,1
11590_0,146.0,296.0,88.0,322,21,32,2,64,1
11592_0,170.0,216.0,81.0,212,21,25,2,75,1
11603_0,169.0,261.0,83.0,82,34,29,2,77,1
11677_0,47.0,891.0,74.0,2472,22,3,23,54,1
11688_0,171.0,198.0,83.0,64,34,20,2,74,1
11738_0,49.0,594.0,71.0,2589,21,5,8,58,1
11780_0,157.0,412.0,80.0,881,41,15,4,67,1
11799_0,134.0,926.0,81.0,910,21,18,5,67,1
11815_0,42.0,612.0,67.0,2540,31,7,9,58,1
11833_0,189.0,212.0,79.0,230,21,24,1,78,1
11848_0,169.0,417.0,84.0,205,21,21,3,73,1
11884_0,148.0,436.0,86.0,594,34,30,2,77,1
11888_0,168.0,246.0,84.0,296,31,29,3,72,1
11922_0,166.0,257.0,84.0,320,32,27,2,73,1
11925_0,139.0,553.0,90.0,474,31,21,3,71,1
11957_0,172.0,265.0,79.0,99,34,23,2,78,1
11963_0,170.0,348.0,82.0,125,34,23,2,76,1
12003_0,78.0,234.0,40.0,2018,22,16,2,79,2
12008_0,141.0,528.0,88.0,591,41,26,2,70,2
12017_0,59.0,314.0,48.0,2224,31,14,2,81,2
12035_0,173.0,160.0,78.0,96,24,22,2,76,2
12063_0,147.0,263.0,89.0,219,31,27,2,73,2
12070_0,137.0,897.0,83.0,893,22,24,7,60,2
12092_0,60.0,951.0,75.0,2196,21,4,12,55,2
12101_0,47.0,351.0,48.0,2458,21,10,2,78,2
12103_0,81.0,986.0,80.0,1910,22,8,9,57,2
12135_0,174.0,167.0,86.0,57,24,37,2,77,2
12169_0,128.0,806.0,82.0,1183,22,15,6,62,2
12173_0,177.0,291.0,78.0,151,34,22,2,79,2
12218_0,171.0,233.0,81.0,86,34,23,2,79,2
12290_0,182.0,212.0,79.0,261,31,25,1,78,2
12303_0,153.0,611.0,83.0,357,21,22,3,68,2
12318_0,170.0,283.0,83.0,95,24,21,2,78,2
12346_0,143.0,509.0,91.0,445,41,23,2,70,2
12373_0,146.0,463.0,87.0,662,31,24,2,74,2
12379_0,168.0,248.0,82.0,80,41,22,2,78,2
12410_0,162.0,564.0,83.0,354,31,24,2,70,2
12426_0,182.0,226.0,80.0,296,22,20,1,80,2
12427_0,163.0,400.0,81.0,202,22,27,4,63,2
12439_0,164.0,361.0,80.0,93,24,19,2,72,2
12468_0,164.0,328.0,84.0,66,21,22,2,72,2
12500_0,73.0,698.0,78.0,2240,22,10,9,57,2
12573_0,167.0,635.0,83.0,548,32,19,3,71,2
12578_0,161.0,438.0,80.0,112,41,22,2,69,2
12586_0,145.0,457.0,86.0,593,31,24,2,70,2
12651_0,65.0,377.0,58.0,2153,31,16,2,78,2
12673_0,99.0,595.0,80.0,1780,22,15,10,57,2
12733_0,172.0,343.0,81.0,174,31,26,4,71,2
12749_0,172.0,267.0,79.0,101,34,27,3,74,2
12758_0,96.0,960.0,81.0,1688,21,11,8,56,2
12761_0,151.0,387.0,88.0,403,31,24,2,74,2
12774_0,144.0,487.0,89.0,496,42,24,3,74,2
12796_0,183.0,188.0,79.0,196,31,26,2,76,2
12856_0,163.0,389.0,82.0,100,21,21,3,75,2
12868_0,143.0,478.0,88.0,685,22,23,2,71,2
12908_0,172.0,234.0,81.0,87,24,18,2,74,2
12952_0,166.0,214.0,82.0,48,24,21,2,79,2
12970_0,165.0,258.0,83.0,27,24,27,2,74,2
13010_0,189.0,253.0,77.0,343,22,21,40,74,2
13035_0,138.0,550.0,89.0,661,21,16,3,68,2
13042_0,155.0,694.0,84.0,602,32,24,5,69,2
13068_0,175.0,195.0,76.0,102,34,24,4,75,2
13090_0,162.0,268.0,84.0,278,34,24,0,76,2
13107_0,140.0,542.0,89.0,716,41,18,1,75,2
13113_0,170.0,427.0,82.0,312,31,21,2,72,2
13142_0,70.0,965.0,77.0,2048,31,6,10,56,2
13145_0,167.0,533.0,83.0,417,21,17,2,72,2
13146_0,164.0,242.0,82.0,299,31,26,2,71,2
13157_0,170.0,212.0,84.0,74,24,20,2,74,2
13160_0,170.0,391.0,84.0,154,34,23,4,73,2
13194_0,179.0,215.0,83.0,162,34,25,3,78,2
13208_0,178.0,322.0,80.0,199,34,22,2,69,2
13219_0,144.0,397.0,88.0,23,21,21,4,74,2
13250_0,103.0,831.0,81.0,1577,31,15,9,59,2
13254_0,173.0,193.0,80.0,180,34,30,3,77,2
13355_0,153.0,363.0,89.0,373,31,33,2,72,2
13393_0,163.0,442.0,82.0,827,32,15,4,64,2
13396_0,139.0,858.0,83.0,685,31,22,5,68,2
13402_0,175.0,151.0,78.0,87,34,19,2,78,2
13413_0,164.0,325.0,81.0,61,24,30,2,73,2
13433_0,171.0,162.0,80.0,90,24,23,2,77,2
13470_0,144.0,474.0,90.0,462,21,19,2,72,2
13483_0,155.0,707.0,84.0,799,11,15,4,64,2
13496_0,3.0,689.0,59.0,3292,21,9,0,62,2
13570_0,160.0,435.0,82.0,206,21,21,2,73,2
13586_0,180.0,283.0,79.0,297,31,32,2,74,2
13593_0,181.0,269.0,79.0,271,22,28,2,72,2
13623_0,166.0,411.0,80.0,675,31,18,3,67,2
13642_0,55.0,723.0,75.0,2508,31,4,14,55,2
13643_0,161.0,235.0,82.0,304,22,28,2,75,2
13670_0,150.0,370.0,91.0,378,31,33,2,63,2
13688_0,136.0,540.0,80.0,1375,32,13,5,67,2
13692_0,171.0,309.0,82.0,113,34,22,2,77,2
13740_0,168.0,346.0,83.0,126,21,24,2,70,2
13795_0,172.0,173.0,82.0,61,24,24,2,77,2
13805_0,178.0,301.0,78.0,463,21,19,2,74,2
13825_0,157.0,551.0,82.0,301,21,22,4,69,2
13839_0,187.0,238.0,80.0,336,21,28,2,75,2
13864_0,140.0,850.0,82.0,866,21,20,5,66,2
13905_0,172.0,170.0,80.0,64,24,27,1,78,2
13965_0,173.0,181.0,81.0,121,22,22,2,75,2
13971_0,166.0,264.0,79.0,61,34,19,2,73,2
13983_0,98.0,1016.0,81.0,1431,41,10,7,59,2
14034_0,171.0,210.0,83.0,220,21,22,2,75,2
14057_0,165.0,556.0,82.0,392,21,16,2,69,2
14210_0,170.0,291.0,82.0,101,41,26,2,75,2
14214_0,156.0,549.0,82.0,339,31,21,2,71,2
14231_0,163.0,416.0,82.0,102,21,22,4,68,2
14236_0,160.0,601.0,82.0,581,31,20,3,74,2
14319_0,163.0,399.0,81.0,178,21,32,4,60,2
14344_0,157.0,547.0,82.0,452,21,17,2,65,2
14377_0,147.0,444.0,86.0,612,34,27,0,73,2
14389_0,149.0,355.0,86.0,588,22,26,2,73,2
14406_0,177.0,245.0,78.0,143,24,27,2,79,2
14447_0,151.0,339.0,82.0,583,21,29,3,71,2
14471_0,152.0,385.0,85.0,525,11,24,2,76,2
14473_0,52.0,441.0,60.0,2375,21,12,8,62,2
14474_0,170.0,291.0,82.0,106,34,28,2,76,2
14519_0,166.0,252.0,83.0,314,31,32,2,71,2
14522_0,43.0,825.0,73.0,2540,21,2,13,53,2
14531_0,147.0,297.0,88.0,295,32,31,3,72,2
14536_0,186.0,205.0,78.0,140,34,24,3,78,2
14576_0,138.0,430.0,85.0,699,21,27,2,71,2
14585_0,175.0,166.0,86.0,56,24,34,2,77,2
14609_0,161.0,199.0,79.0,162,34,30,2,72,2
14629_0,165.0,255.0,82.0,28,34,26,3,75,2
14651_0,86.0,255.0,49.0,1859,31,14,1,79,2
14655_0,178.0,165.0,82.0,86,34,34,2,77,2
14673_0,166.0,341.0,80.0,126,21,23,5,70,2
14698_0,165.0,225.0,84.0,202,34,23,1,78,2
14751_0,157.0,582.0,83.0,732,31,15,3,70,2
14755_0,170.0,199.0,84.0,67,24,22,2,79,2
14802_0,164.0,309.0,84.0,56,34,25,2,74,2
14816_0,191.0,189.0,80.0,162,31,24,1,77,2
14873_0,165.0,297.0,81.0,88,34,24,2,77,2
14876_0,171.0,422.0,81.0,232,31,22,2,70,2
14879_0,72.0,259.0,43.0,2032,32,11,2,81,2
14928_0,172.0,179.0,85.0,56,34,36,3,75,2
14932_0,160.0,593.0,83.0,482,32,13,3,66,2
14955_0,184.0,265.0,78.0,370,21,25,2,76,2
14973_0,166.0,350.0,80.0,137,34,24,48,67,2
14974_0,172.0,180.0,81.0,90,34,29,2,76,2
14982_0,171.0,196.0,83.0,66,24,19,3,77,2
14993_0,165.0,238.0,86.0,218,34,27,3,77,2
14996_0,142.0,837.0,83.0,557,31,21,5,69,2
14998_0,145.0,458.0,89.0,430,32,23,2,72,2
15002_0,84.0,789.0,78.0,1819,31,6,7,58,2
15003_0,163.0,360.0,78.0,73,21,21,4,68,2
15034_0,63.0,829.0,77.0,2251,31,2,7,54,2
15065_0,166.0,456.0,82.0,246,31,24,2,69,2
15082_0,164.0,337.0,81.0,72,24,19,4,69,2
15115_0,146.0,453.0,92.0,423,21,23,2,72,2
15126_0,165.0,333.0,82.0,98,21,21,2,70,2
15148_0,150.0,372.0,84.0,530,21,25,2,71,2
15206_0,165.0,311.0,85.0,55,24,21,3,71,2
15210_0,185.0,167.0,80.0,115,24,26,2,79,2
15238_0,164.0,330.0,79.0,728,22,21,2,70,2
15272_0,164.0,249.0,86.0,244,34,19,2,77,2
15288_0,165.0,361.0,79.0,151,21,24,50,70,2
15307_0,40.0,833.0,70.0,2562,21,10,11,58,2
15314_0,190.0,217.0,77.0,239,41,22,2,75,2
15315_0,24.0,745.0,67.0,2897,31,3,9,53,2
15349_0,169.0,525.0,83.0,363,22,20,3,70,2
15366_0,182.0,172.0,77.0,153,34,24,4,76,2
15372_0,154.0,355.0,85.0,537,21,30,2,75,2
15418_0,136.0,508.0,87.0,683,31,26,3,69,2
15447_0,171.0,187.0,80.0,163,24,28,2,70,2
15576_0,161.0,441.0,82.0,258,21,24,3,61,2
15599_0,36.0,662.0,69.0,2645,22,7,10,58,2
15617_0,123.0,660.0,81.0,1335,21,18,7,60,2
15643_0,179.0,285.0,79.0,410,22,23,3,74,2
15660_0,175.0,205.0,76.0,92,24,22,2,75,2
15671_0,145.0,468.0,87.0,529,22,25,2,72,2
15688_0,163.0,365.0,79.0,62,21,21,3,68,2
15692_0,185.0,161.0,78.0,127,41,19,1,79,2
15773_0,176.0,184.0,80.0,195,34,18,2,80,2
15819_0,170.0,410.0,83.0,169,31,24,4,74,2
15853_0,107.0,1049.0,80.0,1408,21,15,6,56,2
15858_0,164.0,311.0,86.0,53,24,21,2,75,2
15887_0,169.0,525.0,83.0,355,12,19,2,71,2
15902_0,167.0,253.0,79.0,77,24,23,2,74,2
15921_0,55.0,876.0,74.0,2426,21,3,7,56,2
15952_0,166.0,391.0,83.0,171,31,29,2,68,2
15954_0,148.0,444.0,86.0,676,31,22,2,75,2
15973_0,174.0,254.0,82.0,277,21,22,2,73,2
16010_0,149.0,281.0,91.0,214,34,25,2,75,2
16024_0,150.0,242.0,87.0,279,22,29,3,71,2
16028_0,132.0,633.0,91.0,659,11,21,6,59,2
16030_0,154.0,245.0,80.0,363,31,23,2,74,2
16077_0,180.0,236.0,79.0,262,21,27,40,74,2
16083_0,180.0,155.0,80.0,103,34,28,2,76,2
16122_0,135.0,870.0,81.0,911,31,15,5,58,2
16129_0,167.0,467.0,84.0,250,31,25,2,70,2
16147_0,154.0,252.0,78.0,324,41,26,2,71,2
16149_0,165.0,290.0,80.0,75,34,21,2,75,2
16156_0,72.0,627.0,75.0,2181,31,9,9,63,2
16190_0,50.0,638.0,69.0,2392,32,7,22,54,2
16253_0,169.0,252.0,81.0,88,24,22,2,76,2
16329_0,169.0,286.0,86.0,346,31,25,3,67,2
16335_0,-1.0,790.0,61.0,3364,32,7,12,60,2
16337_0,180.0,263.0,80.0,336,41,22,2,77,2
16395_0,172.0,175.0,83.0,59,34,28,2,78,2
16401_0,142.0,494.0,87.0,505,41,23,0,75,2
16410_0,73.0,236.0,39.0,1985,41,12,1,82,2
16449_0,170.0,196.0,83.0,125,34,25,3,73,2
16454_0,147.0,437.0,86.0,578,32,27,2,73,2
16508_0,164.0,413.0,82.0,222,21,28,41,62,2
16541_0,179.0,291.0,79.0,181,41,20,2,75,2
16553_0,82.0,343.0,63.0,1930,32,11,2,76,2
16562_0,176.0,176.0,83.0,130,34,33,2,78,2
16606_0,172.0,160.0,78.0,82,24,32,2,76,2
16609_0,146.0,438.0,88.0,577,21,25,2,70,2
16614_0,148.0,315.0,80.0,473,21,28,2,71,2
16706_0,164.0,324.0,79.0,41,34,23,2,71,2
16738_0,169.0,233.0,84.0,259,31,29,2,72,2
16754_0,129.0,371.0,79.0,1215,21,12,3,68,2
16767_0,143.0,472.0,86.0,712,12,27,3,63,2
16807_0,29.0,495.0,58.0,2615,32,14,0,70,2
16826_0,178.0,314.0,79.0,424,31,25,2,69,2
16847_0,62.0,696.0,75.0,2363,22,4,7,58,2
16862_0,172.0,171.0,78.0,67,41,22,2,77,2
16872_0,149.0,346.0,95.0,231,21,20,2,72,2
16889_0,170.0,294.0,83.0,105,24,23,2,77,2
16898_0,176.0,178.0,80.0,185,21,21,2,79,2
16919_0,119.0,537.0,80.0,1394,41,18,6,64,2
16993_0,155.0,242.0,78.0,273,34,30,4,72,2
17019_0,168.0,246.0,81.0,82,24,22,2,77,2
17024_0,160.0,639.0,83.0,522,22,12,2,67,2
17025_0,163.0,393.0,83.0,123,21,27,2,71,2
17028_0,162.0,285.0,85.0,378,21,33,3,64,2
17034_0,46.0,894.0,72.0,2433,31,2,11,53,2
17070_0,49.0,900.0,72.0,2400,32,3,8,59,2
17100_0,162.0,264.0,83.0,269,34,22,2,76,2
17113_0,152.0,644.0,82.0,385,21,22,4,74,2
17138_0,167.0,202.0,83.0,164,24,13,0,80,2
17146_0,142.0,515.0,90.0,556,21,24,3,71,2
17199_0,85.0,233.0,43.0,1819,32,13,2,78,2
17224_0,140.0,512.0,87.0,722,31,22,2,67,2
17227_0,170.0,220.0,81.0,77,24,18,2,77,2
17253_0,189.0,217.0,77.0,229,34,26,4,74,2
17272_0,165.0,185.0,79.0,101,34,26,2,75,2
17281_0,159.0,491.0,82.0,211,22,24,3,68,2
17335_0,170.0,212.0,84.0,73,34,20,2,73,2
17357_0,170.0,312.0,82.0,100,42,20,2,76,2
17386_0,155.0,559.0,82.0,314,21,24,2,66,2
17524_0,120.0,1024.0,78.0,1216,31,12,6,63,2
17561_0,168.0,413.0,83.0,192,31,27,2,68,2
17566_0,148.0,318.0,87.0,405,31,31,2,71,2
17580_0,178.0,189.0,81.0,134,34,26,4,77,2
17613_0,184.0,166.0,79.0,112,34,23,2,81,2
17667_0,175.0,360.0,80.0,446,21,20,2,69,2
17700_0,144.0,472.0,87.0,576,41,22,2,73,2
17702_0,175.0,169.0,80.0,66,24,32,2,77,2
17709_0,163.0,282.0,86.0,375,22,30,2,72,2
17719_0,145.0,332.0,86.0,558,12,26,2,65,2
17720_0,170.0,452.0,83.0,293,21,19,4,70,2
17721_0,136.0,486.0,83.0,852,12,22,2,72,2
17733_0,171.0,358.0,81.0,553,22,21,2,58,2
17761_0,143.0,434.0,92.0,288,21,26,2,69,2
17770_0,160.0,613.0,82.0,675,31,15,5,67,2
17771_0,171.0,331.0,79.0,643,32,18,3,68,2
17800_0,40.0,627.0,69.0,2685,41,6,11,59,2
17821_0,170.0,200.0,82.0,61,34,20,2,76,2
17833_0,172.0,337.0,80.0,127,24,25,4,71,2
17836_0,140.0,452.0,87.0,583,42,26,3,72,2
17847_0,170.0,298.0,84.0,103,34,25,2,76,2
17853_0,133.0,562.0,87.0,841,21,26,5,70,2
18032_0,174.0,394.0,82.0,369,22,25,3,74,2
18072_0,148.0,522.0,92.0,42,34,26,2,72,2
18098_0,170.0,254.0,81.0,91,24,21,2,78,2
18107_0,169.0,231.0,82.0,78,24,19,2,79,2
18137_0,64.0,632.0,72.0,2359,23,4,8,59,2
18232_0,179.0,164.0,78.0,120,24,24,2,78,2
18311_0,137.0,543.0,86.0,822,21,21,2,74,2
18319_0,169.0,282.0,83.0,97,24,21,2,75,2
18330_0,90.0,905.0,81.0,1797,21,8,8,57,2
18341_0,166.0,456.0,82.0,252,21,25,2,67,2
18347_0,146.0,473.0,89.0,349,32,26,3,69,2
18380_0,101.0,320.0,64.0,1662,32,15,2,77,2
18392_0,152.0,372.0,89.0,323,34,24,2,72,2
18412_0,184.0,241.0,77.0,290,22,21,2,73,2
18427_0,163.0,384.0,79.0,82,21,21,3,74,2
18462_0,164.0,199.0,80.0,165,24,25,2,77,2
18466_0,164.0,514.0,84.0,304,22,26,3,73,2
18521_0,127.0,645.0,89.0,893,31,22,5,71,2
18532_0,188.0,194.0,77.0,140,24,25,2,78,2
18618_0,137.0,566.0,89.0,674,22,17,2,66,2
18676_0,133.0,598.0,89.0,711,31,23,4,73,2
18681_0,143.0,521.0,91.0,407,42,24,2,74,2
18705_0,145.0,469.0,90.0,453,21,23,2,71,2
18761_0,174.0,207.0,77.0,87,34,20,2,77,2
18817_0,108.0,493.0,78.0,1666,22,14,5,67,2
18856_0,165.0,312.0,79.0,102,41,21,2,74,2
18858_0,179.0,308.0,80.0,246,41,23,4,72,2
18866_0,168.0,370.0,83.0,187,31,21,45,71,2
18872_0,150.0,210.0,89.0,177,31,24,2,72,2
18896_0,144.0,498.0,89.0,507,41,25,2,69,2
18920_0,48.0,325.0,44.0,2388,22,14,2,77,2
18964_0,82.0,979.0,79.0,1869,31,6,8,56,2
19047_0,67.0,318.0,53.0,2150,34,10,2,79,2
19110_0,173.0,414.0,81.0,349,31,24,3,63,2
19134_0,170.0,301.0,82.0,101,34,20,2,76,2
19172_0,166.0,273.0,81.0,68,34,18,2,73,2
19187_0,69.0,338.0,55.0,2147,31,16,2,79,2
19249_0,180.0,301.0,78.0,327,41,23,2,68,2
19252_0,163.0,368.0,83.0,95,31,22,2,72,2
19284_0,140.0,488.0,81.0,1034,31,14,3,67,2
19347_0,186.0,164.0,79.0,129,34,24,2,80,2
19348_0,150.0,291.0,80.0,467,32,26,2,73,2
19411_0,105.0,473.0,80.0,1626,21,11,4,65,2
19412_0,58.0,665.0,73.0,2506,32,7,11,59,2
19448_0,171.0,248.0,82.0,93,34,20,2,75,2
19496_0,150.0,312.0,92.0,221,21,22,2,77,2
19510_0,171.0,276.0,80.0,107,34,22,2,77,2
19528_0,163.0,414.0,81.0,170,31,28,2,73,2
19566_0,142.0,498.0,87.0,674,31,21,2,75,2
19601_0,147.0,737.0,82.0,577,32,15,4,61,2
19602_0,169.0,213.0,85.0,183,21,26,2,72,2
19606_0,164.0,316.0,81.0,30,41,23,3,71,2
19636_0,190.0,208.0,79.0,210,34,25,2,78,2
19652_0,149.0,739.0,83.0,903,21,16,3,71,2
19663_0,166.0,298.0,81.0,97,41,19,2,77,2
19677_0,153.0,585.0,82.0,324,32,24,3,65,2
19698_0,168.0,432.0,82.0,207,21,26,2,65,2
19711_0,172.0,332.0,82.0,125,34,19,2,74,2
19720_0,145.0,754.0,83.0,828,22,21,4,67,2
19733_0,138.0,420.0,84.0,559,21,28,2,64,2
19735_0,176.0,211.0,78.0,103,34,24,2,76,2
19740_0,186.0,195.0,79.0,117,24,22,2,80,2
19794_0,167.0,305.0,80.0,100,24,22,2,68,2
19807_0,162.0,195.0,79.0,134,34,27,5,70,2
19824_0,142.0,493.0,86.0,650,31,25,2,74,2
19836_0,185.0,223.0,79.0,272,32,27,3,75,2
19839_0,165.0,338.0,80.0,117,34,21,5,68,2
19879_0,173.0,172.0,77.0,79,34,23,2,70,2
19944_0,139.0,467.0,92.0,149,22,32,2,73,2
19960_0,122.0,688.0,88.0,1011,21,22,4,73,2
19998_0,131.0,914.0,81.0,940,32,12,5,56,2
20062_0,148.0,455.0,89.0,612,31,23,2,73,2
20079_0,163.0,395.0,82.0,186,21,28,40,69,2
20115_0,171.0,314.0,81.0,102,34,26,2,75,2
20128_0,173.0,155.0,82.0,91,24,24,3,78,2
20138_0,152.0,384.0,86.0,470,41,29,2,73,2
20163_0,139.0,834.0,80.0,897,32,18,4,64,2
20218_0,162.0,412.0,81.0,161,21,34,3,70,2
20268_0,165.0,528.0,83.0,295,31,18,3,73,2
20302_0,143.0,350.0,85.0,456,32,29,2,70,2
20310_0,170.0,194.0,79.0,56,41,23,2,76,2
20317_0,180.0,255.0,78.0,315,42,27,2,71,2
20446_0,172.0,162.0,80.0,89,24,25,2,74,2
20447_0,157.0,689.0,83.0,455,32,24,6,74,2
20475_0,164.0,305.0,84.0,59,24,20,2,74,2
20480_0,137.0,566.0,89.0,808,31,18,1,74,2
20495_0,168.0,511.0,83.0,417,21,19,2,70,2
20516_0,170.0,194.0,82.0,120,34,28,3,76,2
20526_0,169.0,209.0,80.0,65,24,19,2,79,2
20607_0,171.0,173.0,79.0,84,34,34,2,77,2
20643_0,170.0,303.0,82.0,102,24,24,2,77,2
20661_0,170.0,325.0,81.0,110,24,22,2,73,2
20663_0,147.0,436.0,90.0,436,21,24,2,71,2
20681_0,105.0,472.0,79.0,1570,22,11,3,65,2
20695_0,161.0,456.0,79.0,193,11,24,3,66,2
20732_0,173.0,281.0,80.0,111,34,26,2,70,2
20796_0,123.0,629.0,85.0,1132,11,20,5,70,2
20802_0,186.0,190.0,82.0,106,34,26,2,79,2
20806_0,136.0,865.0,82.0,853,21,20,4,71,2
20875_0,146.0,453.0,92.0,442,21,22,2,72,2
20882_0,44.0,868.0,73.0,2482,32,8,14,56,2
20893_0,146.0,470.0,89.0,462,31,25,2,69,2
20912_0,142.0,504.0,86.0,659,31,23,2,72,2
20936_0,158.0,512.0,82.0,276,31,26,33,69,2
20982_0,179.0,228.0,77.0,183,34,23,1,77,2
20998_0,144.0,495.0,88.0,740,34,19,2,75,2
21037_0,68.0,581.0,70.0,2028,32,6,6,66,2
21052_0,65.0,610.0,71.0,2215,21,8,6,58,2
21073_0,165.0,325.0,79.0,97,31,23,2,75,2
21137_0,170.0,181.0,79.0,62,34,38,2,76,2
21238_0,168.0,182.0,78.0,83,24,31,2,74,2
21280_0,186.0,167.0,81.0,127,34,21,1,78,2
21290_0,23.0,638.0,64.0,3016,22,4,10,52,2
21326_0,176.0,168.0,79.0,86,24,29,2,78,2
21338_0,170.0,311.0,84.0,105,34,21,2,77,2
21384_0,55.0,355.0,55.0,2311,32,9,6,69,2
21388_0,129.0,904.0,82.0,1040,31,15,5,60,2
21402_0,164.0,361.0,80.0,57,42,23,3,74,2
21405_0,84.0,655.0,79.0,1981,31,9,9,56,2
21431_0,175.0,276.0,77.0,131,24,23,2,79,2
21434_0,161.0,441.0,82.0,200,31,29,2,71,2
21443_0,182.0,163.0,78.0,104,24,18,2,79,2
21471_0,66.0,684.0,76.0,2482,12,10,13,56,2
21527_0,180.0,207.0,81.0,132,34,22,2,81,2
21528_0,169.0,285.0,83.0,101,24,26,2,74,2
21575_0,169.0,217.0,82.0,75,41,22,2,78,2
21582_0,174.0,300.0,79.0,136,34,26,2,71,2
21619_0,170.0,338.0,82.0,121,34,25,2,74,2
21663_0,134.0,470.0,85.0,856,11,27,3,71,2
21669_0,168.0,279.0,81.0,103,24,31,2,75,2
21681_0,139.0,540.0,88.0,727,22,23,3,71,2
21717_0,72.0,783.0,72.0,2033,32,6,6,68,2
21731_0,150.0,375.0,92.0,312,24,23,2,75,2
21736_0,164.0,503.0,84.0,435,11,25,3,73,2
21755_0,151.0,373.0,92.0,312,21,22,2,75,2
21775_0,177.0,152.0,79.0,90,24,15,1,79,2
21784_0,86.0,262.0,52.0,1905,31,12,2,75,2
21786_0,166.0,514.0,83.0,611,12,26,3,71,2
21821_0,170.0,357.0,83.0,130,34,21,2,76,2
21830_0,179.0,251.0,80.0,168,24,26,2,80,2
21901_0,138.0,547.0,89.0,634,31,24,5,70,2
21917_0,166.0,259.0,81.0,74,34,19,2,76,2
21967_0,152.0,702.0,83.0,812,32,13,5,68,2
21995_0,154.0,365.0,85.0,536,21,25,2,74,2
22010_0,174.0,168.0,81.0,54,24,41,2,75,2
22037_0,167.0,196.0,79.0,169,34,29,4,66,2
22046_0,140.0,582.0,92.0,423,31,23,3,61,2
22053_0,169.0,306.0,83.0,110,24,29,2,76,2
22063_0,179.0,293.0,78.0,476,21,22,2,70,2
22068_0,166.0,351.0,80.0,136,24,24,6,71,2
22071_0,135.0,855.0,81.0,949,31,16,6,58,2
22087_0,19.0,610.0,61.0,3043,32,9,10,58,2
22095_0,171.0,209.0,82.0,194,24,25,2,73,2
22110_0,169.0,266.0,82.0,92,34,20,2,79,2
22129_0,164.0,365.0,81.0,131,21,24,2,72,2
22152_0,167.0,201.0,82.0,52,34,28,2,79,2
22170_0,169.0,178.0,82.0,115,24,25,3,80,2
22181_0,165.0,262.0,84.0,36,34,24,3,69,2
22186_0,171.0,400.0,81.0,579,21,17,2,69,2
22229_0,159.0,495.0,81.0,309,21,18,3,63,2
22235_0,53.0,731.0,75.0,2657,12,4,20,53,2
22259_0,164.0,327.0,83.0,60,24,22,2,76,2
22305_0,156.0,222.0,79.0,301,41,23,2,73,2
22306_0,172.0,182.0,80.0,60,24,32,2,80,2
22307_0,91.0,641.0,78.0,1958,21,10,8,65,2
22319_0,169.0,434.0,81.0,316,22,28,4,74,2
22328_0,168.0,232.0,80.0,71,24,21,2,77,2
22400_0,164.0,392.0,81.0,191,31,22,3,65,2
22434_0,156.0,332.0,80.0,987,32,21,2,70,2
22466_0,170.0,236.0,83.0,84,24,17,2,76,2
22512_0,162.0,425.0,81.0,244,31,25,3,65,2
22519_0,164.0,303.0,84.0,396,31,16,0,77,2
22536_0,178.0,219.0,81.0,173,34,25,4,76,2
22591_0,144.0,359.0,90.0,473,22,28,2,70,2
22605_0,165.0,299.0,87.0,56,34,23,2,77,2
22606_0,169.0,284.0,80.0,640,31,22,2,73,2
22648_0,131.0,975.0,82.0,911,31,17,6,59,2
22672_0,170.0,330.0,83.0,112,24,22,2,77,2
22688_0,5.0,694.0,62.0,3345,21,6,0,64,2
22691_0,158.0,456.0,80.0,899,12,21,3,69,2
22696_0,181.0,236.0,82.0,207,34,25,2,82,2
22736_0,66.0,316.0,51.0,2170,31,12,2,79,2
22782_0,136.0,549.0,87.0,919,21,24,2,72,2
22790_0,172.0,175.0,83.0,55,24,42,2,80,2
22803_0,164.0,299.0,84.0,47,34,20,2,72,2
22820_0,137.0,376.0,88.0,523,22,26,4,71,2
22834_0,168.0,249.0,82.0,82,34,23,2,79,2
22838_0,174.0,414.0,82.0,179,31,24,4,71,2
22844_0,146.0,301.0,87.0,294,31,33,2,64,2
22865_0,174.0,173.0,79.0,94,34,31,2,75,2
22923_0,119.0,536.0,80.0,1438,31,10,3,69,2
22986_0,163.0,371.0,84.0,118,31,22,2,73,2
22987_0,165.0,250.0,84.0,39,24,20,2,78,2
22993_0,169.0,180.0,77.0,88,24,28,2,76,2
23043_0,130.0,622.0,89.0,800,21,16,3,64,2
23056_0,161.0,452.0,82.0,254,31,19,3,64,2
23074_0,163.0,384.0,82.0,99,21,22,3,72,2
23081_0,157.0,314.0,83.0,378,31,26,2,77,2
23144_0,175.0,243.0,82.0,277,21,20,2,71,2
23153_0,61.0,856.0,73.0,2162,41,10,10,55,2
23192_0,178.0,198.0,78.0,156,24,25,3,73,2
23203_0,170.0,310.0,84.0,106,24,21,2,79,2
23205_0,172.0,175.0,83.0,56,24,36,3,76,2
23228_0,76.0,691.0,78.0,2109,32,4,18,55,2
23249_0,165.0,207.0,79.0,36,34,34,3,76,2
23277_0,149.0,428.0,87.0,590,34,29,2,76,2
23319_0,175.0,266.0,78.0,327,31,24,2,76,2
23336_0,168.0,309.0,83.0,111,21,25,2,76,2
23392_0,165.0,240.0,82.0,222,24,28,3,75,2
23505_0,65.0,763.0,78.0,2677,14,12,10,59,2
23514_0,154.0,362.0,84.0,489,21,24,2,77,2
23540_0,187.0,183.0,78.0,112,24,24,2,77,2
23565_0,170.0,179.0,83.0,70,24,33,2,79,2
23577_0,172.0,166.0,82.0,70,34,25,1,78,2
23579_0,145.0,453.0,89.0,559,32,29,3,70,2
23609_0,175.0,184.0,76.0,98,24,26,2,79,2
23638_0,143.0,384.0,81.0,625,21,23,2,74,2
23677_0,169.0,297.0,83.0,108,34,26,2,80,2
23695_0,32.0,415.0,52.0,2787,32,10,7,66,2
23701_0,60.0,347.0,56.0,2322,32,17,5,69,2
23715_0,164.0,334.0,82.0,89,34,22,2,76,2
23718_0,175.0,258.0,79.0,120,34,20,2,76,2
23721_0,166.0,477.0,83.0,371,22,32,2,74,2
23731_0,165.0,338.0,81.0,85,34,21,2,68,2
23779_0,169.0,267.0,82.0,94,34,26,2,76,2
23791_0,158.0,513.0,81.0,223,22,25,3,70,2
23820_0,176.0,197.0,76.0,114,24,25,2,79,2
23884_0,137.0,443.0,92.0,379,31,25,3,69,2
23888_0,25.0,683.0,66.0,2937,21,6,12,59,2
23907_0,173.0,159.0,78.0,93,24,21,2,78,2
23925_0,157.0,518.0,81.0,293,21,24,6,68,2
23928_0,171.0,189.0,86.0,111,34,26,3,79,2
23956_0,190.0,196.0,78.0,165,34,21,2,79,2
23959_0,163.0,408.0,81.0,109,31,24,3,72,2
23963_0,118.0,942.0,81.0,1278,31,15,8,58,2
23979_0,163.0,248.0,84.0,257,31,23,1,80,2
23995_0,165.0,317.0,83.0,58,34,20,2,70,2
24014_0,169.0,239.0,85.0,82,24,22,2,78,3
24119_0,8.0,667.0,61.0,3172,21,6,13,54,3
24177_0,173.0,300.0,80.0,112,34,23,2,77,3
24214_0,148.0,320.0,90.0,339,21,27,2,72,3
24360_0,147.0,448.0,86.0,652,31,20,1,71,3
24396_0,170.0,288.0,81.0,102,24,23,2,78,3
24398_0,178.0,322.0,80.0,202,34,25,2,65,3
24424_0,52.0,622.0,72.0,2492,31,4,9,58,3
24518_0,164.0,319.0,83.0,63,24,21,4,68,3
24747_0,157.0,634.0,83.0,571,21,12,2,69,3
24749_0,165.0,241.0,79.0,36,34,30,2,78,3
24811_0,179.0,246.0,82.0,236,34,22,3,76,3
24839_0,170.0,376.0,80.0,578,21,24,2,57,3
24927_0,170.0,279.0,82.0,99,24,20,2,80,3
24932_0,141.0,509.0,87.0,760,31,24,2,62,3
24967_0,151.0,404.0,85.0,479,32,31,4,75,3
25002_0,169.0,325.0,81.0,120,24,26,2,79,3
25006_0,173.0,294.0,80.0,120,34,25,2,74,3
25053_0,173.0,178.0,84.0,73,34,34,2,76,3
25121_0,190.0,188.0,79.0,217,22,29,2,77,3
25157_0,144.0,365.0,86.0,510,31,22,3,70,3
25175_0,63.0,296.0,47.0,2165,21,9,2,79,3
25188_0,131.0,890.0,81.0,1028,31,15,5,59,3
25197_0,170.0,373.0,83.0,140,34,20,2,69,3
25213_0,164.0,344.0,83.0,63,34,20,2,72,3
25277_0,150.0,385.0,92.0,326,21,21,2,74,3
25282_0,158.0,558.0,82.0,421,31,14,2,68,3
25347_0,142.0,508.0,87.0,627,32,24,2,75,3
25399_0,174.0,246.0,79.0,110,24,24,2,76,3
25414_0,170.0,182.0,80.0,61,34,33,2,76,3
25433_0,168.0,440.0,85.0,192,31,18,4,65,3
25483_0,154.0,258.0,81.0,365,32,29,3,72,3
25570_0,145.0,452.0,86.0,611,22,31,3,63,3
25608_0,142.0,491.0,88.0,668,31,21,2,73,3
25614_0,68.0,319.0,52.0,2047,31,10,2,78,3
25643_0,74.0,251.0,44.0,1987,31,12,1,80,3
25650_0,51.0,329.0,49.0,2464,21,18,2,78,3
25655_0,131.0,900.0,81.0,970,32,19,7,60,3
25783_0,109.0,435.0,79.0,1613,21,12,5,63,3
25786_0,169.0,232.0,80.0,74,24,19,2,77,3
25941_0,170.0,200.0,82.0,55,34,21,2,78,3
26012_0,169.0,276.0,81.0,97,24,27,2,76,3
26054_0,26.0,662.0,64.0,2937,31,9,10,65,3
26087_0,168.0,182.0,78.0,84,24,31,2,76,3
26174_0,180.0,258.0,80.0,245,31,31,2,72,3
26183_0,163.0,422.0,81.0,255,31,25,3,66,3
26210_0,178.0,203.0,79.0,147,34,25,2,79,3
26270_0,131.0,530.0,85.0,779,41,22,2,72,3
26333_0,178.0,254.0,78.0,265,34,22,2,77,3
26372_0,142.0,507.0,87.0,680,31,20,2,73,3
26380_0,142.0,507.0,89.0,508,42,29,3,73,3
26422_0,132.0,518.0,85.0,747,34,26,2,71,3
26444_0,141.0,502.0,87.0,711,34,23,2,69,3
26531_0,166.0,263.0,82.0,63,34,20,2,74,3
26615_0,169.0,309.0,84.0,108,34,26,2,76,3
26673_0,180.0,287.0,80.0,435,22,24,39,74,3
26873_0,155.0,369.0,86.0,588,22,25,2,74,3
26876_0,34.0,561.0,65.0,2954,32,6,11,58,3
26928_0,171.0,166.0,82.0,85,24,24,2,73,3
26980_0,167.0,235.0,80.0,58,24,24,2,74,3
26982_0,174.0,174.0,80.0,121,24,29,2,76,3
26991_0,149.0,545.0,93.0,53,41,28,2,73,3
27017_0,124.0,628.0,84.0,1004,22,21,4,71,3
27033_0,49.0,446.0,63.0,2561,41,4,11,53,3
27034_0,172.0,217.0,78.0,79,34,18,2,76,3
27126_0,152.0,632.0,82.0,358,11,25,2,73,3
27210_0,168.0,410.0,81.0,570,31,18,3,67,3
27222_0,165.0,322.0,81.0,108,34,24,2,74,3
27233_0,166.0,298.0,81.0,96,41,25,2,75,3
27288_0,173.0,176.0,83.0,55,34,32,3,76,3
27307_0,167.0,316.0,81.0,113,24,23,2,78,3
27312_0,170.0,179.0,83.0,60,34,31,2,74,3
27387_0,164.0,399.0,81.0,73,31,30,3,69,3
27403_0,166.0,239.0,82.0,50,34,17,2,76,3
27418_0,179.0,230.0,77.0,223,21,22,2,73,3
27602_0,170.0,362.0,82.0,128,34,23,3,73,3
27617_0,75.0,246.0,43.0,1981,34,10,1,80,3
27785_0,170.0,341.0,83.0,116,34,26,2,77,3
27921_0,177.0,152.0,79.0,97,34,23,2,79,3
27994_0,150.0,242.0,87.0,197,41,22,2,75,3
28004_0,178.0,195.0,77.0,152,31,23,3,75,3
28149_0,77.0,753.0,79.0,2241,22,6,17,55,3
28253_0,171.0,208.0,80.0,201,31,27,2,71,3
28308_0,170.0,410.0,82.0,279,31,21,5,73,3
28313_0,144.0,468.0,86.0,643,21,23,2,72,3
28447_0,168.0,209.0,80.0,61,34,19,2,77,3
28508_0,158.0,513.0,81.0,218,21,24,3,67,3
28574_0,179.0,299.0,80.0,393,31,26,2,71,3
28601_0,168.0,522.0,83.0,413,22,19,2,72,3
28602_0,42.0,608.0,67.0,2579,21,9,12,60,3
28617_0,75.0,855.0,79.0,2125,22,3,9,57,3
28680_0,57.0,727.0,75.0,2394,31,3,10,54,3
28783_0,183.0,159.0,76.0,117,34,25,2,80,3
28785_0,160.0,415.0,80.0,724,32,14,2,66,3
28838_0,169.0,282.0,82.0,98,24,29,2,75,3
28842_0,169.0,186.0,80.0,54,34,40,2,76,3
28867_0,173.0,164.0,80.0,103,24,20,2,75,3
28879_0,146.0,486.0,81.0,991,32,15,5,62,3
28919_0,169.0,338.0,78.0,718,21,19,2,67,3
28954_0,146.0,458.0,86.0,601,34,32,2,76,3
29034_0,141.0,517.0,89.0,501,31,20,4,71,3
29062_0,143.0,463.0,80.0,1059,31,22,4,72,3
29076_0,139.0,540.0,88.0,815,32,21,2,72,3
29095_0,163.0,201.0,82.0,84,34,28,4,74,3
29120_0,171.0,166.0,82.0,86,24,23,3,76,3
29121_0,56.0,922.0,75.0,2242,41,5,8,53,3
29138_0,137.0,446.0,85.0,633,32,28,4,71,3
29176_0,137.0,851.0,83.0,861,31,20,7,59,3
29211_0,145.0,467.0,90.0,486,21,21,2,72,3
29224_0,33.0,418.0,52.0,2687,41,10,7,67,3
29234_0,73.0,230.0,37.0,2001,31,11,1,79,3
29277_0,179.0,296.0,79.0,484,41,27,2,72,3
29354_0,160.0,295.0,87.0,340,22,27,3,73,3
29391_0,176.0,197.0,76.0,103,34,23,2,78,3
29403_0,150.0,398.0,89.0,412,21,20,2,72,3
29470_0,164.0,350.0,81.0,79,41,21,2,76,3
29544_0,65.0,274.0,45.0,2220,21,14,2,79,3
29566_0,180.0,324.0,79.0,362,41,20,2,70,3
29635_0,27.0,689.0,68.0,2864,22,6,13,61,3
29667_0,172.0,314.0,79.0,125,24,23,2,80,3
29700_0,174.0,189.0,79.0,73,34,22,2,81,3
29805_0,140.0,516.0,86.0,750,24,24,2,69,3
29863_0,166.0,233.0,80.0,32,34,24,2,78,3
29903_0,176.0,163.0,83.0,72,34,32,2,77,3
29908_0,167.0,211.0,80.0,209,31,28,3,73,3
30022_0,158.0,652.0,82.0,575,31,13,2,67,3
30062_0,115.0,890.0,82.0,1318,32,14,6,61,3
30105_0,165.0,224.0,82.0,38,34,26,3,76,3
30311_0,168.0,212.0,80.0,54,24,20,2,75,3
30363_0,173.0,378.0,80.0,503,31,19,2,67,3
30412_0,155.0,698.0,82.0,663,32,12,4,64,3
30498_0,167.0,252.0,78.0,76,34,20,2,77,3
30507_0,175.0,244.0,78.0,112,24,24,2,75,3
30575_0,147.0,309.0,86.0,346,21,22,2,67,3
30605_0,170.0,228.0,81.0,75,24,20,2,82,3
30786_0,144.0,487.0,87.0,768,21,18,0,74,3
30827_0,151.0,307.0,79.0,752,41,20,3,74,3
30874_0,175.0,246.0,79.0,114,24,20,2,77,3
31019_0,144.0,336.0,85.0,428,22,32,2,63,3
31110_0,190.0,220.0,78.0,254,34,21,1,78,3
31172_0,171.0,181.0,81.0,92,24,27,2,79,3
31238_0,35.0,543.0,62.0,2691,22,4,13,59,3
31247_0,168.0,466.0,83.0,288,22,22,2,72,3
31337_0,143.0,366.0,88.0,425,32,26,3,71,3
31341_0,174.0,164.0,85.0,59,34,34,2,79,3
31403_0,144.0,794.0,82.0,611,31,19,4,71,3
31443_0,52.0,696.0,69.0,2363,42,4,9,58,3
31444_0,175.0,180.0,79.0,155,24,30,2,78,3
31510_0,169.0,268.0,82.0,93,34,23,2,79,3
31584_0,158.0,513.0,82.0,230,22,24,2,69,3
31589_0,166.0,306.0,80.0,105,34,20,2,76,3
31615_0,168.0,220.0,79.0,63,24,19,2,77,3
31637_0,145.0,460.0,90.0,72,31,24,2,72,3
31682_0,172.0,326.0,81.0,117,34,21,2,75,3
31698_0,140.0,303.0,87.0,326,31,22,2,72,3
31709_0,146.0,452.0,86.0,701,31,24,2,74,3
31735_0,47.0,378.0,52.0,2441,21,15,2,75,3
31740_0,166.0,612.0,82.0,481,21,17,3,72,3
31754_0,162.0,427.0,82.0,227,12,26,2,71,3
31793_0,85.0,972.0,79.0,1808,31,8,8,56,3
31802_0,169.0,208.0,79.0,226,21,29,3,71,3
31838_0,107.0,803.0,82.0,1506,31,9,8,60,3
31845_0,169.0,265.0,81.0,99,24,19,2,81,3
31883_0,146.0,454.0,89.0,506,21,25,2,72,3
31905_0,171.0,311.0,83.0,104,34,24,2,71,3
31932_0,47.0,767.0,71.0,2384,32,5,7,56,3
32045_0,169.0,216.0,80.0,72,24,22,2,78,3
32079_0,29.0,578.0,62.0,2813,21,4,9,54,3
32126_0,175.0,386.0,80.0,561,21,23,2,74,3
32204_0,145.0,348.0,84.0,442,41,30,2,74,3
32249_0,155.0,347.0,88.0,453,32,29,3,69,3
32301_0,165.0,301.0,83.0,55,24,21,2,75,3
32305_0,166.0,351.0,80.0,136,34,23,7,68,3
32328_0,141.0,526.0,93.0,437,12,24,3,69,3
32400_0,170.0,230.0,82.0,78,34,19,2,82,3
32475_0,172.0,208.0,79.0,74,34,19,2,75,3
32572_0,170.0,202.0,82.0,57,41,18,2,78,3
32618_0,166.0,301.0,79.0,102,24,22,2,76,3
32643_0,150.0,442.0,81.0,918,21,15,2,64,3
32844_0,181.0,259.0,80.0,257,31,29,40,74,3
32893_0,172.0,428.0,82.0,358,41,23,3,72,3
32928_0,171.0,276.0,81.0,97,34,21,2,75,3
32944_0,128.0,568.0,84.0,944,21,25,2,71,3
32998_0,146.0,330.0,82.0,569,21,22,1,72,3
33002_0,39.0,363.0,48.0,2599,21,18,3,77,3
33039_0,91.0,697.0,79.0,1734,22,7,12,55,3
33221_0,169.0,275.0,85.0,93,24,20,2,76,3
33290_0,182.0,236.0,81.0,218,34,25,4,81,3
33308_0,142.0,488.0,87.0,662,41,22,2,73,3
33326_0,168.0,215.0,82.0,65,34,19,2,78,3
33411_0,164.0,402.0,82.0,86,31,19,2,68,3
33445_0,134.0,625.0,82.0,1056,31,16,7,59,3
33527_0,180.0,198.0,78.0,222,21,23,1,80,3
33591_0,61.0,343.0,53.0,2187,31,12,2,75,3
33598_0,141.0,459.0,88.0,600,41,22,3,72,3
33612_0,178.0,246.0,82.0,243,24,21,2,79,3
33709_0,69.0,358.0,57.0,2070,32,8,2,74,3
33755_0,173.0,275.0,80.0,401,31,28,2,64,3
33803_0,170.0,369.0,84.0,135,34,25,2,75,3
33830_0,149.0,434.0,86.0,589,21,23,2,77,3
33836_0,183.0,272.0,79.0,363,22,30,2,74,3
33842_0,164.0,369.0,82.0,99,34,21,2,72,3
33901_0,148.0,432.0,85.0,584,21,21,2,73,3
33917_0,123.0,650.0,85.0,1037,22,22,5,70,3
34031_0,181.0,212.0,82.0,125,34,30,2,79,3
34043_0,55.0,618.0,71.0,2484,32,4,8,58,3
34053_0,60.0,657.0,72.0,2228,31,9,6,55,3
34068_0,187.0,211.0,79.0,233,31,21,3,76,3
34101_0,163.0,370.0,81.0,87,21,23,4,74,3
34118_0,152.0,381.0,87.0,486,21,26,2,73,3
34165_0,166.0,232.0,81.0,30,34,20,2,78,3
34259_0,170.0,206.0,82.0,67,34,23,3,78,3
34421_0,135.0,318.0,88.0,188,31,30,3,74,3
34442_0,178.0,232.0,77.0,148,24,24,2,81,3
34447_0,34.0,495.0,59.0,2747,32,14,9,58,3
34614_0,171.0,308.0,82.0,104,34,22,2,77,3
34623_0,158.0,493.0,81.0,281,21,29,2,64,3
34631_0,123.0,536.0,81.0,1291,22,13,3,63,3
34736_0,166.0,222.0,81.0,50,34,20,2,78,3
34786_0,168.0,231.0,80.0,75,24,21,2,76,3
34790_0,67.0,702.0,75.0,2231,21,6,8,64,3
34902_0,160.0,289.0,83.0,321,31,26,2,75,3
34934_0,18.0,626.0,62.0,3087,21,3,9,52,3
34938_0,149.0,434.0,86.0,587,34,25,0,78,3
35074_0,140.0,404.0,88.0,523,31,26,3,70,3
35105_0,164.0,304.0,80.0,35,34,30,2,76,3
35127_0,170.0,195.0,81.0,68,34,17,2,77,3
35131_0,168.0,215.0,82.0,247,21,31,2,74,3
35147_0,171.0,246.0,81.0,93,24,26,2,79,3
35175_0,172.0,422.0,81.0,303,41,20,2,72,3
35205_0,170.0,180.0,79.0,61,34,29,2,77,3
35208_0,130.0,481.0,79.0,1282,22,13,5,65,3
35257_0,170.0,238.0,84.0,86,34,18,2,71,3
35334_0,38.0,542.0,63.0,2426,31,10,10,58,3
35478_0,67.0,319.0,53.0,2131,41,10,1,81,3
35540_0,136.0,576.0,88.0,634,31,19,5,68,3
35555_0,173.0,210.0,79.0,82,24,18,2,77,3
35638_0,154.0,604.0,82.0,383,31,26,3,59,3
35662_0,171.0,184.0,79.0,147,24,30,5,73,3
35690_0,161.0,303.0,85.0,386,31,30,2,73,3
35713_0,123.0,661.0,87.0,1050,32,26,2,70,3
35715_0,177.0,273.0,79.0,600,21,20,1,67,3
35751_0,179.0,225.0,79.0,204,21,25,4,72,3
35811_0,165.0,348.0,80.0,112,34,19,2,72,3
35822_0,173.0,153.0,80.0,86,41,20,2,80,3
35835_0,32.0,615.0,67.0,2894,21,7,8,54,3
35868_0,174.0,168.0,81.0,56,34,42,2,76,3
35879_0,165.0,335.0,83.0,96,24,20,2,69,3
35913_0,176.0,178.0,80.0,179,22,22,2,79,3
35958_0,173.0,222.0,80.0,82,34,15,2,77,3
35995_0,45.0,705.0,72.0,2573,31,6,7,56,3
35998_0,117.0,687.0,87.0,1143,32,26,3,70,3
36031_0,178.0,195.0,77.0,192,24,27,2,76,4
36039_0,160.0,488.0,82.0,312,31,21,3,69,4
36119_0,169.0,272.0,83.0,97,24,23,2,80,4
36200_0,152.0,325.0,92.0,255,31,22,2,72,4
36210_0,167.0,308.0,82.0,111,24,26,2,72,4
36304_0,162.0,406.0,83.0,118,31,27,2,73,4
36346_0,161.0,593.0,83.0,472,32,21,3,68,4
36385_0,166.0,188.0,80.0,119,24,25,2,74,4
36483_0,174.0,200.0,80.0,79,34,18,2,78,4
36487_0,137.0,296.0,77.0,1159,31,13,3,68,4
36533_0,173.0,193.0,76.0,254,22,24,1,81,4
36908_0,41.0,353.0,45.0,2622,22,17,3,76,4
36927_0,172.0,322.0,82.0,131,34,29,2,74,4
36932_0,163.0,405.0,83.0,117,24,20,1,73,4
37022_0,87.0,347.0,64.0,1906,32,14,2,78,4
37121_0,130.0,449.0,79.0,1111,32,13,4,71,4
37208_0,133.0,501.0,85.0,667,31,26,4,71,4
37217_0,179.0,294.0,79.0,436,22,25,2,73,4
37219_0,173.0,176.0,83.0,77,24,33,2,75,4
37413_0,166.0,215.0,82.0,38,41,31,2,79,4
37453_0,152.0,330.0,94.0,254,34,22,2,77,4
37483_0,141.0,544.0,92.0,477,11,24,3,65,4
37512_0,134.0,573.0,87.0,895,21,25,2,73,4
37586_0,78.0,928.0,78.0,1818,41,4,9,57,4
37643_0,116.0,886.0,82.0,1276,32,14,7,61,4
37701_0,189.0,235.0,79.0,304,31,18,0,76,4
37730_0,162.0,263.0,85.0,295,31,22,2,75,4
37825_0,147.0,399.0,87.0,546,32,25,4,68,4
37923_0,125.0,930.0,81.0,1049,32,15,6,58,4
37984_0,146.0,259.0,89.0,217,31,23,2,74,4
38054_0,103.0,567.0,79.0,1664,22,11,3,65,4
38057_0,171.0,202.0,83.0,205,34,28,1,78,4
38087_0,158.0,497.0,81.0,229,31,22,4,67,4
38102_0,164.0,247.0,83.0,321,21,27,2,74,4
38236_0,164.0,301.0,78.0,688,21,18,2,71,4
38318_0,175.0,189.0,79.0,97,24,25,2,80,4
38340_0,144.0,323.0,88.0,417,11,34,2,64,4
38351_0,-3.0,811.0,61.0,3370,31,7,0,59,4
38406_0,175.0,364.0,80.0,371,21,22,2,68,4
38444_0,177.0,258.0,81.0,260,34,24,3,79,4
38453_0,40.0,682.0,72.0,2755,32,4,15,52,4
38813_0,165.0,250.0,84.0,310,22,24,2,76,4
38960_0,138.0,381.0,79.0,993,41,12,4,65,4
38974_0,159.0,297.0,86.0,331,34,25,1,78,4
38993_0,78.0,668.0,78.0,2126,32,6,14,52,4
39003_0,158.0,511.0,82.0,311,24,27,3,59,4
39033_0,178.0,214.0,80.0,178,21,25,3,78,4
39100_0,73.0,838.0,80.0,2172,32,5,8,56,4
39115_0,178.0,173.0,77.0,142,24,24,2,78,4
39131_0,163.0,425.0,82.0,104,31,24,2,68,4
39132_0,144.0,465.0,86.0,644,21,23,5,72,4
39238_0,35.0,553.0,62.0,2640,21,2,8,51,4
39284_0,123.0,1100.0,81.0,1064,41,19,6,61,4
39290_0,47.0,471.0,60.0,2440,31,9,9,59,4
39312_0,161.0,432.0,80.0,815,32,13,4,67,4
39372_0,170.0,300.0,80.0,98,34,22,2,77,4
39403_0,169.0,363.0,83.0,140,24,22,2,72,4
39418_0,169.0,318.0,83.0,112,34,25,2,77,4
39431_0,148.0,694.0,83.0,568,21,25,4,58,4
39464_0,141.0,501.0,87.0,742,31,25,0,72,4
39488_0,177.0,200.0,78.0,128,34,24,2,79,4
39529_0,130.0,621.0,89.0,830,31,23,4,71,4
39613_0,164.0,323.0,85.0,59,34,26,2,75,4
39689_0,174.0,284.0,80.0,120,34,28,2,77,4
39702_0,166.0,239.0,83.0,25,34,37,2,78,4
39707_0,146.0,431.0,90.0,539,21,22,2,73,4
39785_0,187.0,173.0,78.0,108,24,21,2,81,4
39813_0,158.0,487.0,82.0,286,21,26,2,68,4
39819_0,169.0,215.0,85.0,192,21,24,2,73,4
39827_0,149.0,390.0,94.0,247,42,25,2,74,4
39889_0,173.0,391.0,83.0,167,31,24,45,70,4
39914_0,144.0,475.0,87.0,682,22,24,2,70,4
39991_0,166.0,447.0,82.0,267,31,22,2,71,4
39994_0,148.0,305.0,81.0,482,31,24,2,64,4
40047_0,170.0,226.0,85.0,239,21,26,2,74,4
40048_0,146.0,501.0,90.0,615,21,22,2,73,4
40097_0,118.0,805.0,82.0,1395,21,19,6,58,4
40128_0,175.0,193.0,76.0,95,24,25,2,79,4
40156_0,170.0,284.0,83.0,101,24,28,2,75,4
40308_0,178.0,180.0,76.0,147,34,24,4,77,4
40382_0,145.0,475.0,87.0,616,34,25,1,75,4
40447_0,170.0,218.0,79.0,261,34,23,1,78,4
40532_0,162.0,539.0,83.0,421,22,13,2,71,4
40574_0,167.0,211.0,79.0,52,24,17,2,79,4
40601_0,135.0,580.0,89.0,794,31,17,1,72,4
40606_0,123.0,767.0,83.0,1322,22,18,7,65,4
40816_0,164.0,568.0,83.0,415,21,17,2,73,4
40950_0,145.0,406.0,85.0,610,22,26,2,72,4
40954_0,143.0,469.0,87.0,612,22,25,2,67,4
40999_0,144.0,472.0,87.0,620,34,30,4,76,4
41020_0,34.0,549.0,62.0,2765,21,5,10,55,4
41034_0,170.0,328.0,82.0,116,34,25,3,70,4
41062_0,169.0,224.0,82.0,68,34,18,2,77,4
41100_0,51.0,868.0,74.0,2427,31,8,13,55,4
41138_0,173.0,402.0,81.0,327,32,23,3,65,4
41211_0,173.0,237.0,81.0,91,34,20,2,78,4
41224_0,187.0,190.0,82.0,112,34,20,4,74,4
41226_0,171.0,196.0,81.0,63,34,21,2,78,4
41265_0,165.0,227.0,85.0,216,24,21,1,77,4
41281_0,165.0,243.0,84.0,213,24,25,4,73,4
41335_0,132.0,544.0,83.0,886,22,25,3,69,4
41364_0,84.0,805.0,79.0,1900,31,7,6,67,4
41385_0,156.0,272.0,81.0,430,22,27,2,72,4
41403_0,173.0,170.0,77.0,80,24,19,2,79,4
41531_0,36.0,560.0,63.0,2588,22,2,11,54,4
41802_0,171.0,205.0,80.0,207,34,28,1,79,4
41847_0,180.0,263.0,79.0,467,22,23,2,68,4
42463_0,173.0,194.0,80.0,183,34,25,3,73,4
42494_0,171.0,184.0,81.0,61,34,22,2,78,4
42682_0,173.0,175.0,84.0,77,34,33,2,80,4
42702_0,16.0,543.0,56.0,3091,31,8,13,58,4
42714_0,95.0,1005.0,81.0,1533,31,7,7,55,4
42743_0,150.0,457.0,89.0,530,31,24,2,71,4
42817_0,164.0,362.0,81.0,61,21,23,2,73,4
42830_0,169.0,330.0,79.0,660,41,20,2,68,4
42854_0,168.0,214.0,81.0,65,34,21,2,75,4
42906_0,164.0,190.0,82.0,108,24,27,2,77,4
43019_0,169.0,274.0,84.0,94,41,22,2,80,4
43171_0,169.0,188.0,82.0,52,34,39,2,76,4
43195_0,174.0,168.0,81.0,57,34,40,2,77,4
43341_0,156.0,548.0,82.0,301,21,22,2,66,4
43562_0,183.0,253.0,77.0,337,22,22,2,75,4
43601_0,154.0,627.0,82.0,560,21,14,2,68,4
43606_0,172.0,175.0,83.0,57,24,39,2,79,4
43620_0,145.0,475.0,89.0,330,22,27,3,72,4
43632_0,72.0,707.0,78.0,2140,32,6,11,53,4
43692_0,184.0,269.0,79.0,362,31,22,2,74,4
43755_0,171.0,172.0,79.0,101,34,31,2,77,4
43759_0,169.0,265.0,81.0,92,34,22,2,80,4
43793_0,181.0,167.0,80.0,135,34,26,2,79,4
43807_0,144.0,486.0,88.0,781,21,18,2,74,4
43845_0,139.0,581.0,91.0,435,31,22,4,63,4
44062_0,123.0,678.0,89.0,955,21,21,5,71,4
44126_0,70.0,331.0,56.0,2096,21,14,0,80,4
44141_0,176.0,367.0,81.0,367,22,20,2,70,4
44233_0,169.0,302.0,81.0,106,24,27,2,76,4
44251_0,156.0,544.0,81.0,345,22,26,2,68,4
44328_0,130.0,624.0,88.0,728,31,17,4,64,4
44366_0,34.0,723.0,68.0,2616,33,7,13,58,4
44372_0,129.0,627.0,88.0,808,22,17,3,64,4
44514_0,117.0,709.0,84.0,1134,21,22,6,69,4
44572_0,176.0,159.0,77.0,100,24,18,2,78,4
44643_0,169.0,306.0,83.0,111,34,28,2,77,4
44720_0,64.0,419.0,60.0,2093,34,15,2,79,4
44823_0,176.0,273.0,79.0,141,34,26,2,76,4
45039_0,172.0,181.0,80.0,59,34,39,2,77,4
45079_0,165.0,244.0,84.0,222,24,26,2,80,4
45192_0,133.0,599.0,90.0,701,31,20,4,67,4
45267_0,173.0,221.0,80.0,80,34,18,2,77,4
45276_0,154.0,369.0,86.0,499,31,29,2,77,4
45290_0,95.0,1048.0,80.0,1567,22,8,9,57,4
45291_0,188.0,188.0,81.0,127,24,25,2,79,4
45326_0,162.0,393.0,81.0,95,21,20,2,71,4
45373_0,160.0,304.0,86.0,332,31,23,2,73,4
45411_0,125.0,497.0,80.0,1353,32,13,5,63,4
45517_0,1.0,692.0,59.0,3375,31,7,0,59,4
45566_0,172.0,346.0,82.0,135,34,22,2,78,4
45572_0,170.0,180.0,78.0,60,34,37,2,78,4
45591_0,143.0,508.0,81.0,1021,21,16,4,70,4
45598_0,163.0,385.0,79.0,65,34,19,5,66,4
45717_0,164.0,293.0,84.0,41,24,25,2,72,4
45780_0,146.0,461.0,87.0,600,34,27,2,76,4
45784_0,71.0,907.0,77.0,2011,42,5,9,57,4
45799_0,173.0,174.0,82.0,57,34,42,2,76,4
45830_0,142.0,516.0,88.0,659,41,22,3,69,4
45836_0,149.0,461.0,89.0,510,31,24,2,72,4
45842_0,168.0,246.0,81.0,78,24,20,2,78,4
46060_0,174.0,185.0,81.0,156,34,26,4,69,4
46080_0,144.0,362.0,88.0,443,21,26,2,69,4
46319_0,164.0,192.0,78.0,96,34,27,4,70,4
46412_0,167.0,448.0,83.0,229,21,25,2,69,4
46449_0,61.0,865.0,76.0,2258,41,4,13,54,4
46515_0,70.0,724.0,75.0,2116,32,3,7,57,4
46557_0,170.0,362.0,82.0,128,34,24,2,73,4
46658_0,170.0,197.0,82.0,66,24,16,2,76,4
46670_0,178.0,154.0,80.0,95,31,22,2,79,4
46717_0,172.0,335.0,82.0,128,34,22,3,71,4
46736_0,145.0,471.0,90.0,471,22,21,2,73,4
46747_0,147.0,255.0,89.0,216,21,28,2,76,4
46761_0,146.0,450.0,91.0,424,32,22,2,71,4
46820_0,157.0,526.0,82.0,315,21,21,3,62,4
46938_0,58.0,288.0,43.0,2324,31,13,4,75,4
47626_0,143.0,554.0,92.0,297,22,25,4,67,4
47718_0,56.0,775.0,72.0,2241,21,4,5,64,4
47811_0,19.0,655.0,65.0,3138,22,5,0,56,4
47998_0,84.0,918.0,80.0,1953,12,6,8,56,4
48047_0,5.0,706.0,61.0,2956,32,7,10,58,5
48050_0,170.0,195.0,83.0,133,34,26,2,76,5
48099_0,59.0,329.0,51.0,2236,31,12,2,80,5
48245_0,159.0,211.0,79.0,217,34,24,2,74,5
48360_0,89.0,284.0,56.0,1845,21,14,1,78,5
48385_0,153.0,324.0,82.0,524,21,31,2,64,5
48468_0,89.0,622.0,80.0,1816,22,14,7,58,5
48510_0,169.0,420.0,83.0,190,31,26,2,68,5
48573_0,148.0,275.0,88.0,319,21,33,2,71,5
48700_0,192.0,247.0,79.0,254,31,23,3,75,5
48744_0,140.0,532.0,88.0,613,22,18,2,69,5
48839_0,147.0,328.0,81.0,615,21,22,2,72,5
48850_0,71.0,960.0,78.0,2096,12,6,8,57,5
49111_0,184.0,216.0,79.0,166,34,23,2,79,5
49188_0,165.0,247.0,82.0,26,34,37,5,71,5
49261_0,148.0,437.0,87.0,588,34,27,2,75,5
49373_0,150.0,267.0,91.0,196,34,26,2,74,5
49383_0,170.0,284.0,83.0,97,24,28,2,75,5
49408_0,68.0,740.0,74.0,2145,22,7,8,59,5
49614_0,82.0,699.0,78.0,1945,31,9,8,54,5
49670_0,170.0,177.0,81.0,120,34,22,2,78,5
49683_0,138.0,364.0,90.0,371,31,24,5,66,5
49905_0,163.0,426.0,82.0,244,22,21,2,66,5
49935_0,179.0,156.0,75.0,97,34,30,2,76,5
