sample_id,bio01_temp,bio12_precip,bio15_precip_season,elevation,landforms,soil_clay,soil_oc,soil_ph,label
0_0,16.0,455.0,87.0,48,34,24,2,7.6,1
3_0,14.7,701.0,92.0,5,34,29,2,6.9,1
8_0,9.1,1010.0,75.0,1333,21,15,9,6.1,1
17_0,16.9,957.0,78.0,150,24,22,4,7.0,1
19_0,15.9,454.0,88.0,2,24,30,4,7.3,1
31_0,16.3,604.0,80.0,47,34,26,4,7.2,1
33_0,11.7,1545.0,82.0,887,32,22,6,5.8,1
46_0,5.8,809.0,66.0,2016,22,9,13,6.0,1
47_0,6.6,1210.0,72.0,1845,21,11,14,5.4,1
50_0,15.6,394.0,85.0,-1,34,29,3,7.5,1
63_0,16.4,1078.0,79.0,255,22,26,2,6.9,1
85_0,8.2,1310.0,77.0,1635,21,10,18,5.9,1
99_0,16.4,509.0,85.0,16,34,29,3,7.4,1
107_0,16.5,474.0,84.0,12,34,33,5,7.3,1
131_0,16.2,561.0,93.0,32,34,24,3,6.9,1
135_0,5.7,1153.0,72.0,2126,23,6,13,5.6,1
169_0,8.2,1073.0,74.0,1483,31,14,9,5.6,1
173_0,9.7,1083.0,78.0,1252,41,14,10,5.8,1
210_0,16.2,475.0,88.0,30,24,27,2,7.2,1
216_0,16.1,501.0,83.0,104,21,23,3,7.2,1
265_0,15.9,424.0,84.0,17,24,33,2,7.4,1
299_0,15.6,367.0,85.0,-8,24,31,5,7.9,1
303_0,14.4,660.0,87.0,224,12,30,3,7.1,1
304_0,13.4,1290.0,81.0,691,31,24,6,6.0,1
346_0,7.6,1463.0,77.0,1745,31,12,14,5.5,1
373_0,16.2,479.0,88.0,36,32,24,2,7.5,1
379_0,16.0,451.0,83.0,20,24,19,2,6.9,1
398_0,15.6,410.0,87.0,-1,24,21,5,7.0,1
408_0,16.4,468.0,83.0,5,34,44,3,7.8,1
434_0,6.5,705.0,62.0,1772,22,10,9,6.0,1
450_0,7.6,1233.0,76.0,1685,31,11,14,5.7,1
473_0,15.2,457.0,89.0,1,34,31,2,7.3,1
510_0,15.2,893.0,73.0,560,11,23,4,7.1,1
532_0,16.2,645.0,81.0,53,34,27,3,7.2,1
533_0,6.3,1277.0,73.0,2002,22,11,14,5.5,1
543_0,7.4,1122.0,73.0,1692,21,13,11,5.8,1
562_0,5.9,654.0,58.0,1910,21,13,8,6.2,1
582_0,16.0,459.0,83.0,21,34,37,4,7.4,1
590_0,16.0,501.0,89.0,87,31,23,3,7.4,1
613_0,15.5,395.0,89.0,31,22,23,4,7.4,1
624_0,9.1,1318.0,79.0,1465,41,15,15,5.8,1
683_0,16.0,609.0,93.0,61,22,25,3,7.0,1
704_0,16.3,639.0,86.0,55,21,21,2,7.2,1
708_0,15.9,448.0,86.0,15,34,22,2,7.3,1
710_0,14.7,729.0,91.0,67,21,28,2,7.3,1
733_0,16.3,584.0,83.0,88,21,24,2,7.4,1
736_0,9.3,1161.0,78.0,1361,33,17,12,5.1,1
749_0,16.4,474.0,84.0,7,34,45,5,7.6,1
756_0,7.6,1044.0,73.0,1559,32,12,12,5.9,1
764_0,16.0,440.0,81.0,62,32,25,3,6.5,1
765_0,8.0,908.0,75.0,1450,22,12,10,6.2,1
774_0,16.0,581.0,79.0,204,31,23,2,7.2,1
796_0,15.9,522.0,89.0,120,31,31,3,7.3,1
811_0,11.2,925.0,83.0,1056,22,20,13,5.2,1
819_0,16.6,538.0,85.0,20,24,23,2,7.0,1
839_0,8.2,1225.0,71.0,1412,21,17,9,5.7,1
900_0,4.2,744.0,57.0,2205,21,11,10,5.5,1
902_0,16.2,445.0,85.0,7,34,40,4,6.9,1
908_0,6.5,756.0,63.0,1774,22,10,11,5.7,1
927_0,6.6,1232.0,74.0,1844,41,15,15,6.1,1
930_0,16.1,808.0,74.0,290,41,23,5,6.9,1
960_0,15.8,438.0,86.0,29,24,31,3,7.3,1
971_0,8.4,1348.0,77.0,1640,22,12,13,5.5,1
1053_0,6.2,961.0,63.0,1816,32,10,11,6.0,1
1061_0,12.2,1358.0,78.0,1245,21,21,8,5.6,1
1068_0,16.0,445.0,85.0,34,24,26,2,7.8,1
1091_0,8.3,1637.0,78.0,1723,31,8,11,5.5,1
1121_0,16.1,737.0,80.0,101,31,22,2,7.1,1
1123_0,16.0,831.0,73.0,366,32,21,5,7.0,1
1139_0,11.0,1753.0,79.0,1395,22,20,14,5.3,1
1142_0,15.6,476.0,88.0,98,22,33,4,7.2,1
1145_0,16.2,545.0,79.0,164,32,25,2,7.0,1
1157_0,16.2,554.0,83.0,26,24,37,4,7.6,1
1166_0,16.1,464.0,88.0,5,41,29,2,7.7,1
1175_0,6.7,781.0,64.0,1685,34,9,8,5.6,1
1178_0,16.2,489.0,88.0,37,21,24,4,7.2,1
1194_0,12.7,1339.0,79.0,1098,32,20,7,5.8,1
1197_0,9.4,373.0,61.0,1246,34,18,2,7.7,1
1208_0,16.7,534.0,83.0,20,24,29,2,7.2,1
1210_0,12.8,1398.0,83.0,837,22,24,8,5.3,1
1219_0,16.3,599.0,84.0,28,34,40,4,7.2,1
1237_0,6.8,686.0,64.0,1692,41,8,9,5.7,1
1281_0,16.6,537.0,80.0,93,34,22,4,6.7,1
1282_0,10.3,1377.0,83.0,1246,21,19,10,5.3,1
1285_0,7.5,1171.0,71.0,1493,41,14,12,5.5,1
1345_0,6.3,526.0,57.0,1803,23,6,9,6.1,1
1347_0,16.4,609.0,84.0,28,34,23,2,7.2,1
1368_0,16.0,498.0,88.0,76,21,24,3,7.3,1
1383_0,13.7,1197.0,79.0,1044,23,22,9,5.5,1
1393_0,9.6,1512.0,77.0,1402,22,16,17,5.6,1
1399_0,15.9,446.0,85.0,38,24,28,2,7.4,1
1408_0,9.2,1510.0,78.0,1486,22,14,12,5.6,1
1414_0,16.1,571.0,84.0,172,21,26,3,7.0,1
1418_0,16.2,557.0,83.0,22,24,42,3,7.1,1
1421_0,15.9,515.0,93.0,25,24,23,3,7.2,1
1427_0,16.8,551.0,79.0,83,24,20,2,7.2,1
1433_0,16.0,831.0,73.0,371,22,23,4,6.9,1
1457_0,16.4,1071.0,79.0,246,32,23,4,7.0,1
1470_0,7.1,471.0,57.0,1627,31,22,4,6.3,1
1483_0,16.7,553.0,77.0,117,34,19,2,6.8,1
1491_0,15.6,441.0,83.0,17,41,25,4,7.3,1
1512_0,13.3,1308.0,78.0,1012,22,22,7,5.8,1
1523_0,14.1,789.0,89.0,615,22,21,4,6.9,1
1530_0,17.0,844.0,75.0,143,22,22,2,6.9,1
1562_0,15.8,919.0,72.0,406,32,22,3,7.0,1
1579_0,15.9,444.0,86.0,12,24,29,2,7.4,1
1595_0,14.3,938.0,71.0,670,21,20,4,6.8,1
1608_0,16.3,478.0,87.0,4,34,37,5,7.5,1
1626_0,15.8,461.0,90.0,7,24,26,2,7.2,1
1642_0,16.6,609.0,85.0,23,34,33,5,6.7,1
1665_0,7.7,558.0,64.0,1541,32,22,7,6.7,1
1670_0,16.3,495.0,88.0,26,24,30,2,7.2,1
1683_0,6.3,1101.0,72.0,1883,32,12,13,5.6,1
1701_0,4.3,1013.0,60.0,2183,22,9,10,5.4,1
1718_0,14.4,1119.0,81.0,707,21,20,5,5.8,1
1722_0,12.4,1454.0,79.0,1097,22,22,9,5.9,1
1730_0,16.6,524.0,84.0,17,24,26,2,7.2,1
1740_0,16.3,555.0,78.0,158,32,23,3,7.2,1
1786_0,15.7,428.0,88.0,2,34,26,2,7.6,1
1791_0,16.4,472.0,84.0,4,24,45,4,7.5,1
1803_0,7.0,1089.0,68.0,1688,21,11,10,5.7,1
1805_0,16.0,418.0,82.0,40,34,22,3,7.4,1
1825_0,16.4,465.0,85.0,7,34,32,2,7.5,1
1844_0,10.0,1040.0,78.0,1072,41,20,8,6.3,1
1864_0,15.5,1027.0,83.0,185,42,21,6,6.4,1
1904_0,14.7,915.0,71.0,650,21,18,3,6.7,1
1935_0,16.1,571.0,84.0,124,21,22,3,6.9,1
1964_0,11.5,1597.0,82.0,1017,22,24,8,5.5,1
1971_0,8.0,1100.0,76.0,1548,33,14,18,5.5,1
1983_0,8.7,1141.0,76.0,1352,33,15,15,5.6,1
1984_0,15.5,575.0,82.0,273,22,32,3,7.4,1
2009_0,12.3,1417.0,82.0,648,42,21,7,6.2,1
2012_0,6.7,1110.0,72.0,1898,22,12,13,5.7,1
2019_0,13.1,1374.0,79.0,1091,21,20,8,5.6,1
2020_0,8.1,1361.0,77.0,1676,21,13,14,5.6,1
2039_0,16.4,804.0,82.0,75,42,21,4,7.3,1
2046_0,16.0,453.0,88.0,11,41,29,4,7.1,1
2054_0,7.8,1311.0,76.0,1752,22,10,16,5.5,1
2085_0,14.1,1189.0,82.0,654,32,20,5,5.7,1
2088_0,11.8,1459.0,84.0,902,32,24,9,5.6,1
2127_0,15.3,928.0,83.0,429,21,24,4,7.4,1
2150_0,15.9,443.0,82.0,41,24,18,2,6.8,1
2157_0,15.5,411.0,84.0,3,34,16,2,7.8,1
2168_0,16.0,482.0,82.0,91,21,27,2,7.0,1
2189_0,10.4,1042.0,78.0,1042,32,19,7,6.4,1
2210_0,7.0,942.0,67.0,1637,31,11,9,5.5,1
2214_0,8.0,1394.0,76.0,1689,22,15,13,5.3,1
2216_0,16.4,530.0,80.0,98,24,19,2,7.2,1
2218_0,16.1,627.0,81.0,47,24,21,2,7.1,1
2227_0,11.9,1513.0,78.0,1258,22,20,10,5.8,1
2231_0,16.1,485.0,83.0,24,34,40,5,7.2,1
2232_0,16.1,493.0,87.0,25,24,28,2,7.6,1
2238_0,12.7,1333.0,78.0,1097,21,20,7,5.6,1
2245_0,15.1,757.0,91.0,48,34,26,3,7.2,1
2250_0,6.0,1180.0,71.0,1989,22,6,18,5.2,1
2252_0,14.9,742.0,82.0,462,21,20,3,7.1,1
2271_0,14.8,585.0,90.0,23,32,21,3,7.0,1
2288_0,7.8,1550.0,77.0,1787,31,6,14,5.4,1
2316_0,10.4,1475.0,79.0,1522,11,20,9,5.9,1
2319_0,15.9,455.0,88.0,28,24,29,2,7.4,1
2325_0,15.3,628.0,81.0,344,34,27,3,7.1,1
2340_0,7.7,1181.0,76.0,1610,32,13,18,5.5,1
2344_0,16.4,558.0,84.0,51,21,22,2,7.4,1
2351_0,15.7,930.0,84.0,239,31,24,5,7.0,1
2377_0,16.4,581.0,84.0,66,21,24,2,7.6,1
2380_0,14.7,622.0,91.0,18,31,21,4,7.1,1
2388_0,14.6,778.0,91.0,339,41,24,3,6.9,1
2389_0,16.6,524.0,85.0,18,34,23,2,7.3,1
2406_0,13.8,1031.0,91.0,508,31,23,3,6.7,1
2412_0,16.6,748.0,76.0,206,21,26,2,7.2,1
2417_0,16.4,603.0,86.0,36,34,20,2,7.3,1
2422_0,13.8,1028.0,91.0,548,32,22,7,5.9,1
2442_0,9.1,1448.0,78.0,1459,33,15,12,5.6,1
2453_0,15.4,523.0,92.0,11,34,32,2,7.4,1
2459_0,9.2,1008.0,77.0,1337,22,18,8,5.7,1
2474_0,15.5,402.0,85.0,2,24,15,2,7.4,1
2483_0,11.3,1463.0,85.0,1028,21,19,9,5.4,1
2495_0,16.8,618.0,77.0,104,24,25,2,7.3,1
2534_0,7.0,728.0,66.0,1617,41,8,8,5.6,1
2540_0,16.2,747.0,84.0,90,41,24,3,7.2,1
2564_0,15.8,430.0,88.0,1,24,30,3,7.5,1
2585_0,4.6,817.0,59.0,2246,12,10,16,5.8,1
2611_0,15.0,743.0,83.0,382,31,21,4,6.3,1
2614_0,16.6,593.0,84.0,24,24,22,2,7.1,1
2615_0,9.3,901.0,75.0,1234,31,17,8,6.0,1
2616_0,16.1,517.0,82.0,45,24,21,3,7.2,1
2628_0,16.3,554.0,92.0,38,24,25,3,6.8,1
2629_0,16.3,502.0,88.0,20,41,21,3,7.4,1
2673_0,14.2,800.0,90.0,470,22,24,4,6.5,1
2676_0,12.0,1564.0,79.0,1075,42,20,8,5.7,1
2678_0,16.0,470.0,83.0,26,24,30,2,7.2,1
2685_0,15.5,581.0,80.0,311,31,25,4,7.1,1
2701_0,16.3,452.0,86.0,1,24,38,4,7.3,1
2709_0,5.7,1334.0,75.0,2051,21,6,10,5.5,1
2714_0,11.2,1749.0,80.0,1371,33,21,14,5.5,1
2759_0,14.7,697.0,89.0,107,32,27,3,7.1,1
2769_0,14.9,820.0,92.0,69,31,23,5,6.5,1
2771_0,16.4,565.0,83.0,23,34,35,5,7.1,1
2791_0,7.5,1017.0,72.0,1526,22,8,12,5.8,1
2807_0,11.8,1593.0,81.0,1159,21,22,9,5.4,1
2813_0,8.0,368.0,57.0,1475,32,18,2,7.4,1
2818_0,4.4,1164.0,65.0,2235,22,10,18,5.5,1
2859_0,8.2,1599.0,77.0,1622,41,9,8,6.0,1
2864_0,11.6,1566.0,82.0,822,33,23,8,5.7,1
2876_0,11.4,1605.0,81.0,1090,22,24,8,5.5,1
2879_0,16.0,458.0,83.0,29,24,30,3,6.8,1
2882_0,10.3,1061.0,77.0,1064,34,20,3,7.3,1
2894_0,16.2,498.0,88.0,33,24,26,2,7.5,1
2910_0,8.2,1168.0,77.0,1474,41,16,16,5.3,1
2919_0,16.1,641.0,82.0,48,34,22,2,7.1,1
2932_0,14.7,903.0,70.0,643,22,20,4,6.8,1
2935_0,16.0,650.0,82.0,50,24,21,4,7.1,1
2957_0,17.0,611.0,76.0,105,34,24,2,7.1,1
2973_0,13.8,1243.0,80.0,709,33,25,11,5.8,1
2980_0,16.5,718.0,75.0,283,32,24,4,7.1,1
2982_0,16.5,583.0,86.0,30,34,21,4,7.3,1
2986_0,16.2,578.0,92.0,51,34,25,4,7.4,1
2992_0,16.2,674.0,82.0,45,34,32,4,7.2,1
2995_0,14.2,947.0,73.0,710,21,19,4,6.9,1
3003_0,15.7,472.0,87.0,58,32,30,3,7.3,1
3017_0,16.3,549.0,84.0,22,34,41,4,7.5,1
3034_0,15.4,551.0,83.0,268,32,27,3,7.1,1
3048_0,16.1,513.0,82.0,136,34,29,5,7.0,1
3065_0,16.7,554.0,78.0,71,41,23,2,7.2,1
3082_0,15.5,785.0,83.0,318,22,21,5,6.9,1
3094_0,12.0,1516.0,82.0,1012,21,24,9,5.6,1
3100_0,16.2,479.0,81.0,112,22,23,2,7.2,1
3105_0,14.7,645.0,92.0,2,34,29,4,7.1,1
3131_0,16.4,697.0,77.0,213,21,22,3,7.1,1
3132_0,16.3,641.0,84.0,82,31,16,2,6.6,1
3148_0,6.2,1150.0,68.0,1766,32,11,13,5.7,1
3154_0,16.8,924.0,74.0,174,21,20,2,7.1,1
3206_0,6.9,1440.0,77.0,1970,21,12,12,5.6,1
3231_0,9.0,1723.0,78.0,1569,32,10,10,5.4,1
3233_0,16.4,539.0,79.0,150,31,20,2,6.9,1
3264_0,16.0,520.0,83.0,72,24,22,2,6.8,1
3265_0,15.9,559.0,80.0,219,22,25,2,7.4,1
3282_0,16.3,535.0,84.0,73,32,22,2,7.2,1
3290_0,7.6,1181.0,71.0,1495,31,12,11,5.8,1
3307_0,6.4,726.0,62.0,1769,22,11,12,5.7,1
3312_0,16.1,507.0,83.0,95,31,27,3,7.4,1
3314_0,15.7,528.0,81.0,234,21,27,2,7.0,1
3352_0,16.0,640.0,82.0,52,24,21,2,7.2,1
3369_0,14.6,875.0,84.0,373,42,19,5,6.5,1
3378_0,8.6,1633.0,78.0,1608,32,9,8,5.7,1
3403_0,16.6,668.0,84.0,32,34,23,2,7.3,1
3418_0,16.4,618.0,86.0,41,24,19,2,7.3,1
3424_0,9.7,1060.0,79.0,1181,32,15,9,5.6,1
3445_0,15.0,475.0,88.0,19,22,28,4,7.2,1
3447_0,9.0,1082.0,78.0,1385,21,15,11,6.2,1
3448_0,9.3,418.0,66.0,1266,32,14,2,7.3,1
3449_0,13.8,1317.0,81.0,937,32,21,7,5.7,1
3464_0,16.4,824.0,79.0,189,32,24,2,7.2,1
3468_0,8.0,1143.0,75.0,1496,33,14,18,5.6,1
3473_0,15.6,417.0,88.0,3,34,25,3,7.2,1
3482_0,14.2,1379.0,83.0,542,31,17,7,5.6,1
3488_0,11.5,1615.0,81.0,994,41,24,8,5.7,1
3523_0,10.7,731.0,78.0,1073,22,21,8,5.5,1
3529_0,15.7,469.0,91.0,8,34,24,4,7.0,1
3532_0,16.0,462.0,87.0,4,34,35,4,7.4,1
3576_0,16.9,722.0,72.0,163,32,21,2,7.2,1
3578_0,16.2,481.0,86.0,18,24,26,2,7.6,1
3595_0,15.5,514.0,83.0,216,41,37,2,7.0,1
3613_0,16.0,466.0,87.0,25,34,17,2,6.8,1
3617_0,7.8,1200.0,76.0,1729,21,6,12,5.5,1
3620_0,16.9,965.0,78.0,139,34,23,2,7.3,1
3647_0,15.8,628.0,92.0,114,31,29,3,7.4,1
3652_0,15.8,437.0,86.0,16,24,26,2,7.6,1
3660_0,9.6,893.0,75.0,1324,22,16,9,5.7,1
3679_0,7.2,1152.0,73.0,1775,22,10,16,5.2,1
3680_0,16.2,628.0,83.0,157,11,16,2,7.1,1
3685_0,15.8,471.0,88.0,14,24,29,2,7.6,1
3688_0,16.3,579.0,83.0,26,34,38,5,7.0,1
3689_0,16.4,569.0,83.0,24,24,21,3,6.6,1
3693_0,15.9,436.0,86.0,24,34,31,2,7.6,1
3704_0,16.3,455.0,86.0,15,34,24,2,7.2,1
3706_0,16.8,600.0,77.0,90,24,24,2,7.3,1
3710_0,8.7,995.0,77.0,1355,21,17,10,5.8,1
3721_0,15.8,448.0,88.0,5,24,23,2,7.7,1
3724_0,10.9,1472.0,79.0,1381,32,22,8,6.2,1
3745_0,14.1,993.0,91.0,502,11,24,5,5.3,1
3746_0,15.5,568.0,88.0,219,32,27,2,7.4,1
3752_0,7.4,1102.0,72.0,1545,21,15,12,5.8,1
3755_0,16.2,794.0,74.0,292,41,22,3,7.1,1
3773_0,16.2,419.0,81.0,74,22,18,2,6.6,1
3781_0,15.7,540.0,88.0,118,34,24,3,7.1,1
3785_0,6.8,1316.0,75.0,1872,31,12,15,5.3,1
3833_0,16.6,859.0,79.0,182,34,21,2,7.0,1
3834_0,16.1,505.0,87.0,72,21,25,2,7.1,1
3838_0,9.3,814.0,75.0,1220,41,16,7,6.4,1
3853_0,6.3,1047.0,63.0,1768,31,11,11,5.8,1
3883_0,5.3,847.0,59.0,1956,22,9,10,5.9,1
3887_0,15.8,457.0,87.0,5,34,35,3,7.7,1
3898_0,16.0,598.0,85.0,139,34,20,2,7.1,1
3909_0,15.7,659.0,85.0,275,11,24,2,6.1,1
3910_0,15.6,409.0,82.0,11,34,24,2,7.2,1
3914_0,13.8,1296.0,80.0,927,41,24,8,5.5,1
3938_0,16.3,485.0,88.0,22,41,25,3,7.4,1
3946_0,6.0,952.0,69.0,1961,21,12,10,5.7,1
3954_0,15.4,392.0,88.0,56,22,29,3,6.8,1
3958_0,14.1,1475.0,83.0,784,12,24,7,5.2,1
3994_0,16.2,464.0,88.0,19,24,27,2,7.2,1
3995_0,6.3,746.0,60.0,1778,34,11,8,5.8,1
3997_0,7.6,424.0,57.0,1539,31,12,2,7.3,1
4003_0,10.4,1427.0,82.0,1278,21,20,9,5.2,1
4007_0,14.6,608.0,89.0,377,41,27,4,7.0,1
4010_0,6.3,846.0,64.0,1772,21,11,11,5.8,1
4024_0,16.0,502.0,84.0,74,22,19,2,6.6,1
4029_0,15.8,441.0,88.0,3,34,32,2,7.4,1
4031_0,8.7,1162.0,71.0,1275,32,22,8,6.0,1
4040_0,16.7,570.0,79.0,56,34,31,4,7.1,1
4043_0,16.1,517.0,83.0,68,22,20,2,6.5,1
4047_0,15.6,785.0,83.0,250,31,21,4,7.0,1
4055_0,14.4,995.0,80.0,665,31,14,4,6.2,1
4064_0,15.8,582.0,90.0,155,22,26,2,7.3,1
4077_0,15.7,435.0,82.0,24,24,16,2,7.6,1
4097_0,15.5,964.0,78.0,430,41,21,4,6.7,1
4098_0,16.5,483.0,84.0,11,24,42,18,7.6,1
4100_0,13.4,1444.0,82.0,776,32,23,7,5.7,1
4115_0,14.7,616.0,90.0,3,34,23,4,6.9,1
4122_0,16.3,496.0,87.0,16,41,21,2,6.7,1
4129_0,6.9,1176.0,68.0,1657,22,11,10,5.7,1
4156_0,11.2,1533.0,83.0,993,33,20,9,5.4,1
4184_0,11.8,1569.0,81.0,877,33,21,8,5.7,1
4191_0,16.3,465.0,85.0,13,24,29,2,7.5,1
4193_0,6.3,813.0,64.0,1770,31,11,12,5.6,1
4194_0,15.0,788.0,92.0,52,31,26,3,7.0,1
4209_0,3.4,1151.0,62.0,2332,21,9,13,5.4,1
4219_0,16.0,796.0,75.0,342,32,23,4,7.0,1
4220_0,16.0,467.0,85.0,28,24,36,5,7.9,1
4226_0,16.1,481.0,83.0,22,34,29,3,7.4,1
4233_0,9.4,1495.0,78.0,1461,23,15,11,6.6,1
4253_0,14.7,880.0,92.0,86,31,22,4,6.7,1
4335_0,16.3,635.0,81.0,54,34,24,4,7.1,1
4367_0,13.4,1305.0,78.0,959,42,21,7,6.0,1
4395_0,9.3,1437.0,79.0,1548,21,17,7,6.0,1
4398_0,9.1,920.0,75.0,1316,41,13,9,5.7,1
4410_0,14.7,629.0,91.0,3,34,21,4,7.4,1
4411_0,5.7,860.0,66.0,1973,32,9,12,5.8,1
4412_0,11.7,1087.0,69.0,853,31,22,8,5.8,1
4418_0,16.4,656.0,80.0,73,34,25,3,7.2,1
4420_0,16.4,740.0,85.0,79,31,22,2,7.3,1
4442_0,16.3,603.0,83.0,112,34,16,2,6.6,1
4447_0,12.3,996.0,72.0,893,42,22,8,6.0,1
4454_0,6.3,850.0,67.0,1909,22,7,18,6.0,1
4463_0,16.0,638.0,79.0,247,32,28,2,7.1,1
4504_0,16.2,785.0,78.0,245,32,24,3,7.2,1
4536_0,6.8,1122.0,69.0,1700,32,9,15,5.5,1
4601_0,16.0,482.0,83.0,25,24,35,4,7.5,1
4610_0,15.4,483.0,86.0,266,21,27,3,7.1,1
4614_0,16.3,546.0,83.0,18,24,39,5,7.4,1
4649_0,7.3,976.0,69.0,1527,41,9,12,6.1,1
4672_0,16.5,536.0,80.0,82,31,17,2,7.3,1
4680_0,16.4,614.0,85.0,46,34,21,2,7.3,1
4688_0,14.8,1071.0,84.0,414,32,14,3,6.0,1
4691_0,15.4,880.0,74.0,525,12,22,4,7.0,1
4693_0,16.5,592.0,83.0,31,24,29,2,7.4,1
4707_0,15.8,474.0,89.0,11,34,28,2,7.2,1
4722_0,6.0,911.0,66.0,2000,22,13,14,5.8,1
4782_0,16.7,560.0,79.0,69,31,20,2,7.3,1
4785_0,16.4,530.0,85.0,36,34,21,2,7.4,1
4807_0,16.0,431.0,85.0,16,24,26,2,7.5,1
4808_0,15.8,898.0,78.0,357,32,23,3,7.1,1
4838_0,16.1,523.0,83.0,67,34,18,3,6.8,1
4847_0,15.4,511.0,93.0,17,34,28,2,7.1,1
4860_0,16.4,470.0,84.0,4,34,44,4,7.5,1
4862_0,15.0,1313.0,82.0,637,22,27,7,5.9,1
4880_0,14.6,636.0,89.0,98,21,18,3,6.9,1
4889_0,16.2,513.0,83.0,65,24,20,2,7.6,1
4974_0,8.6,1402.0,77.0,1597,22,13,14,5.4,1
4983_0,15.6,504.0,82.0,195,31,30,2,7.1,1
4993_0,15.6,476.0,85.0,148,31,39,2,7.0,1
4999_0,16.9,560.0,78.0,114,34,18,2,7.2,1
5006_0,16.5,505.0,83.0,13,24,24,2,7.3,1
5019_0,15.4,432.0,83.0,8,24,18,2,7.8,1
5020_0,7.4,1261.0,70.0,1479,32,15,11,5.7,1
5024_0,16.2,682.0,85.0,108,41,25,3,7.1,1
5034_0,16.1,625.0,82.0,147,21,14,5,6.4,1
5035_0,16.4,703.0,78.0,172,31,23,2,7.1,1
5046_0,16.4,607.0,85.0,55,24,21,2,7.2,1
5058_0,16.5,636.0,83.0,32,34,23,3,6.7,1
5070_0,15.9,440.0,87.0,7,34,31,2,7.4,1
5199_0,16.2,689.0,80.0,63,34,30,2,7.2,1
5210_0,16.2,487.0,88.0,35,34,26,2,7.6,1
5224_0,13.5,1295.0,84.0,593,32,20,7,5.3,1
5227_0,16.7,588.0,76.0,161,22,23,2,7.1,1
5234_0,16.4,707.0,84.0,58,22,22,2,6.9,1
5253_0,6.2,848.0,63.0,1813,21,11,11,5.9,1
5261_0,16.2,524.0,91.0,32,34,28,2,7.4,1
5262_0,16.4,591.0,83.0,27,34,36,4,6.9,1
5265_0,16.5,575.0,86.0,28,34,21,3,7.1,1
5272_0,15.8,473.0,84.0,87,41,24,3,7.0,1
5277_0,15.9,478.0,88.0,79,34,26,3,7.3,1
5281_0,16.5,611.0,80.0,56,34,24,2,7.2,1
5328_0,16.1,535.0,81.0,181,41,23,2,7.3,1
5333_0,16.3,559.0,83.0,23,34,35,8,7.1,1
5335_0,15.8,540.0,80.0,189,41,31,2,7.4,1
5344_0,15.4,609.0,81.0,338,34,25,3,6.9,1
5364_0,15.9,496.0,91.0,21,34,30,2,7.5,1
5377_0,16.3,471.0,86.0,10,34,26,2,7.4,1
5382_0,15.4,509.0,88.0,130,32,31,3,7.4,1
5391_0,5.9,597.0,58.0,1882,31,6,8,6.1,1
5399_0,16.7,659.0,76.0,190,22,22,3,7.1,1
5403_0,16.2,460.0,86.0,11,34,23,2,7.3,1
5425_0,12.9,1441.0,83.0,751,32,19,8,5.3,1
5465_0,9.6,1783.0,80.0,1520,41,15,11,5.8,1
5508_0,16.0,438.0,86.0,24,34,27,2,7.6,1
5513_0,15.7,414.0,87.0,-1,24,33,3,7.0,1
5517_0,7.3,1270.0,75.0,1821,12,11,14,5.4,1
5523_0,16.0,698.0,81.0,70,34,25,2,7.3,1
5566_0,15.3,412.0,87.0,-2,24,24,7,6.8,1
5577_0,16.6,661.0,77.0,184,22,19,2,6.7,1
5579_0,16.2,489.0,84.0,18,24,33,5,7.4,1
5643_0,13.8,1021.0,74.0,721,11,21,3,7.1,1
5664_0,15.6,421.0,85.0,3,24,22,5,6.7,1
5692_0,16.4,762.0,83.0,73,34,24,2,7.4,1
5711_0,16.0,483.0,83.0,22,34,32,5,7.0,1
5714_0,15.2,933.0,76.0,533,21,21,4,6.9,1
5719_0,16.4,530.0,79.0,96,32,18,2,7.1,1
5721_0,10.0,757.0,79.0,1217,32,17,8,5.2,1
5727_0,15.9,454.0,88.0,6,24,30,2,7.5,1
5733_0,16.4,675.0,78.0,107,24,26,2,6.9,1
5743_0,6.2,756.0,65.0,1823,32,9,12,5.7,1
5790_0,17.0,568.0,76.0,89,34,19,3,6.9,1
5800_0,16.5,532.0,85.0,18,34,22,4,6.9,1
5833_0,15.8,467.0,89.0,12,24,29,2,7.4,1
5836_0,16.1,768.0,79.0,164,21,23,2,6.8,1
5847_0,16.2,519.0,83.0,22,24,40,4,7.6,1
5853_0,16.9,558.0,78.0,78,24,21,2,7.3,1
5885_0,4.8,956.0,59.0,2119,31,6,10,5.4,1
5886_0,7.8,862.0,73.0,1607,32,9,16,5.9,1
5900_0,15.7,583.0,94.0,30,34,31,2,7.2,1
5903_0,13.2,1289.0,78.0,929,31,20,7,5.6,1
6005_0,7.1,1199.0,70.0,1711,22,12,12,5.6,1
6018_0,6.2,575.0,59.0,1871,22,10,6,6.1,1
6045_0,8.8,1256.0,79.0,1477,21,12,17,5.2,1
6062_0,14.5,1219.0,81.0,725,21,23,6,6.2,1
6067_0,16.6,561.0,80.0,62,34,24,2,7.2,1
6072_0,5.9,1355.0,75.0,2031,21,5,14,5.3,1
6081_0,15.9,443.0,88.0,10,41,30,2,7.6,1
6086_0,14.7,880.0,83.0,469,21,20,5,6.2,1
6096_0,8.0,1020.0,76.0,1518,12,16,10,6.1,1
6101_0,16.6,544.0,79.0,67,34,21,3,7.3,1
6105_0,10.0,1367.0,82.0,1308,22,16,9,5.3,1
6118_0,16.4,470.0,84.0,6,34,44,6,7.4,1
6143_0,15.2,460.0,89.0,0,34,25,4,7.3,1
6145_0,14.4,890.0,90.0,437,34,28,3,7.0,1
6159_0,16.1,464.0,88.0,9,34,28,2,7.4,1
6162_0,16.6,548.0,86.0,18,41,24,2,7.1,1
6244_0,11.5,817.0,80.0,1021,31,24,8,5.4,1
6333_0,15.8,454.0,87.0,39,34,29,4,6.8,1
6341_0,16.4,491.0,86.0,11,24,29,3,7.3,1
6346_0,14.4,1105.0,81.0,529,41,22,7,5.9,1
6347_0,16.4,697.0,82.0,51,34,23,2,7.4,1
6355_0,16.1,697.0,81.0,67,34,25,2,7.3,1
6375_0,7.5,1031.0,72.0,1506,34,11,8,5.6,1
6377_0,16.1,679.0,83.0,175,34,15,4,6.6,1
6391_0,15.0,929.0,83.0,449,22,22,5,6.4,1
6462_0,15.9,455.0,86.0,34,24,35,5,7.4,1
6463_0,16.4,554.0,84.0,40,34,23,2,7.5,1
6464_0,15.9,488.0,83.0,54,31,20,3,6.9,1
6472_0,15.6,416.0,87.0,0,24,28,2,7.3,1
6496_0,16.3,756.0,82.0,73,24,23,2,7.4,1
6507_0,6.9,1468.0,77.0,1886,22,11,15,5.6,1
6521_0,16.2,758.0,82.0,82,22,25,2,7.0,1
6532_0,15.7,456.0,85.0,125,22,38,3,7.0,1
6536_0,15.4,508.0,91.0,4,34,22,2,7.3,1
6569_0,5.4,564.0,57.0,1955,22,15,8,6.1,1
6575_0,16.4,502.0,87.0,16,24,30,3,7.3,1
6584_0,4.9,1131.0,62.0,2102,21,9,13,5.6,1
6586_0,15.8,447.0,86.0,34,34,26,4,7.1,1
6592_0,16.4,478.0,85.0,10,24,40,5,7.5,1
6596_0,15.8,480.0,90.0,14,34,24,2,7.4,1
6605_0,16.0,464.0,86.0,20,34,22,2,7.3,1
6676_0,6.6,1198.0,67.0,1800,22,12,13,5.8,1
6705_0,6.3,1120.0,69.0,1874,11,11,13,5.9,1
6734_0,15.7,462.0,87.0,46,34,30,4,7.2,1
6739_0,5.3,865.0,65.0,2119,22,9,13,5.5,1
6757_0,8.6,1459.0,77.0,1668,21,13,12,5.5,1
6800_0,16.1,557.0,91.0,92,21,33,3,7.0,1
6805_0,16.3,539.0,85.0,76,21,23,2,7.3,1
6817_0,15.8,476.0,84.0,38,21,18,2,6.7,1
6830_0,16.3,577.0,78.0,182,32,24,2,7.1,1
6836_0,15.8,438.0,87.0,11,24,25,2,7.5,1
6854_0,8.0,967.0,75.0,1430,24,12,7,5.9,1
6872_0,11.3,1716.0,80.0,1138,32,23,10,5.7,1
6874_0,15.8,499.0,83.0,171,22,38,3,7.2,1
6877_0,16.3,449.0,85.0,6,34,34,2,7.8,1
6883_0,14.5,910.0,82.0,532,22,14,5,5.7,1
6906_0,16.5,483.0,83.0,11,34,26,2,7.2,1
6911_0,16.1,577.0,81.0,36,24,20,2,7.1,1
6956_0,16.2,389.0,80.0,59,34,21,2,6.9,1
6973_0,15.5,402.0,84.0,3,34,17,2,7.8,1
7019_0,7.5,859.0,71.0,1523,34,14,7,6.0,1
7023_0,4.9,689.0,57.0,2036,31,6,10,5.5,1
7063_0,14.3,939.0,82.0,558,21,21,5,5.9,1
7068_0,16.2,588.0,82.0,94,24,11,3,6.7,1
7075_0,16.7,564.0,77.0,135,32,19,2,7.1,1
7087_0,16.2,500.0,84.0,17,34,35,6,7.1,1
7091_0,15.9,474.0,84.0,32,24,20,2,7.0,1
7116_0,15.6,468.0,86.0,96,32,32,4,7.2,1
7127_0,14.8,816.0,82.0,459,21,20,4,6.7,1
7188_0,8.6,999.0,73.0,1233,41,16,10,5.6,1
7203_0,7.0,856.0,68.0,1618,21,8,10,5.7,1
7211_0,16.2,529.0,81.0,57,24,19,2,7.4,1
7217_0,16.5,565.0,85.0,23,34,23,2,7.5,1
7222_0,15.9,438.0,86.0,32,24,28,3,7.6,1
7238_0,6.0,601.0,58.0,1856,22,8,9,5.9,1
7246_0,16.1,491.0,84.0,28,34,33,4,7.5,1
7247_0,15.5,422.0,90.0,27,24,24,2,6.8,1
7249_0,16.4,784.0,78.0,227,21,25,2,7.1,1
7261_0,6.3,943.0,69.0,1949,21,11,14,5.8,1
7282_0,16.1,491.0,81.0,134,22,21,4,6.9,1
7299_0,14.9,835.0,85.0,441,31,21,4,6.6,1
7307_0,13.4,1475.0,84.0,669,22,19,8,5.3,1
7309_0,15.6,448.0,91.0,4,24,21,2,7.2,1
7341_0,15.8,434.0,86.0,6,24,25,2,7.6,1
7347_0,15.6,424.0,83.0,18,34,17,2,7.7,1
7375_0,16.1,398.0,80.0,55,24,19,3,7.0,1
7401_0,13.3,1049.0,75.0,859,22,23,4,6.8,1
7402_0,16.0,394.0,82.0,26,34,24,2,7.0,1
7403_0,16.3,662.0,85.0,102,32,22,4,6.7,1
7412_0,15.5,414.0,85.0,4,24,15,2,7.8,1
7414_0,14.7,1049.0,83.0,484,41,23,3,6.9,1
7422_0,11.5,1582.0,82.0,964,22,21,7,5.4,1
7448_0,8.1,1613.0,79.0,1689,41,14,14,5.6,1
7466_0,16.0,405.0,82.0,28,34,25,3,7.2,1
7488_0,13.4,1304.0,82.0,777,32,21,6,5.8,1
7502_0,15.6,586.0,81.0,266,22,25,2,7.1,1
7516_0,16.0,449.0,81.0,87,24,25,4,6.6,1
7528_0,16.6,811.0,78.0,175,34,26,2,7.3,1
7549_0,12.4,1358.0,78.0,1229,21,20,9,5.6,1
7584_0,14.9,693.0,91.0,22,34,26,2,6.7,1
7588_0,9.1,927.0,75.0,1341,32,15,8,5.6,1
7589_0,15.2,755.0,83.0,354,33,18,5,6.5,1
7603_0,9.1,1159.0,77.0,1312,42,17,8,6.2,1
7615_0,15.3,512.0,84.0,260,22,28,2,7.3,1
7620_0,15.1,778.0,89.0,376,31,15,2,6.7,1
7632_0,16.2,512.0,85.0,62,21,25,2,6.7,1
7637_0,7.6,1139.0,74.0,1623,21,15,13,5.6,1
7664_0,16.2,443.0,86.0,9,41,30,2,7.6,1
7678_0,15.6,541.0,88.0,119,34,24,2,7.4,1
7682_0,15.9,430.0,86.0,24,34,37,4,7.6,1
7699_0,12.5,1543.0,84.0,767,31,28,10,5.8,1
7748_0,16.6,498.0,84.0,11,24,23,2,7.3,1
7768_0,7.0,735.0,67.0,1727,21,15,9,5.9,1
7785_0,16.3,510.0,87.0,37,41,25,2,7.3,1
7794_0,15.6,394.0,87.0,-4,24,31,2,7.6,1
7802_0,16.2,497.0,85.0,50,21,20,2,6.8,1
7824_0,16.1,590.0,92.0,48,24,22,2,7.2,1
7836_0,11.3,1573.0,80.0,1075,32,20,10,5.3,1
7838_0,8.7,741.0,72.0,1384,23,12,10,6.2,1
7871_0,16.3,467.0,88.0,7,34,33,2,7.4,1
7923_0,16.3,551.0,84.0,22,34,31,5,7.2,1
7924_0,16.1,803.0,79.0,252,22,25,2,7.1,1
7928_0,16.4,533.0,83.0,20,34,38,5,7.5,1
7944_0,16.6,668.0,84.0,30,41,23,2,7.2,1
7946_0,16.2,503.0,83.0,62,34,23,2,7.7,1
7985_0,15.1,760.0,85.0,418,21,23,3,7.2,1
8069_0,16.0,557.0,79.0,204,22,22,2,7.4,1
8071_0,14.4,944.0,80.0,639,32,15,5,6.1,1
8091_0,15.6,403.0,89.0,0,34,28,4,6.9,1
8116_0,6.6,1077.0,69.0,1818,21,9,18,5.6,1
8126_0,15.9,423.0,83.0,13,34,48,4,7.4,1
8128_0,15.6,938.0,83.0,248,42,24,5,6.8,1
8134_0,15.4,518.0,82.0,261,22,29,2,7.3,1
8138_0,15.8,453.0,89.0,7,34,18,2,7.4,1
8176_0,16.5,679.0,84.0,37,34,22,2,7.3,1
8177_0,5.0,1092.0,69.0,2134,21,6,14,5.4,1
8180_0,15.5,394.0,89.0,13,34,25,2,7.1,1
8216_0,6.1,945.0,68.0,1847,22,12,17,5.8,1
8218_0,7.0,1024.0,67.0,1638,31,13,12,5.8,1
8223_0,16.1,744.0,84.0,126,41,26,4,7.2,1
8235_0,7.9,1173.0,76.0,1629,21,6,13,5.4,1
8241_0,16.1,506.0,83.0,54,31,18,3,6.8,1
8273_0,7.5,967.0,70.0,1509,31,9,9,5.9,1
8285_0,14.9,805.0,81.0,356,42,20,5,6.4,1
8292_0,5.8,842.0,60.0,1908,22,10,10,6.2,1
8301_0,13.3,1290.0,79.0,1069,21,19,7,5.9,1
8305_0,5.9,761.0,63.0,1852,22,9,10,5.7,1
8310_0,14.8,632.0,89.0,247,42,27,2,7.2,1
8328_0,15.8,529.0,81.0,209,31,35,2,7.3,1
8330_0,7.6,949.0,73.0,1472,32,13,14,5.7,1
8372_0,16.2,481.0,79.0,118,21,20,3,6.9,1
8398_0,16.5,536.0,80.0,79,31,17,2,7.2,1
8400_0,5.8,938.0,68.0,2008,21,12,10,5.7,1
8417_0,15.1,1167.0,81.0,477,22,22,4,6.6,1
8432_0,16.5,616.0,83.0,32,24,22,2,7.3,1
8446_0,15.6,863.0,73.0,459,32,24,4,6.8,1
8449_0,14.0,1011.0,81.0,729,22,19,5,6.1,1
8452_0,13.8,1227.0,81.0,825,21,22,9,5.7,1
8486_0,4.5,966.0,59.0,2160,32,11,13,5.3,1
8498_0,16.3,526.0,84.0,25,34,23,2,7.3,1
8507_0,14.5,566.0,87.0,406,22,26,3,7.3,1
8510_0,15.0,526.0,89.0,365,22,28,4,7.5,1
8548_0,16.1,527.0,85.0,70,21,22,2,6.8,1
8557_0,16.5,757.0,77.0,220,22,24,2,6.8,1
8600_0,16.4,573.0,87.0,24,24,24,2,7.1,1
8607_0,16.3,586.0,84.0,24,34,42,4,7.1,1
8645_0,14.8,688.0,90.0,26,34,25,3,6.6,1
8661_0,16.2,556.0,79.0,183,21,22,2,7.0,1
8668_0,7.8,1175.0,76.0,1623,22,7,13,5.5,1
8671_0,16.1,451.0,87.0,9,41,32,3,7.3,1
8681_0,16.2,759.0,78.0,252,21,27,2,7.4,1
8697_0,16.5,911.0,79.0,199,21,26,2,7.2,1
8720_0,7.5,1224.0,75.0,1777,21,12,17,5.4,1
8757_0,8.9,1030.0,74.0,1444,32,16,12,5.8,1
8761_0,15.9,454.0,86.0,36,34,30,4,7.3,1
8771_0,14.8,1048.0,77.0,538,31,23,4,6.5,1
8796_0,16.2,530.0,81.0,55,24,19,2,7.1,1
8802_0,13.6,1244.0,79.0,728,42,23,7,5.9,1
8806_0,15.8,442.0,88.0,12,24,31,3,7.3,1
8844_0,16.1,581.0,82.0,33,24,38,4,7.4,1
8875_0,15.9,847.0,73.0,386,31,23,4,7.1,1
8908_0,6.5,851.0,69.0,1809,22,10,10,5.6,1
8911_0,14.7,649.0,90.0,32,32,24,4,6.8,1
8933_0,16.0,464.0,84.0,19,24,24,2,7.4,1
8936_0,9.9,1477.0,79.0,1552,12,18,8,5.7,1
8943_0,5.2,1085.0,62.0,2029,21,13,14,5.6,1
8955_0,16.5,528.0,80.0,81,42,19,2,7.0,1
8985_0,16.1,476.0,84.0,24,34,31,4,7.6,1
8990_0,16.3,598.0,81.0,44,34,24,3,7.4,1
8998_0,5.7,864.0,60.0,1896,34,9,10,5.6,1
9000_0,15.8,435.0,87.0,2,34,23,4,7.5,1
9010_0,6.7,1231.0,74.0,1678,32,9,16,5.7,1
9039_0,16.4,538.0,84.0,20,34,42,3,7.4,1
9052_0,5.9,1040.0,63.0,1875,21,12,13,5.8,1
9073_0,16.1,467.0,85.0,19,24,27,2,7.2,1
9080_0,5.6,1164.0,67.0,2010,31,8,18,5.5,1
9120_0,16.6,592.0,84.0,22,34,35,4,7.1,1
9133_0,9.0,983.0,75.0,1371,22,15,6,6.2,1
9139_0,14.6,716.0,92.0,21,34,27,2,7.2,1
9145_0,16.1,484.0,82.0,57,34,22,3,7.1,1
9152_0,6.6,609.0,60.0,1689,31,16,7,6.3,1
9164_0,15.9,431.0,86.0,15,34,38,4,7.4,1
9205_0,16.1,641.0,82.0,46,34,22,3,7.1,1
9234_0,16.3,599.0,84.0,28,34,35,4,7.2,1
9240_0,12.0,1500.0,80.0,813,41,20,10,5.5,1
9276_0,14.9,518.0,87.0,279,41,27,4,7.3,1
9280_0,6.8,1179.0,70.0,1745,12,13,13,5.5,1
9290_0,16.4,466.0,85.0,7,34,44,4,7.0,1
9291_0,16.2,487.0,88.0,40,22,24,2,7.6,1
9309_0,16.4,770.0,82.0,72,22,25,2,7.2,1
9327_0,15.7,450.0,84.0,12,34,30,2,7.3,1
9334_0,15.9,393.0,83.0,18,24,23,2,7.1,1
9367_0,16.2,533.0,91.0,48,24,32,2,7.4,1
9373_0,15.9,428.0,85.0,15,34,43,5,7.5,1
9411_0,16.4,477.0,85.0,8,24,36,4,7.6,1
9430_0,6.7,674.0,62.0,1665,32,9,9,6.0,1
9433_0,13.8,1453.0,83.0,545,31,16,6,5.7,1
9453_0,16.0,466.0,84.0,25,34,34,5,7.1,1
9489_0,11.0,773.0,78.0,986,42,23,7,5.5,1
9502_0,10.3,905.0,76.0,1195,11,22,9,5.6,1
9517_0,16.0,517.0,83.0,52,31,19,3,6.7,1
9582_0,14.5,634.0,91.0,116,12,23,3,6.7,1
9598_0,6.0,870.0,65.0,1750,22,10,14,5.7,1
9619_0,7.7,1071.0,74.0,1737,32,12,16,5.5,1
9626_0,11.7,1564.0,81.0,962,41,19,5,6.7,1
9629_0,16.5,489.0,84.0,11,24,37,6,7.4,1
9647_0,16.4,521.0,86.0,29,24,24,2,7.6,1
9663_0,16.1,527.0,81.0,170,31,28,2,7.3,1
9669_0,16.1,455.0,89.0,8,41,30,2,7.4,1
9681_0,16.7,523.0,83.0,16,24,29,2,7.7,1
9709_0,14.7,659.0,90.0,185,31,25,4,7.0,1
9764_0,16.3,526.0,81.0,143,21,25,2,7.2,1
9799_0,5.2,965.0,59.0,2044,32,8,13,5.8,1
9803_0,16.4,467.0,85.0,4,34,44,5,7.5,1
9807_0,15.1,699.0,81.0,399,31,22,3,6.8,1
9830_0,7.1,1177.0,71.0,1652,21,13,12,5.9,1
9856_0,16.2,680.0,82.0,46,34,32,4,7.0,1
9870_0,12.3,1337.0,83.0,813,32,19,9,5.0,1
9883_0,16.5,607.0,78.0,174,21,22,2,7.0,1
9897_0,7.4,1521.0,78.0,1765,41,15,16,5.9,1
9899_0,16.0,427.0,85.0,10,24,44,5,7.6,1
9901_0,15.8,436.0,85.0,24,24,27,2,7.2,1
9906_0,16.2,438.0,85.0,7,24,29,3,7.3,1
10007_0,7.6,1228.0,68.0,1482,21,13,8,5.7,1
10037_0,6.9,1213.0,66.0,1678,42,14,13,5.5,1
10070_0,16.6,625.0,84.0,27,34,32,4,7.3,1
10080_0,14.8,1013.0,82.0,737,21,22,7,5.4,1
10092_0,17.0,565.0,76.0,80,34,22,3,7.0,1
10099_0,15.9,452.0,87.0,51,24,26,4,7.1,1
10110_0,9.3,1004.0,78.0,1333,22,17,7,5.9,1
10116_0,16.3,529.0,82.0,20,34,27,3,7.3,1
10129_0,16.6,521.0,84.0,15,34,22,2,7.4,1
10135_0,16.1,577.0,82.0,35,34,36,3,7.4,1
10142_0,7.0,1049.0,72.0,1771,22,11,10,5.6,1
10181_0,7.9,641.0,68.0,1476,42,10,9,5.7,1
10184_0,16.1,487.0,80.0,273,22,24,4,7.0,1
10185_0,16.4,471.0,84.0,6,34,46,4,7.7,1
10186_0,16.8,782.0,73.0,177,21,23,2,7.3,1
10187_0,16.1,589.0,90.0,92,31,31,3,7.2,1
10202_0,13.1,1307.0,79.0,814,41,24,8,5.5,1
10235_0,6.7,703.0,66.0,1768,22,9,9,5.9,1
10236_0,15.5,444.0,82.0,17,34,25,2,7.5,1
10287_0,16.4,619.0,85.0,56,31,21,4,7.0,1
10299_0,6.1,1177.0,65.0,1902,22,10,16,5.6,1
10303_0,16.4,643.0,80.0,59,34,24,2,7.4,1
10305_0,15.2,563.0,91.0,15,24,28,2,7.5,1
10319_0,16.0,490.0,85.0,49,24,20,2,6.5,1
10323_0,16.1,599.0,83.0,34,34,40,4,7.7,1
10346_0,16.0,501.0,84.0,59,21,18,3,6.7,1
10379_0,16.0,464.0,84.0,36,34,34,3,7.4,1
10396_0,16.0,437.0,84.0,16,24,25,2,7.2,1
10399_0,16.0,598.0,85.0,154,21,23,2,6.7,1
10400_0,15.2,723.0,81.0,371,22,24,4,7.1,1
10412_0,15.9,441.0,81.0,58,21,19,3,6.7,1
10421_0,5.7,893.0,61.0,1923,31,10,10,5.7,1
10431_0,11.1,1621.0,81.0,1227,22,21,8,5.6,1
10437_0,16.3,534.0,81.0,72,24,20,2,7.3,1
10441_0,15.6,655.0,82.0,290,22,19,4,7.0,1
10442_0,6.6,798.0,68.0,1785,34,18,12,6.0,1
10443_0,16.1,785.0,77.0,212,41,26,4,7.0,1
10444_0,15.5,407.0,85.0,2,24,19,2,7.7,1
10450_0,16.1,603.0,82.0,40,41,27,3,6.9,1
10458_0,16.3,468.0,85.0,6,34,44,2,7.5,1
10466_0,16.3,546.0,83.0,81,24,24,2,7.4,1
10467_0,13.9,1301.0,80.0,913,22,20,7,5.5,1
10480_0,15.2,903.0,74.0,519,31,23,4,6.8,1
10481_0,15.2,419.0,89.0,21,31,25,3,7.1,1
10501_0,16.2,563.0,84.0,27,34,40,4,7.7,1
10512_0,6.7,1201.0,73.0,1913,22,6,11,5.6,1
10517_0,16.6,568.0,85.0,22,34,21,2,7.4,1
10519_0,8.9,431.0,65.0,1350,32,18,5,6.7,1
10520_0,9.1,1188.0,78.0,1400,31,17,8,5.3,1
10549_0,16.5,563.0,87.0,23,34,26,3,7.2,1
10556_0,16.7,882.0,74.0,214,21,25,2,7.0,1
10567_0,16.3,751.0,84.0,88,24,24,3,7.4,1
10613_0,15.6,1125.0,83.0,371,11,25,4,7.4,1
10614_0,16.0,501.0,82.0,91,21,21,2,6.5,1
10644_0,14.7,562.0,89.0,327,32,25,3,7.3,1
10648_0,16.0,495.0,84.0,47,41,19,3,6.6,1
10651_0,15.7,871.0,73.0,443,21,22,4,6.9,1
10670_0,10.3,1555.0,79.0,1176,41,18,9,5.6,1
10683_0,15.5,417.0,85.0,12,34,26,2,7.4,1
10695_0,16.2,464.0,87.0,34,34,27,3,7.5,1
10696_0,15.7,467.0,88.0,50,34,26,4,7.3,1
10721_0,15.6,511.0,83.0,208,32,35,2,7.4,1
10743_0,7.4,946.0,73.0,1672,31,13,11,5.7,1
10781_0,10.7,612.0,80.0,1136,21,24,9,5.4,1
10786_0,15.3,629.0,89.0,302,21,30,3,7.3,1
10792_0,15.9,819.0,74.0,372,21,21,4,7.2,1
10803_0,11.7,1014.0,71.0,983,22,19,4,6.5,1
10833_0,16.4,476.0,84.0,6,24,42,3,7.7,1
10846_0,9.3,903.0,75.0,1277,32,15,9,5.8,1
10847_0,16.1,499.0,83.0,20,34,31,2,7.4,1
10857_0,15.9,458.0,85.0,26,34,23,2,7.3,1
10874_0,14.6,697.0,92.0,-1,34,36,4,6.8,1
10883_0,16.3,725.0,78.0,248,22,23,2,7.1,1
10902_0,16.7,551.0,79.0,116,24,17,2,7.1,1
10903_0,7.7,813.0,71.0,1588,31,14,8,6.2,1
10934_0,16.9,810.0,76.0,140,34,23,4,7.2,1
10938_0,15.8,454.0,86.0,65,31,39,4,7.2,1
10946_0,6.8,1439.0,77.0,1829,41,13,13,5.3,1
10962_0,15.6,372.0,83.0,-4,41,29,4,7.2,1
10991_0,7.5,1460.0,76.0,1780,32,10,15,5.7,1
10993_0,10.5,1272.0,83.0,1206,21,22,11,5.4,1
10996_0,16.3,739.0,82.0,82,21,26,2,7.1,1
11019_0,15.8,443.0,88.0,0,34,39,7,7.1,1
11081_0,16.2,448.0,83.0,14,41,29,2,7.6,1
11097_0,15.7,535.0,81.0,249,32,24,3,6.6,1
11101_0,16.1,557.0,80.0,137,21,22,3,7.2,1
11140_0,16.1,499.0,89.0,25,34,28,2,7.5,1
11144_0,5.6,850.0,61.0,1918,22,9,15,5.8,1
11149_0,4.5,1075.0,61.0,2136,41,8,16,5.6,1
11153_0,5.0,873.0,65.0,2119,22,7,12,5.9,1
11177_0,16.0,461.0,87.0,6,41,26,3,7.4,1
11180_0,10.8,1594.0,82.0,1277,21,22,13,5.3,1
11209_0,15.8,389.0,83.0,17,34,26,2,7.2,1
11228_0,7.5,1017.0,73.0,1573,21,10,13,5.6,1
11257_0,16.4,604.0,84.0,64,34,19,2,7.3,1
11290_0,16.0,771.0,81.0,118,31,24,4,7.2,1
11319_0,16.1,395.0,82.0,33,34,25,2,7.1,1
11334_0,11.0,1674.0,79.0,1466,22,19,11,5.6,1
11353_0,9.6,1061.0,71.0,1129,42,19,8,5.8,1
11392_0,14.4,663.0,89.0,126,21,29,4,6.4,1
11403_0,11.7,1605.0,80.0,1098,22,20,7,5.4,1
11430_0,16.0,476.0,86.0,40,21,20,2,6.9,1
11478_0,5.2,1233.0,73.0,2173,21,5,7,5.4,1
11480_0,16.3,466.0,85.0,8,24,35,4,7.6,1
11495_0,16.1,554.0,82.0,33,24,29,3,7.4,1
11505_0,12.2,1514.0,84.0,859,21,26,8,5.8,1
11513_0,16.3,619.0,81.0,48,34,32,5,7.1,1
11514_0,7.1,865.0,68.0,1603,22,9,8,5.8,1
11526_0,15.0,756.0,91.0,45,34,23,3,7.0,1
11536_0,15.9,554.0,89.0,127,21,25,2,7.0,1
11539_0,15.2,402.0,87.0,37,34,25,2,7.3,1
11555_0,16.1,456.0,86.0,17,24,29,2,7.2,1
11609_0,5.7,613.0,57.0,1929,32,9,16,5.8,1
11617_0,5.2,807.0,63.0,1998,31,12,14,5.7,1
11662_0,11.3,1645.0,79.0,1209,31,23,8,5.8,1
11690_0,16.2,440.0,80.0,72,34,19,2,7.1,1
11704_0,10.9,1232.0,81.0,1122,33,16,18,5.6,1
11710_0,16.0,614.0,83.0,155,21,27,2,6.8,1
11711_0,16.3,687.0,78.0,202,32,21,2,7.1,1
11718_0,16.3,521.0,85.0,39,32,27,3,7.2,1
11731_0,5.9,642.0,57.0,1884,22,12,9,5.8,1
11757_0,6.3,739.0,62.0,1842,31,13,18,5.7,1
11793_0,16.7,548.0,79.0,86,34,26,2,7.3,1
11798_0,4.4,1094.0,69.0,2255,22,8,15,5.7,1
11805_0,15.8,443.0,87.0,13,24,27,2,7.2,1
11822_0,16.7,647.0,77.0,120,41,24,3,7.4,1
11845_0,15.4,535.0,91.0,14,34,28,2,7.2,1
11854_0,16.3,472.0,86.0,9,41,31,2,7.5,1
11856_0,5.6,1205.0,72.0,2111,22,9,14,5.6,1
11879_0,16.2,553.0,81.0,36,34,24,4,7.2,1
11950_0,8.7,1706.0,78.0,1683,22,8,9,5.6,1
11979_0,15.6,703.0,84.0,218,41,26,4,7.1,1
12000_0,16.2,621.0,79.0,214,31,24,2,6.7,2
12019_0,16.1,452.0,87.0,31,34,23,2,7.7,2
12031_0,16.0,447.0,83.0,16,24,37,4,7.1,2
12039_0,16.1,563.0,80.0,191,21,24,2,7.2,2
12041_0,16.1,438.0,84.0,19,41,42,5,7.7,2
12047_0,16.5,478.0,85.0,9,34,43,0,7.4,2
12050_0,14.8,1088.0,84.0,409,41,22,4,7.0,2
12073_0,7.0,1028.0,68.0,1667,23,12,11,6.2,2
12085_0,16.2,475.0,88.0,15,41,26,4,7.1,2
12088_0,16.2,524.0,85.0,48,31,24,2,7.1,2
12096_0,7.3,1202.0,74.0,1724,21,11,13,5.4,2
12119_0,16.6,524.0,84.0,16,24,26,2,7.3,2
12149_0,15.8,439.0,87.0,3,24,26,2,7.6,2
12150_0,13.9,697.0,86.0,414,22,27,4,7.2,2
12180_0,14.5,819.0,91.0,134,31,25,5,6.4,2
12200_0,15.0,712.0,81.0,391,32,26,4,6.7,2
12210_0,16.1,488.0,84.0,30,34,31,4,7.2,2
12217_0,11.5,1678.0,80.0,1402,22,16,12,5.7,2
12263_0,15.9,594.0,83.0,126,41,23,3,7.3,2
12265_0,14.6,614.0,90.0,28,34,23,3,7.3,2
12274_0,16.4,528.0,78.0,123,34,23,2,7.2,2
12293_0,13.2,1315.0,82.0,752,32,22,6,5.6,2
12299_0,16.2,471.0,87.0,8,24,29,2,7.6,2
12304_0,15.7,485.0,83.0,115,31,38,2,7.2,2
12321_0,5.6,670.0,59.0,1940,32,4,12,5.6,2
12360_0,6.5,1156.0,64.0,1776,31,8,10,5.4,2
12367_0,15.0,553.0,88.0,208,41,31,3,7.4,2
12385_0,16.0,467.0,85.0,25,24,37,5,7.5,2
12398_0,15.4,430.0,85.0,10,24,19,2,7.6,2
12407_0,16.4,555.0,81.0,57,24,18,2,7.7,2
12408_0,15.7,417.0,88.0,-1,34,32,2,7.4,2
12428_0,16.4,537.0,86.0,40,34,26,2,7.6,2
12429_0,13.3,1262.0,78.0,955,42,18,7,5.7,2
12450_0,6.7,975.0,70.0,1745,22,12,9,5.6,2
12465_0,15.8,626.0,80.0,265,31,23,3,7.0,2
12469_0,4.9,886.0,65.0,2179,22,9,15,5.7,2
12483_0,16.7,564.0,77.0,139,22,19,2,7.1,2
12510_0,7.3,796.0,69.0,1565,34,15,8,6.1,2
12532_0,16.4,625.0,79.0,53,34,25,2,7.2,2
12533_0,16.1,453.0,81.0,119,21,25,2,6.5,2
12543_0,6.2,1309.0,75.0,1932,32,7,10,5.8,2
12554_0,14.8,552.0,87.0,276,32,28,3,7.5,2
12562_0,11.7,975.0,78.0,1029,21,22,7,6.0,2
12563_0,16.0,724.0,81.0,85,31,22,2,7.1,2
12577_0,16.4,855.0,73.0,279,22,23,2,6.8,2
12582_0,15.9,510.0,88.0,104,31,36,3,7.1,2
12590_0,16.1,582.0,80.0,200,31,23,2,7.2,2
12592_0,11.6,1682.0,80.0,1249,21,22,13,5.6,2
12608_0,5.1,1337.0,73.0,2160,21,8,13,5.5,2
12624_0,16.9,949.0,75.0,151,24,23,2,7.1,2
12633_0,8.8,1083.0,78.0,1446,31,15,16,5.5,2
12676_0,6.8,1208.0,74.0,1758,21,15,14,5.5,2
12683_0,5.0,1087.0,69.0,2236,11,9,16,5.9,2
12694_0,16.6,617.0,78.0,73,24,23,2,7.2,2
12704_0,15.6,446.0,83.0,13,34,22,2,7.4,2
12708_0,16.2,474.0,84.0,18,34,34,5,7.4,2
12710_0,6.6,1075.0,66.0,1743,22,12,13,5.9,2
12736_0,16.6,573.0,84.0,20,34,26,3,7.1,2
12747_0,14.8,831.0,82.0,473,41,20,4,6.3,2
12765_0,14.5,729.0,95.0,-1,24,22,9,6.3,2
12777_0,15.4,486.0,93.0,16,34,34,2,7.5,2
12795_0,16.3,727.0,76.0,339,11,23,4,6.9,2
12799_0,16.0,482.0,88.0,13,41,29,2,7.8,2
12811_0,16.3,497.0,87.0,34,21,26,2,7.4,2
12819_0,14.9,525.0,88.0,290,41,21,5,7.2,2
12833_0,5.2,1120.0,62.0,2058,32,7,15,5.8,2
12850_0,5.2,931.0,60.0,2034,32,7,12,5.6,2
12862_0,15.9,443.0,85.0,19,34,39,5,7.1,2
12866_0,12.3,1433.0,81.0,809,41,21,7,5.6,2
12883_0,14.8,589.0,89.0,69,41,28,3,6.8,2
12895_0,16.2,521.0,90.0,51,34,28,2,7.4,2
12900_0,15.9,460.0,87.0,4,24,37,5,7.2,2
12902_0,15.9,625.0,83.0,185,21,23,2,7.0,2
12914_0,15.9,439.0,85.0,21,34,33,4,7.1,2
12921_0,14.0,848.0,89.0,582,21,22,5,6.6,2
12927_0,15.6,690.0,85.0,298,11,24,3,6.7,2
12937_0,11.4,1484.0,78.0,1151,32,18,8,5.4,2
12979_0,16.2,528.0,89.0,52,24,29,2,7.6,2
13006_0,16.4,583.0,85.0,37,34,21,2,7.1,2
13039_0,16.2,625.0,80.0,49,34,29,4,7.0,2
13041_0,15.5,439.0,92.0,8,34,22,3,6.6,2
13056_0,7.4,989.0,69.0,1544,32,9,12,6.1,2
13061_0,8.5,1124.0,78.0,1415,41,14,16,5.8,2
13078_0,16.4,468.0,84.0,9,24,39,2,7.7,2
13082_0,15.9,465.0,88.0,7,34,34,2,7.3,2
13091_0,16.2,466.0,88.0,16,34,27,2,7.6,2
13147_0,16.0,904.0,72.0,397,21,23,4,6.9,2
13166_0,16.5,500.0,84.0,13,34,26,2,7.2,2
13201_0,14.7,739.0,90.0,365,31,27,3,7.1,2
13272_0,16.1,436.0,84.0,13,41,29,2,7.4,2
13282_0,7.0,994.0,68.0,1660,12,9,11,6.0,2
13285_0,16.1,576.0,82.0,28,24,42,5,7.4,2
13320_0,11.3,1560.0,83.0,975,31,25,8,5.4,2
13323_0,5.8,1008.0,60.0,1955,32,10,15,6.1,2
13350_0,16.4,508.0,85.0,18,24,24,3,7.2,2
13373_0,6.5,627.0,60.0,1697,31,16,7,6.2,2
13399_0,12.4,1457.0,79.0,1159,21,21,7,5.8,2
13406_0,15.7,367.0,84.0,-2,41,36,6,7.5,2
13408_0,9.6,1028.0,78.0,1201,32,17,8,5.7,2
13414_0,10.9,1595.0,79.0,1308,33,17,17,5.7,2
13430_0,9.7,940.0,76.0,1165,21,16,7,5.8,2
13434_0,16.5,508.0,84.0,12,24,23,2,7.2,2
13453_0,6.2,705.0,64.0,1779,32,10,7,5.7,2
13459_0,7.5,1110.0,74.0,1564,41,11,18,5.6,2
13479_0,15.2,422.0,87.0,9,34,26,2,7.2,2
13494_0,14.9,493.0,88.0,3,34,17,3,7.3,2
13498_0,16.0,522.0,81.0,169,22,23,2,7.1,2
13501_0,15.6,488.0,88.0,102,41,29,3,7.7,2
13511_0,10.4,1657.0,79.0,1477,22,18,11,5.6,2
13512_0,8.2,1178.0,77.0,1540,21,13,12,5.3,2
13516_0,11.9,1529.0,84.0,974,22,31,11,5.5,2
13530_0,15.4,436.0,91.0,82,12,25,4,6.9,2
13562_0,16.9,556.0,77.0,84,24,20,2,7.4,2
13576_0,16.1,504.0,82.0,30,34,32,4,7.4,2
13579_0,16.5,534.0,85.0,23,24,31,3,7.0,2
13602_0,15.8,475.0,83.0,39,24,23,2,6.9,2
13608_0,15.5,945.0,71.0,412,42,25,4,6.9,2
13614_0,16.0,615.0,79.0,239,31,29,2,7.2,2
13662_0,9.5,1030.0,76.0,1262,31,18,7,6.0,2
13665_0,14.5,564.0,87.0,433,31,25,4,7.0,2
13701_0,16.7,865.0,78.0,151,42,21,2,7.2,2
13722_0,7.5,1167.0,75.0,1662,22,12,15,5.4,2
13730_0,15.8,448.0,84.0,31,34,29,2,7.4,2
13732_0,15.0,756.0,91.0,46,34,24,3,6.9,2
13744_0,5.6,1172.0,68.0,2004,22,7,17,5.6,2
13747_0,11.1,1012.0,71.0,1035,22,21,7,6.0,2
13766_0,15.6,401.0,86.0,3,24,23,2,7.3,2
13791_0,15.5,424.0,90.0,15,34,22,3,6.8,2
13793_0,8.1,1071.0,75.0,1524,32,13,9,5.5,2
13807_0,9.0,952.0,78.0,1390,22,11,8,5.6,2
13883_0,15.6,475.0,85.0,142,24,39,2,7.0,2
13923_0,16.5,490.0,85.0,11,24,24,2,7.3,2
13935_0,15.7,423.0,87.0,-2,34,28,3,7.2,2
13941_0,9.3,1213.0,78.0,1472,23,12,14,5.8,2
13950_0,15.8,456.0,86.0,43,34,28,3,7.1,2
13964_0,16.2,568.0,92.0,34,24,22,3,7.3,2
13978_0,8.1,986.0,76.0,1423,32,11,14,5.5,2
14002_0,16.4,603.0,86.0,32,34,23,2,7.3,2
14009_0,15.8,456.0,86.0,43,34,30,3,7.0,2
14012_0,16.2,457.0,86.0,14,24,28,2,7.4,2
14039_0,12.9,1346.0,78.0,1110,23,23,7,5.8,2
14108_0,9.8,788.0,77.0,1249,21,19,8,5.5,2
14124_0,10.9,942.0,75.0,1083,11,21,4,7.0,2
14142_0,6.3,957.0,63.0,1802,31,10,13,5.8,2
14145_0,14.7,607.0,91.0,12,34,26,4,7.2,2
14168_0,7.0,844.0,68.0,1624,32,9,12,5.5,2
14183_0,11.6,1483.0,84.0,995,21,30,10,5.5,2
14189_0,16.0,499.0,82.0,97,21,26,2,6.6,2
14201_0,8.9,399.0,62.0,1316,21,21,2,7.4,2
14218_0,5.0,931.0,63.0,2075,21,11,18,5.8,2
14221_0,16.3,519.0,85.0,62,32,25,4,7.5,2
14232_0,5.4,938.0,67.0,2137,12,11,13,5.6,2
14238_0,16.0,936.0,82.0,295,22,25,4,7.1,2
14245_0,13.2,1487.0,83.0,671,42,19,9,5.4,2
14250_0,11.4,1106.0,78.0,912,42,16,8,6.0,2
14252_0,16.2,512.0,90.0,37,34,38,3,7.1,2
14271_0,15.4,480.0,84.0,197,22,30,3,6.9,2
14301_0,15.8,613.0,93.0,45,32,25,2,7.0,2
14325_0,8.3,429.0,61.0,1441,21,20,3,7.6,2
14340_0,15.8,486.0,92.0,12,34,22,2,7.4,2
14342_0,7.4,949.0,72.0,1644,31,12,11,5.7,2
14351_0,15.9,474.0,83.0,51,34,29,4,7.1,2
14360_0,16.4,476.0,84.0,4,24,38,3,7.7,2
14380_0,16.1,525.0,81.0,158,32,21,2,7.0,2
14388_0,15.5,435.0,84.0,10,24,19,2,7.6,2
14391_0,16.2,414.0,79.0,87,31,30,2,6.8,2
14412_0,8.9,950.0,75.0,1367,41,15,13,5.5,2
14417_0,7.1,962.0,71.0,1687,22,12,8,5.9,2
14422_0,16.0,456.0,86.0,3,34,31,2,7.5,2
14442_0,16.3,511.0,82.0,71,34,21,2,7.1,2
14444_0,14.7,1013.0,76.0,508,41,22,3,7.1,2
14452_0,14.4,603.0,87.0,411,34,27,2,7.2,2
14453_0,15.1,443.0,89.0,42,32,26,2,7.1,2
14455_0,16.1,460.0,87.0,6,34,34,2,7.3,2
14459_0,16.1,550.0,84.0,33,24,31,3,7.1,2
14487_0,16.9,925.0,77.0,137,34,23,2,7.4,2
14495_0,15.0,795.0,82.0,443,22,17,5,6.3,2
14507_0,15.3,974.0,77.0,508,31,23,4,7.0,2
14516_0,16.1,627.0,81.0,46,24,21,4,6.9,2
14534_0,16.6,623.0,85.0,24,24,27,2,7.1,2
14564_0,15.4,388.0,86.0,56,22,27,3,7.0,2
14589_0,16.4,476.0,84.0,5,24,39,5,7.7,2
14611_0,8.9,1105.0,79.0,1447,41,13,17,5.8,2
14613_0,16.4,541.0,84.0,49,24,24,2,7.5,2
14615_0,16.0,495.0,82.0,96,32,21,2,7.2,2
14627_0,16.3,472.0,85.0,9,24,28,2,7.4,2
14675_0,16.2,505.0,81.0,58,34,22,2,7.7,2
14676_0,16.6,618.0,84.0,26,34,20,2,7.3,2
14678_0,10.1,1234.0,80.0,1498,22,13,18,5.2,2
14688_0,16.6,498.0,84.0,14,24,24,2,7.0,2
14701_0,16.1,525.0,85.0,71,31,21,2,6.6,2
14732_0,7.2,1213.0,74.0,1760,22,7,18,5.6,2
14742_0,16.3,736.0,82.0,63,34,25,2,7.3,2
14754_0,16.3,576.0,91.0,48,34,24,3,7.4,2
14766_0,16.2,460.0,86.0,12,34,27,2,7.6,2
14769_0,14.7,622.0,91.0,4,31,20,3,7.2,2
14771_0,7.0,777.0,68.0,1678,22,12,11,5.7,2
14777_0,15.9,429.0,86.0,19,24,34,4,7.3,2
14791_0,14.7,706.0,92.0,23,31,24,2,6.9,2
14807_0,16.0,440.0,86.0,25,34,25,2,7.4,2
14813_0,7.6,543.0,62.0,1513,22,17,5,6.2,2
14818_0,15.8,449.0,88.0,3,34,31,2,7.4,2
14846_0,15.8,465.0,83.0,29,34,22,2,7.1,2
14864_0,16.1,610.0,83.0,39,34,22,3,7.2,2
14882_0,15.9,823.0,74.0,375,22,26,3,7.1,2
14884_0,14.8,1214.0,84.0,425,32,15,3,6.5,2
14894_0,7.3,1037.0,72.0,1523,32,12,12,5.7,2
14935_0,16.3,541.0,80.0,53,34,20,2,7.3,2
14952_0,10.0,887.0,75.0,1305,23,14,8,6.3,2
14954_0,4.7,1007.0,60.0,2148,22,11,13,5.8,2
14960_0,16.5,535.0,85.0,20,34,20,4,6.7,2
14991_0,14.8,1350.0,82.0,627,21,26,6,5.6,2
14995_0,16.6,568.0,79.0,55,24,20,5,6.7,2
15013_0,15.6,451.0,83.0,22,24,18,2,7.7,2
15016_0,15.6,384.0,84.0,-7,34,39,5,7.4,2
15017_0,16.1,575.0,84.0,109,31,24,2,7.0,2
15033_0,15.6,455.0,84.0,23,24,20,2,7.5,2
15035_0,16.6,655.0,84.0,31,24,20,2,7.3,2
15038_0,16.5,632.0,84.0,31,34,21,2,7.2,2
15045_0,15.1,582.0,91.0,20,34,25,2,7.5,2
15048_0,14.0,1163.0,79.0,611,42,24,8,6.0,2
15079_0,16.0,400.0,81.0,35,24,22,3,7.1,2
15094_0,10.3,1056.0,77.0,1080,22,22,5,6.8,2
15100_0,11.7,1494.0,79.0,1284,21,15,11,5.8,2
15105_0,16.5,709.0,83.0,51,34,20,2,7.2,2
15131_0,15.4,919.0,76.0,352,42,24,4,6.9,2
15154_0,16.4,548.0,85.0,36,24,24,2,7.0,2
15187_0,16.1,513.0,83.0,69,21,19,2,6.6,2
15204_0,16.1,571.0,83.0,34,34,20,2,7.4,2
15207_0,16.2,572.0,83.0,29,34,41,18,7.4,2
15244_0,6.0,1167.0,69.0,1940,22,9,14,5.6,2
15263_0,16.3,734.0,78.0,154,31,24,3,7.1,2
15290_0,10.0,1729.0,79.0,1484,31,18,9,5.6,2
15312_0,16.5,719.0,84.0,53,34,25,2,7.3,2
15316_0,16.0,465.0,84.0,22,24,37,3,7.3,2
15323_0,12.1,1001.0,70.0,931,21,19,3,6.8,2
15352_0,16.3,456.0,84.0,10,34,29,2,7.6,2
15378_0,14.2,961.0,90.0,486,12,23,5,5.8,2
15411_0,16.3,536.0,84.0,21,34,40,5,7.4,2
15412_0,14.5,648.0,90.0,28,21,19,4,6.9,2
15413_0,15.9,440.0,87.0,12,24,30,2,7.5,2
15424_0,6.7,1242.0,74.0,2129,21,20,7,5.9,2
15445_0,15.9,429.0,86.0,23,24,37,4,7.4,2
15448_0,16.2,534.0,84.0,77,21,21,3,7.2,2
15458_0,7.8,1143.0,74.0,1805,22,14,18,5.4,2
15464_0,16.3,633.0,83.0,36,24,30,3,7.4,2
15469_0,8.3,1647.0,78.0,1762,12,11,9,5.6,2
15473_0,5.3,847.0,59.0,1958,22,9,10,5.9,2
15482_0,15.6,401.0,87.0,-2,34,36,3,7.7,2
15488_0,16.3,470.0,85.0,10,34,34,2,7.7,2
15532_0,10.1,1525.0,79.0,1496,22,17,13,5.6,2
15540_0,16.0,498.0,82.0,126,22,22,2,7.2,2
15547_0,14.9,742.0,91.0,365,22,26,2,7.4,2
15562_0,16.1,453.0,88.0,16,41,31,4,7.4,2
15574_0,5.8,886.0,62.0,1898,31,7,10,5.5,2
15578_0,16.4,599.0,86.0,43,21,19,2,7.0,2
15595_0,15.2,755.0,83.0,386,32,19,5,6.4,2
15602_0,15.0,974.0,76.0,603,12,24,4,6.9,2
15647_0,16.3,660.0,86.0,59,32,24,2,7.2,2
15651_0,6.2,1396.0,76.0,2039,12,12,13,5.4,2
15679_0,14.8,767.0,91.0,297,21,23,7,6.0,2
15680_0,15.0,514.0,91.0,-3,34,24,7,6.4,2
15689_0,13.9,1279.0,79.0,941,41,23,7,5.7,2
15702_0,10.3,1539.0,79.0,1264,42,16,11,5.3,2
15705_0,14.0,700.0,88.0,397,41,24,4,7.0,2
15706_0,15.9,569.0,93.0,25,34,23,2,6.9,2
15707_0,11.7,1617.0,81.0,1153,22,23,10,5.4,2
15708_0,16.1,490.0,85.0,74,21,21,2,7.4,2
15710_0,13.6,1494.0,83.0,641,31,17,7,5.3,2
15742_0,16.0,430.0,86.0,16,24,37,3,7.4,2
15745_0,17.0,564.0,76.0,75,24,21,2,7.1,2
15746_0,11.3,1255.0,83.0,962,32,24,8,5.6,2
15751_0,12.3,1561.0,84.0,819,31,27,9,5.6,2
15752_0,16.1,499.0,83.0,22,34,30,4,7.3,2
15755_0,14.6,654.0,90.0,191,21,27,3,6.8,2
15771_0,16.2,577.0,82.0,106,31,16,3,7.1,2
15777_0,16.2,505.0,81.0,59,34,20,2,7.7,2
15785_0,12.1,1464.0,79.0,1066,22,20,9,5.9,2
15790_0,14.4,932.0,72.0,660,21,21,4,6.5,2
15827_0,12.9,1394.0,79.0,1117,22,22,7,5.4,2
15833_0,16.2,557.0,83.0,87,22,24,2,7.1,2
15846_0,16.3,635.0,86.0,70,31,25,2,7.0,2
15851_0,15.8,533.0,89.0,139,21,29,4,7.3,2
15857_0,14.4,813.0,91.0,378,22,26,4,6.6,2
15883_0,16.1,506.0,82.0,30,34,33,5,7.4,2
15894_0,16.2,537.0,85.0,73,21,20,2,6.6,2
15896_0,14.7,636.0,90.0,0,24,23,4,7.0,2
15909_0,15.5,397.0,83.0,1,24,20,2,7.1,2
15914_0,16.4,710.0,76.0,247,21,23,3,7.1,2
15938_0,5.8,1250.0,73.0,2082,21,10,13,5.6,2
15941_0,6.3,643.0,62.0,1830,22,14,6,6.1,2
15958_0,15.7,426.0,87.0,2,41,21,2,7.4,2
15994_0,15.5,446.0,83.0,15,34,17,2,7.7,2
15995_0,16.1,492.0,79.0,148,21,20,2,6.8,2
15997_0,16.6,530.0,83.0,17,34,36,3,7.2,2
16003_0,9.9,1560.0,78.0,1653,12,18,11,5.4,2
16007_0,15.8,441.0,86.0,12,34,23,2,7.4,2
16035_0,16.3,467.0,88.0,7,24,30,2,7.6,2
16047_0,16.2,695.0,86.0,102,32,22,2,7.2,2
16048_0,8.6,954.0,76.0,1283,32,17,11,5.5,2
16064_0,14.3,738.0,95.0,-3,34,27,3,7.0,2
16100_0,5.9,864.0,67.0,1844,31,10,10,5.5,2
16127_0,15.7,494.0,82.0,142,22,40,2,7.2,2
16128_0,5.7,944.0,62.0,1930,22,13,16,5.6,2
16139_0,9.0,1003.0,76.0,1335,32,15,7,5.7,2
16168_0,16.4,628.0,86.0,42,34,20,2,7.2,2
16184_0,15.6,615.0,92.0,94,22,24,2,7.3,2
16191_0,14.5,704.0,94.0,1,41,24,4,6.7,2
16193_0,9.5,1472.0,79.0,1487,21,16,13,5.3,2
16209_0,16.5,491.0,85.0,11,24,22,2,7.3,2
16215_0,8.5,517.0,66.0,1489,32,9,9,6.1,2
16217_0,16.8,604.0,77.0,94,24,20,2,6.8,2
16219_0,16.6,638.0,84.0,31,34,29,3,7.2,2
16220_0,10.2,1553.0,79.0,1396,23,19,9,5.6,2
16238_0,12.8,1415.0,80.0,1059,22,24,12,5.2,2
16279_0,16.0,582.0,91.0,96,41,25,4,7.5,2
16308_0,16.3,472.0,86.0,10,24,25,2,7.6,2
16313_0,7.0,1162.0,74.0,1857,21,9,18,5.7,2
16315_0,16.5,640.0,85.0,28,34,31,4,7.3,2
16317_0,15.2,526.0,85.0,301,41,26,3,7.5,2
16328_0,15.0,795.0,91.0,121,42,25,5,6.5,2
16382_0,12.6,998.0,69.0,908,33,22,7,5.8,2
16411_0,16.2,564.0,81.0,37,34,25,4,7.2,2
16418_0,16.2,554.0,83.0,24,24,39,4,7.2,2
16438_0,14.8,999.0,82.0,404,31,23,7,5.9,2
16442_0,12.5,1050.0,76.0,949,12,19,4,6.8,2
16453_0,11.2,1687.0,80.0,1292,22,17,9,5.7,2
16463_0,16.2,579.0,83.0,108,34,21,2,7.6,2
16464_0,7.4,969.0,70.0,1532,31,7,10,6.0,2
16480_0,16.0,461.0,87.0,25,34,30,3,7.3,2
16483_0,4.5,893.0,64.0,2204,31,10,18,5.6,2
16498_0,15.3,511.0,91.0,7,32,28,2,7.0,2
16560_0,16.5,662.0,77.0,108,24,24,2,7.4,2
16601_0,10.3,1010.0,78.0,1355,23,14,14,5.7,2
16605_0,5.6,978.0,61.0,2068,22,9,13,5.5,2
16607_0,15.5,927.0,71.0,463,31,23,4,7.0,2
16610_0,16.2,582.0,83.0,25,34,40,5,7.3,2
16617_0,16.2,475.0,88.0,23,24,28,2,7.3,2
16618_0,9.9,1503.0,78.0,1564,12,16,14,5.4,2
16643_0,9.0,772.0,73.0,1228,32,16,8,6.4,2
16649_0,7.3,1121.0,70.0,1473,42,13,10,5.7,2
16672_0,4.7,684.0,57.0,2127,22,10,14,6.1,2
16679_0,16.4,481.0,83.0,6,41,25,2,7.4,2
16680_0,15.7,892.0,83.0,277,21,23,4,7.5,2
16685_0,7.0,1470.0,77.0,1881,11,13,14,5.7,2
16688_0,10.6,1502.0,78.0,1179,42,16,11,5.4,2
16693_0,15.1,546.0,84.0,307,41,25,3,7.5,2
16707_0,16.2,839.0,73.0,303,32,21,2,6.9,2
16708_0,16.3,678.0,78.0,207,21,22,2,6.7,2
16718_0,16.0,453.0,88.0,7,24,31,4,7.1,2
16772_0,16.8,554.0,78.0,78,34,21,3,7.0,2
16779_0,15.9,470.0,87.0,11,24,22,2,7.6,2
16783_0,16.0,452.0,88.0,19,24,29,2,7.3,2
16785_0,16.2,474.0,86.0,3,34,43,5,7.9,2
16808_0,16.4,583.0,85.0,39,24,20,2,7.0,2
16810_0,6.5,697.0,64.0,1734,22,8,9,5.8,2
16812_0,5.7,770.0,61.0,2027,22,11,13,5.6,2
16842_0,16.2,616.0,81.0,43,34,22,4,6.8,2
16880_0,9.4,1419.0,79.0,1431,33,15,11,5.4,2
16924_0,15.3,505.0,91.0,3,34,21,2,7.3,2
16950_0,14.0,834.0,89.0,383,31,23,4,6.8,2
16954_0,14.1,1091.0,80.0,771,32,18,7,5.6,2
16974_0,14.1,1116.0,79.0,751,31,20,6,5.8,2
16983_0,16.1,458.0,83.0,16,34,44,5,7.5,2
16999_0,12.6,1407.0,79.0,1096,32,21,10,5.6,2
17013_0,16.5,536.0,79.0,113,24,22,5,6.9,2
17022_0,15.0,581.0,90.0,7,34,28,2,7.3,2
17027_0,16.6,599.0,80.0,64,34,22,2,7.2,2
17053_0,13.4,1251.0,79.0,1026,32,19,8,5.8,2
17058_0,16.2,560.0,84.0,23,24,46,5,7.0,2
17065_0,15.3,758.0,82.0,381,32,22,5,6.4,2
17095_0,15.7,445.0,88.0,4,24,24,2,7.3,2
17098_0,16.2,897.0,73.0,310,24,24,2,7.3,2
17099_0,6.5,757.0,63.0,1711,24,15,7,6.0,2
17106_0,7.3,940.0,72.0,1648,31,11,12,5.8,2
17120_0,16.0,447.0,87.0,14,24,26,2,7.4,2
17125_0,5.0,991.0,60.0,2111,22,7,12,5.5,2
17129_0,16.4,469.0,83.0,5,41,43,5,7.3,2
17176_0,10.1,1430.0,80.0,1345,31,17,10,5.3,2
17210_0,14.3,974.0,80.0,666,34,16,4,6.1,2
17211_0,16.2,673.0,84.0,103,32,24,2,7.5,2
17234_0,15.5,1013.0,72.0,466,21,24,5,6.9,2
17239_0,14.8,709.0,91.0,7,34,26,2,7.4,2
17262_0,16.0,454.0,82.0,41,34,18,2,7.3,2
17265_0,15.6,386.0,83.0,4,34,29,2,7.3,2
17267_0,7.2,1477.0,76.0,1864,21,10,14,5.7,2
17292_0,16.5,493.0,83.0,12,34,31,3,7.6,2
17297_0,8.9,1238.0,78.0,1624,22,14,18,5.6,2
17328_0,15.9,431.0,85.0,16,24,41,5,7.4,2
17380_0,15.9,458.0,84.0,38,24,30,2,7.4,2
17384_0,15.8,449.0,88.0,3,34,38,5,7.2,2
17391_0,15.7,462.0,83.0,24,24,20,2,7.3,2
17399_0,16.7,568.0,84.0,27,24,24,3,7.3,2
17403_0,15.9,552.0,79.0,221,22,26,2,6.8,2
17465_0,15.5,403.0,85.0,-2,24,23,4,7.2,2
17466_0,12.3,1331.0,83.0,915,22,18,10,5.3,2
17467_0,16.2,634.0,82.0,48,34,31,3,7.3,2
17470_0,14.7,757.0,90.0,100,32,31,4,7.3,2
17501_0,14.7,610.0,91.0,2,41,24,3,7.3,2
17513_0,6.7,682.0,63.0,1677,34,12,8,5.9,2
17517_0,11.0,1705.0,79.0,1280,21,21,9,5.5,2
17544_0,6.9,884.0,68.0,1638,31,9,9,5.5,2
17545_0,16.6,496.0,83.0,14,24,26,2,7.4,2
17568_0,15.3,640.0,80.0,378,21,21,3,7.0,2
17572_0,15.3,884.0,72.0,564,21,23,4,7.0,2
17579_0,12.1,1359.0,78.0,1207,31,18,8,5.8,2
17589_0,15.9,447.0,83.0,23,24,37,5,7.2,2
17608_0,11.2,1411.0,84.0,1030,22,24,7,5.4,2
17635_0,17.0,677.0,74.0,116,34,31,2,7.3,2
17638_0,16.3,548.0,92.0,36,34,24,3,7.1,2
17641_0,16.5,542.0,84.0,22,34,22,3,7.4,2
17643_0,7.1,1227.0,74.0,1815,12,11,17,5.6,2
17646_0,14.9,792.0,90.0,211,31,24,3,7.1,2
17664_0,15.6,392.0,88.0,-3,34,36,4,7.4,2
17714_0,7.0,1212.0,73.0,1675,42,10,15,5.8,2
17727_0,15.7,444.0,89.0,3,34,30,5,6.7,2
17731_0,15.7,455.0,92.0,2,34,24,4,7.0,2
17743_0,6.4,760.0,62.0,1743,34,14,9,5.9,2
17763_0,15.6,467.0,94.0,7,34,22,4,6.8,2
17769_0,12.8,1355.0,79.0,762,41,22,8,5.8,2
17787_0,6.4,1157.0,64.0,1733,41,11,11,5.8,2
17805_0,7.6,1261.0,76.0,1663,21,13,16,5.3,2
17838_0,16.3,450.0,86.0,7,34,39,4,7.3,2
17863_0,6.3,1194.0,67.0,1809,21,13,17,5.7,2
17880_0,15.9,446.0,84.0,25,24,31,4,7.0,2
17885_0,15.2,531.0,90.0,-1,24,27,3,7.0,2
17888_0,11.2,1375.0,84.0,1036,31,16,8,5.3,2
17890_0,16.3,523.0,80.0,165,21,20,2,7.0,2
17903_0,15.8,475.0,84.0,104,41,31,2,7.1,2
17908_0,16.1,490.0,83.0,51,34,22,4,7.3,2
17922_0,13.9,956.0,72.0,746,24,22,4,6.9,2
17924_0,16.6,553.0,79.0,83,22,20,2,7.2,2
17937_0,16.2,403.0,80.0,71,41,21,2,6.9,2
17943_0,6.0,906.0,68.0,1913,32,10,13,5.6,2
17979_0,4.7,910.0,59.0,2140,21,9,12,5.5,2
17980_0,16.5,500.0,84.0,12,34,36,5,7.4,2
18045_0,16.4,585.0,81.0,45,34,24,3,7.0,2
18075_0,6.4,1202.0,67.0,1771,32,12,16,5.6,2
18081_0,16.4,879.0,72.0,293,34,26,2,7.1,2
18085_0,8.2,793.0,70.0,1497,34,15,5,6.3,2
18086_0,14.3,1215.0,84.0,557,21,24,5,6.0,2
18101_0,10.9,1595.0,81.0,1276,22,20,12,5.4,2
18114_0,16.9,867.0,76.0,143,34,26,2,7.4,2
18127_0,11.5,974.0,74.0,1095,22,21,6,6.1,2
18131_0,16.1,502.0,83.0,37,34,24,2,7.2,2
18175_0,9.6,1655.0,78.0,1525,42,14,13,5.6,2
18178_0,7.5,388.0,57.0,1531,21,20,2,7.4,2
18211_0,5.8,1107.0,66.0,1863,32,10,18,5.7,2
18244_0,5.3,1080.0,60.0,2051,31,12,12,5.7,2
18245_0,15.9,485.0,82.0,58,24,14,2,6.8,2
18248_0,16.5,501.0,85.0,6,34,37,4,7.6,2
18249_0,17.1,573.0,77.0,81,34,23,2,7.6,2
18306_0,6.8,1157.0,67.0,1639,32,11,12,5.8,2
18333_0,13.9,1038.0,81.0,752,41,20,5,6.0,2
18346_0,16.3,510.0,87.0,49,34,29,3,7.0,2
18355_0,16.2,447.0,84.0,13,34,26,3,7.6,2
18373_0,16.1,544.0,81.0,88,34,21,2,7.3,2
18391_0,6.4,1187.0,72.0,1907,22,4,15,5.4,2
18418_0,11.0,1453.0,85.0,1064,31,26,10,5.4,2
18423_0,15.3,498.0,88.0,233,21,29,2,7.4,2
18472_0,16.1,511.0,83.0,23,41,23,2,7.3,2
18486_0,16.0,448.0,84.0,16,24,45,6,7.1,2
18494_0,8.5,1146.0,78.0,1463,31,7,11,5.6,2
18496_0,15.7,425.0,83.0,21,34,22,2,7.7,2
18501_0,13.2,1422.0,84.0,743,22,17,7,5.5,2
18507_0,14.8,661.0,90.0,4,34,27,3,7.4,2
18536_0,16.3,482.0,85.0,7,24,35,3,7.6,2
18590_0,16.3,614.0,82.0,28,24,42,4,7.3,2
18620_0,16.4,488.0,84.0,17,34,26,3,7.0,2
18669_0,16.1,538.0,80.0,163,22,24,2,7.0,2
18685_0,16.1,591.0,82.0,32,34,40,8,7.6,2
18702_0,6.3,1067.0,64.0,1822,22,10,12,5.8,2
18714_0,11.2,1533.0,83.0,1172,22,20,9,5.2,2
18727_0,16.3,596.0,84.0,86,21,22,2,7.3,2
18734_0,7.9,496.0,61.0,1515,21,17,4,6.9,2
18743_0,13.0,1326.0,78.0,1131,31,19,8,5.6,2
18757_0,7.5,957.0,73.0,1565,31,12,10,5.8,2
18765_0,6.5,1123.0,69.0,1851,22,10,18,5.8,2
18769_0,5.5,863.0,61.0,2015,21,9,14,5.8,2
18784_0,6.2,1150.0,64.0,1827,31,12,14,5.6,2
18786_0,6.0,854.0,66.0,1931,21,3,7,5.6,2
18805_0,16.5,698.0,83.0,54,24,21,2,7.1,2
18818_0,15.1,717.0,82.0,394,11,25,3,6.7,2
18834_0,7.4,1287.0,76.0,1805,21,13,15,5.5,2
18836_0,6.6,830.0,68.0,1834,32,10,10,5.7,2
18839_0,16.3,586.0,84.0,90,21,22,2,7.5,2
18848_0,16.1,393.0,81.0,44,21,21,2,7.4,2
18854_0,8.5,1552.0,79.0,1752,21,14,15,5.7,2
18874_0,16.5,508.0,84.0,12,24,23,2,7.2,2
18877_0,16.1,544.0,83.0,82,21,20,2,7.2,2
18884_0,13.4,764.0,87.0,669,32,22,5,6.3,2
18906_0,8.8,1074.0,76.0,1377,32,12,9,5.8,2
18911_0,15.8,457.0,86.0,44,34,28,4,6.9,2
18978_0,15.8,438.0,87.0,12,24,27,2,7.6,2
18983_0,16.4,837.0,79.0,218,22,22,2,7.1,2
18998_0,10.2,1163.0,83.0,1243,22,21,11,5.1,2
19017_0,15.7,450.0,84.0,14,34,31,2,7.3,2
19063_0,15.6,470.0,85.0,130,41,37,2,7.0,2
19085_0,15.5,449.0,83.0,17,34,19,2,7.7,2
19116_0,8.9,397.0,62.0,1329,21,20,2,7.2,2
19118_0,8.4,1312.0,77.0,1571,41,15,15,6.0,2
19139_0,16.7,549.0,79.0,86,24,22,2,7.2,2
19171_0,16.6,634.0,85.0,27,34,27,2,7.2,2
19189_0,15.8,471.0,88.0,15,24,28,2,7.3,2
19203_0,14.9,529.0,89.0,1,34,21,6,7.1,2
19211_0,16.0,644.0,82.0,51,24,23,3,7.1,2
19213_0,16.3,538.0,82.0,74,34,21,2,7.4,2
19238_0,6.3,623.0,61.0,1835,32,7,12,5.3,2
19247_0,16.9,901.0,74.0,153,41,26,2,7.0,2
19282_0,14.5,799.0,82.0,584,21,22,6,6.8,2
19315_0,15.6,395.0,85.0,8,41,28,2,7.5,2
19333_0,15.4,513.0,84.0,266,22,29,2,7.1,2
19341_0,5.9,1105.0,63.0,1923,22,9,12,5.7,2
19363_0,13.9,1365.0,82.0,710,32,29,8,5.7,2
19375_0,11.4,1638.0,81.0,1214,21,24,13,5.4,2
19414_0,6.2,763.0,61.0,1784,24,16,10,5.5,2
19442_0,16.2,542.0,83.0,86,24,24,2,7.3,2
19443_0,6.0,1172.0,72.0,2007,22,11,12,5.6,2
19444_0,16.1,495.0,82.0,51,34,24,2,7.4,2
19452_0,10.6,1674.0,80.0,1396,21,17,11,5.5,2
19457_0,15.4,738.0,87.0,259,42,22,4,7.1,2
19481_0,16.5,730.0,83.0,46,31,25,2,7.3,2
19488_0,16.4,470.0,84.0,4,34,44,2,7.4,2
19502_0,13.2,1300.0,83.0,601,32,15,6,5.3,2
19516_0,16.3,491.0,88.0,14,24,19,2,7.3,2
19525_0,5.1,1128.0,65.0,1986,31,11,18,5.5,2
19553_0,6.9,1074.0,67.0,1737,21,13,14,5.8,2
19562_0,16.0,491.0,83.0,76,21,24,2,6.7,2
19563_0,15.3,499.0,88.0,183,32,32,3,7.4,2
19578_0,11.1,1539.0,79.0,972,42,22,9,5.6,2
19584_0,6.7,958.0,71.0,1834,32,5,18,5.4,2
19588_0,16.3,479.0,87.0,4,34,42,4,7.4,2
19589_0,13.5,771.0,87.0,652,21,23,5,6.5,2
19615_0,9.4,1053.0,79.0,1194,32,15,8,6.0,2
19632_0,15.9,432.0,80.0,34,24,22,2,7.5,2
19637_0,16.3,502.0,88.0,41,24,26,3,7.2,2
19645_0,16.2,440.0,85.0,9,24,25,4,7.3,2
19675_0,16.0,445.0,86.0,12,24,31,2,7.3,2
19676_0,11.5,920.0,78.0,1070,12,21,8,5.9,2
19678_0,16.3,693.0,83.0,45,34,32,4,7.3,2
19682_0,16.0,489.0,90.0,19,34,24,2,7.5,2
19689_0,15.6,389.0,88.0,5,34,28,2,7.6,2
19699_0,14.4,1023.0,70.0,699,21,22,4,6.6,2
19702_0,16.1,496.0,83.0,29,24,37,3,7.9,2
19709_0,16.2,566.0,82.0,32,34,31,3,7.3,2
19724_0,7.1,832.0,69.0,1708,31,12,15,5.7,2
19754_0,15.6,554.0,88.0,145,34,24,3,7.1,2
19755_0,15.4,370.0,87.0,19,31,25,3,7.5,2
19770_0,16.1,546.0,83.0,31,41,29,2,7.4,2
19810_0,16.0,447.0,86.0,14,34,30,2,7.6,2
19822_0,16.5,567.0,83.0,22,24,22,2,7.2,2
19826_0,16.7,577.0,83.0,21,34,37,4,7.3,2
19838_0,6.2,871.0,63.0,1794,31,9,10,5.8,2
19841_0,15.7,427.0,87.0,-1,34,23,2,7.5,2
19844_0,7.0,693.0,66.0,1604,32,12,8,6.1,2
19856_0,6.2,1199.0,70.0,1929,22,10,12,5.8,2
19871_0,16.4,567.0,80.0,47,24,19,2,7.4,2
19877_0,16.7,581.0,78.0,64,34,24,4,7.3,2
19883_0,16.3,669.0,80.0,67,24,24,2,7.4,2
19900_0,15.8,423.0,81.0,29,34,21,3,7.3,2
19923_0,16.2,542.0,81.0,43,41,20,2,7.5,2
19924_0,12.3,1304.0,83.0,877,11,25,11,5.4,2
19928_0,5.8,913.0,67.0,1846,31,8,14,5.6,2
19932_0,16.0,512.0,84.0,98,21,26,3,7.3,2
19946_0,7.9,1169.0,76.0,1611,41,5,16,5.5,2
19955_0,12.1,1510.0,79.0,1167,33,20,9,5.7,2
19985_0,16.1,627.0,82.0,39,24,23,3,7.3,2
19995_0,15.0,714.0,91.0,25,34,27,2,7.0,2
20005_0,15.8,461.0,87.0,15,24,31,2,7.4,2
20045_0,16.3,604.0,84.0,93,21,25,2,7.5,2
20091_0,14.8,1131.0,80.0,548,22,22,4,7.0,2
20102_0,16.5,839.0,73.0,284,21,23,3,6.9,2
20106_0,16.3,505.0,86.0,28,34,27,2,7.4,2
20116_0,9.3,939.0,74.0,1231,21,19,8,5.8,2
20122_0,17.0,854.0,75.0,124,34,23,4,7.1,2
20126_0,16.2,597.0,83.0,30,34,38,4,7.0,2
20134_0,16.6,508.0,84.0,16,24,20,2,7.3,2
20176_0,14.7,809.0,91.0,186,33,26,8,6.1,2
20180_0,14.8,680.0,90.0,20,34,27,3,7.3,2
20223_0,6.1,893.0,66.0,1676,31,15,8,5.8,2
20248_0,9.2,1720.0,78.0,1555,32,8,12,5.5,2
20251_0,16.1,480.0,86.0,41,24,16,2,6.4,2
20260_0,15.6,411.0,85.0,-1,34,22,2,7.5,2
20261_0,5.4,965.0,67.0,2136,21,8,12,5.6,2
20283_0,5.4,1124.0,65.0,2011,22,10,18,5.8,2
20285_0,6.7,845.0,66.0,1680,41,8,10,5.9,2
20323_0,16.1,496.0,89.0,19,24,29,2,7.5,2
20328_0,15.8,468.0,82.0,31,21,20,3,6.8,2
20330_0,16.0,448.0,84.0,26,34,30,4,7.2,2
20337_0,5.7,968.0,68.0,1975,21,13,18,5.8,2
20348_0,15.9,400.0,82.0,22,24,27,3,7.2,2
20358_0,16.1,457.0,86.0,36,34,25,2,7.7,2
20372_0,16.4,660.0,85.0,83,21,29,4,7.2,2
20388_0,15.9,449.0,85.0,36,34,25,4,7.3,2
20444_0,14.9,829.0,91.0,265,21,26,4,6.8,2
20486_0,8.5,1536.0,79.0,1537,31,17,10,5.4,2
20487_0,15.4,727.0,87.0,348,22,22,4,6.9,2
20498_0,16.2,397.0,79.0,58,31,22,3,6.7,2
20501_0,15.6,370.0,85.0,-6,34,28,4,7.2,2
20510_0,15.9,599.0,83.0,173,22,21,3,7.0,2
20514_0,11.2,1564.0,78.0,1169,41,16,11,5.4,2
20546_0,16.0,790.0,75.0,427,11,24,4,7.1,2
20548_0,6.8,956.0,66.0,1663,31,10,8,5.8,2
20552_0,8.8,1712.0,79.0,1644,22,14,15,5.7,2
20557_0,16.2,472.0,86.0,3,34,41,3,7.5,2
20563_0,6.5,1228.0,73.0,2013,22,14,14,5.4,2
20572_0,14.6,706.0,93.0,4,34,27,3,6.6,2
20573_0,12.5,1414.0,79.0,986,41,21,8,5.5,2
20618_0,16.3,524.0,81.0,126,21,22,3,7.3,2
20668_0,16.5,632.0,79.0,77,34,28,2,7.4,2
20671_0,6.4,843.0,64.0,1806,22,11,10,5.8,2
20720_0,16.4,597.0,80.0,50,34,26,4,7.4,2
20761_0,16.2,469.0,87.0,31,24,19,2,7.2,2
20828_0,6.4,864.0,68.0,1898,32,10,14,5.7,2
20847_0,15.7,544.0,81.0,243,22,29,2,7.0,2
20933_0,16.4,1067.0,79.0,246,22,24,2,6.9,2
20937_0,7.0,1271.0,75.0,1973,12,11,18,5.8,2
20953_0,16.3,526.0,84.0,20,24,40,4,7.3,2
20955_0,16.4,466.0,85.0,5,24,41,5,7.6,2
20977_0,16.5,811.0,78.0,198,41,23,3,7.0,2
21010_0,9.1,1696.0,80.0,1585,22,15,13,5.7,2
21054_0,16.7,581.0,84.0,21,24,23,2,7.3,2
21057_0,16.1,496.0,85.0,45,34,22,2,7.0,2
21099_0,16.3,542.0,91.0,38,24,30,2,7.8,2
21117_0,15.7,461.0,92.0,6,34,26,4,6.6,2
21133_0,15.9,434.0,85.0,22,34,27,2,7.6,2
21139_0,15.6,539.0,94.0,28,34,30,4,7.2,2
21145_0,16.3,474.0,86.0,6,34,32,3,7.4,2
21164_0,16.2,487.0,88.0,26,24,29,2,7.6,2
21186_0,5.2,966.0,61.0,2050,32,8,14,5.6,2
21188_0,16.3,445.0,85.0,7,34,40,6,7.4,2
21221_0,16.1,450.0,80.0,84,34,21,2,6.8,2
21246_0,11.5,1570.0,83.0,879,31,24,8,5.5,2
21267_0,16.7,553.0,83.0,21,24,22,2,7.4,2
21276_0,11.0,621.0,81.0,1088,32,19,8,5.8,2
21288_0,10.0,1205.0,80.0,1161,32,17,15,5.6,2
21291_0,15.9,394.0,83.0,18,24,22,2,7.1,2
21309_0,10.5,924.0,73.0,1140,41,18,9,5.8,2
21318_0,16.2,445.0,85.0,5,34,37,6,7.1,2
21322_0,15.7,408.0,82.0,16,34,25,2,7.0,2
21327_0,7.7,969.0,75.0,1536,21,13,10,5.8,2
21335_0,6.5,1274.0,73.0,1984,12,12,14,5.5,2
21360_0,16.2,530.0,84.0,59,31,22,2,7.0,2
21362_0,16.1,554.0,81.0,123,31,24,3,7.3,2
21403_0,16.1,414.0,80.0,88,21,33,3,6.9,2
21411_0,11.3,1389.0,78.0,1336,32,16,10,5.4,2
21423_0,14.7,710.0,91.0,21,31,25,2,7.2,2
21441_0,5.2,638.0,57.0,2057,22,5,15,5.8,2
21445_0,15.6,387.0,83.0,10,34,31,3,7.3,2
21453_0,16.2,542.0,81.0,44,24,20,2,7.5,2
21502_0,9.8,1547.0,79.0,1526,22,18,16,5.5,2
21531_0,7.1,1257.0,74.0,1937,22,9,14,5.6,2
21533_0,12.6,1479.0,83.0,777,22,20,10,5.2,2
21562_0,15.9,475.0,87.0,69,24,24,2,7.2,2
21564_0,15.3,597.0,90.0,354,32,23,5,6.5,2
21566_0,9.2,1440.0,78.0,1614,11,13,11,5.4,2
21572_0,5.1,676.0,57.0,2065,31,9,15,5.8,2
21584_0,4.7,827.0,61.0,2132,32,9,10,5.8,2
21626_0,16.4,538.0,81.0,78,24,20,4,7.1,2
21647_0,14.1,1082.0,76.0,671,41,20,4,6.7,2
21709_0,15.7,396.0,82.0,7,24,26,2,7.4,2
21727_0,16.6,557.0,79.0,67,41,15,2,6.9,2
21761_0,16.3,755.0,85.0,84,31,21,3,7.3,2
21764_0,15.8,457.0,89.0,9,24,23,2,7.6,2
21780_0,16.7,757.0,72.0,209,24,23,2,7.2,2
21782_0,16.4,599.0,86.0,37,22,20,2,7.0,2
21799_0,15.7,423.0,82.0,20,34,18,2,7.7,2
21803_0,16.6,834.0,73.0,196,32,24,2,7.0,2
21807_0,14.8,916.0,83.0,462,22,15,5,5.6,2
21818_0,16.1,581.0,82.0,36,24,35,6,7.1,2
21836_0,16.4,596.0,84.0,28,34,37,4,7.2,2
21842_0,16.3,697.0,82.0,46,34,31,3,7.2,2
21843_0,6.7,1116.0,70.0,1762,31,11,15,5.9,2
21856_0,8.5,1622.0,77.0,1721,22,12,17,5.4,2
21858_0,16.4,571.0,85.0,31,24,23,2,7.3,2
21863_0,11.3,1363.0,77.0,1233,31,18,6,5.5,2
21897_0,15.8,476.0,83.0,46,24,20,3,7.0,2
21906_0,15.7,462.0,87.0,58,41,33,4,7.1,2
21924_0,16.7,617.0,78.0,90,24,22,4,7.0,2
21928_0,16.2,423.0,79.0,60,31,20,4,7.3,2
21975_0,10.6,1046.0,77.0,985,41,18,6,6.6,2
22004_0,16.2,597.0,79.0,200,41,27,2,7.3,2
22007_0,15.9,453.0,88.0,4,34,29,2,7.3,2
22018_0,10.0,1582.0,79.0,1473,42,17,9,5.5,2
22031_0,16.0,446.0,86.0,12,24,30,2,7.1,2
22039_0,5.4,1166.0,67.0,1972,31,6,16,5.5,2
22043_0,16.1,571.0,83.0,35,24,19,2,7.4,2
22060_0,16.3,474.0,85.0,7,34,22,3,7.4,2
22080_0,14.8,597.0,91.0,20,41,21,2,7.4,2
22082_0,16.0,450.0,87.0,15,34,31,2,7.5,2
22099_0,16.4,472.0,83.0,10,24,41,3,7.7,2
22101_0,16.1,541.0,82.0,33,24,39,4,7.8,2
22115_0,7.7,813.0,71.0,1567,41,14,8,6.2,2
22117_0,16.4,789.0,73.0,270,32,21,3,7.0,2
22118_0,16.0,438.0,80.0,78,21,24,2,6.5,2
22135_0,16.3,615.0,87.0,38,41,21,2,7.1,2
22140_0,14.3,1038.0,76.0,624,31,22,4,6.9,2
22142_0,9.1,1054.0,79.0,1224,31,16,9,5.8,2
22165_0,16.5,813.0,79.0,189,31,25,2,7.0,2
22202_0,17.0,569.0,76.0,80,24,22,4,6.8,2
22236_0,15.8,551.0,90.0,109,34,25,2,7.6,2
22261_0,16.0,486.0,89.0,16,34,20,2,7.3,2
22264_0,7.2,1181.0,71.0,1623,22,13,10,5.7,2
22279_0,8.3,1177.0,77.0,1523,32,8,11,5.5,2
22299_0,16.7,784.0,77.0,186,22,22,2,7.0,2
22323_0,15.9,442.0,88.0,9,34,29,2,7.7,2
22341_0,15.8,442.0,87.0,14,41,29,2,7.4,2
22359_0,14.8,1053.0,84.0,467,21,14,4,6.1,2
22371_0,7.0,1012.0,67.0,1607,32,12,11,5.8,2
22379_0,15.6,367.0,86.0,-9,41,31,4,7.7,2
22396_0,15.7,420.0,86.0,4,24,19,3,6.8,2
22412_0,17.1,575.0,77.0,73,34,22,4,6.7,2
22437_0,6.8,1104.0,69.0,1772,31,13,15,5.9,2
22442_0,14.9,488.0,88.0,32,31,24,3,6.9,2
22443_0,15.4,914.0,83.0,339,41,24,2,7.2,2
22444_0,14.7,709.0,90.0,48,31,23,2,7.3,2
22449_0,7.8,1125.0,75.0,1567,31,15,12,5.5,2
22477_0,16.3,732.0,82.0,66,34,28,2,7.2,2
22481_0,15.8,827.0,76.0,369,32,23,4,6.8,2
22501_0,7.7,918.0,73.0,1487,22,12,11,6.0,2
22517_0,16.4,568.0,84.0,43,24,28,2,7.2,2
22520_0,14.8,816.0,90.0,240,31,23,4,6.9,2
22527_0,8.5,1660.0,78.0,1663,32,6,8,5.5,2
22544_0,16.0,522.0,82.0,96,31,17,3,7.0,2
22548_0,16.1,544.0,79.0,175,31,31,2,7.2,2
22549_0,6.1,1295.0,74.0,1945,31,17,9,5.8,2
22556_0,15.9,462.0,82.0,40,34,19,2,7.1,2
22557_0,16.5,662.0,83.0,33,24,21,2,7.3,2
22562_0,8.3,1636.0,78.0,1776,21,11,15,5.7,2
22580_0,16.4,708.0,82.0,55,34,22,2,7.1,2
22631_0,15.1,527.0,91.0,-5,24,26,6,6.8,2
22640_0,15.6,470.0,85.0,120,41,36,2,7.2,2
22653_0,16.3,564.0,82.0,23,34,24,4,6.9,2
22671_0,15.9,410.0,81.0,26,24,23,2,7.4,2
22683_0,10.5,1405.0,78.0,1499,22,18,9,5.4,2
22709_0,16.0,444.0,86.0,14,24,30,2,7.4,2
22721_0,16.7,525.0,84.0,17,24,30,2,7.2,2
22743_0,16.6,855.0,73.0,236,24,21,3,7.0,2
22747_0,13.3,1210.0,80.0,776,32,21,7,6.0,2
22754_0,9.5,1061.0,78.0,1174,21,18,5,5.8,2
22781_0,15.8,444.0,85.0,33,24,28,2,7.6,2
22786_0,5.5,1205.0,71.0,2152,12,7,15,5.7,2
22792_0,15.3,414.0,89.0,2,34,30,3,6.9,2
22827_0,15.5,683.0,92.0,145,34,22,5,6.8,2
22831_0,15.7,474.0,87.0,77,22,23,2,7.6,2
22837_0,15.7,362.0,83.0,-5,41,39,5,7.2,2
22841_0,10.9,1662.0,78.0,1336,41,12,10,5.3,2
22847_0,13.0,1336.0,81.0,767,42,24,7,5.9,2
22874_0,14.7,700.0,92.0,3,34,25,3,7.1,2
22902_0,10.1,1504.0,80.0,1401,22,16,11,5.3,2
22904_0,16.2,391.0,80.0,75,21,22,4,6.6,2
22907_0,16.1,501.0,89.0,67,21,25,2,7.1,2
22924_0,16.6,513.0,84.0,17,24,21,2,7.3,2
22934_0,16.1,485.0,84.0,31,34,31,4,7.3,2
22946_0,16.2,540.0,82.0,24,24,37,4,7.2,2
22961_0,11.0,845.0,83.0,1049,32,22,12,5.2,2
22996_0,16.5,540.0,79.0,71,22,15,2,7.2,2
23019_0,15.7,475.0,85.0,134,32,41,2,7.1,2
23028_0,5.9,1363.0,75.0,2033,22,9,13,5.5,2
23048_0,16.0,500.0,83.0,46,41,17,2,6.7,2
23049_0,16.0,470.0,83.0,39,34,24,2,7.5,2
23060_0,15.7,430.0,87.0,5,24,24,2,7.4,2
23064_0,12.6,1479.0,83.0,727,32,19,9,5.6,2
23076_0,15.6,385.0,86.0,-4,24,29,3,7.4,2
23097_0,16.2,557.0,79.0,166,34,22,2,7.0,2
23101_0,16.2,540.0,91.0,31,24,25,2,7.1,2
23102_0,16.1,607.0,79.0,214,41,25,2,7.2,2
23105_0,11.3,1487.0,85.0,1000,31,23,12,5.2,2
23108_0,15.8,482.0,82.0,99,41,31,2,7.3,2
23127_0,16.4,577.0,84.0,33,24,19,2,7.0,2
23131_0,7.7,1375.0,76.0,1738,32,11,15,5.6,2
23140_0,16.1,521.0,84.0,70,21,17,2,6.7,2
23149_0,16.3,454.0,85.0,6,34,31,3,7.5,2
23175_0,15.8,506.0,91.0,18,34,30,2,7.3,2
23177_0,16.6,516.0,83.0,15,34,22,2,7.5,2
23208_0,16.2,794.0,74.0,313,32,22,3,7.1,2
23210_0,9.3,1738.0,79.0,1607,32,9,11,5.3,2
23256_0,16.3,896.0,73.0,292,32,26,3,7.2,2
23257_0,15.5,430.0,85.0,9,34,22,2,7.6,2
23264_0,13.6,1232.0,81.0,777,21,21,7,5.9,2
23278_0,16.3,558.0,92.0,37,24,24,2,7.1,2
23283_0,16.0,451.0,81.0,95,21,26,4,6.5,2
23290_0,11.4,1375.0,78.0,1326,21,18,11,5.5,2
23321_0,14.6,1042.0,81.0,553,31,20,6,5.7,2
23334_0,15.8,422.0,81.0,20,34,20,2,7.2,2
23351_0,14.7,710.0,92.0,11,34,30,2,7.0,2
23365_0,15.3,489.0,86.0,211,32,28,3,7.4,2
23406_0,16.0,517.0,83.0,68,24,19,2,6.9,2
23428_0,15.1,1087.0,80.0,525,21,22,5,7.1,2
23430_0,16.6,587.0,85.0,21,34,22,2,7.3,2
23478_0,16.0,466.0,87.0,26,34,20,2,7.2,2
23479_0,14.6,622.0,91.0,6,31,23,10,6.7,2
23497_0,7.8,996.0,73.0,1555,32,11,9,5.8,2
23508_0,8.2,856.0,71.0,1538,21,13,8,5.9,2
23520_0,15.9,525.0,82.0,168,31,30,3,7.2,2
23536_0,15.9,437.0,83.0,18,24,26,2,7.5,2
23537_0,15.2,437.0,89.0,2,34,28,7,7.0,2
23542_0,7.6,1135.0,73.0,1564,21,14,10,5.5,2
23555_0,7.9,496.0,61.0,1510,21,18,4,7.0,2
23594_0,16.2,515.0,81.0,83,34,25,3,7.2,2
23603_0,8.4,1320.0,77.0,1577,31,10,17,5.7,2
23617_0,15.6,881.0,84.0,282,22,23,4,7.2,2
23626_0,10.7,1539.0,78.0,1186,42,18,10,5.3,2
23662_0,9.4,898.0,76.0,1157,21,16,6,6.2,2
23667_0,16.7,543.0,83.0,16,24,28,2,7.6,2
23690_0,15.5,410.0,84.0,0,24,19,2,7.2,2
23738_0,11.3,1545.0,79.0,976,31,23,11,5.5,2
23744_0,13.9,1400.0,84.0,580,21,15,6,5.9,2
23757_0,6.6,1168.0,70.0,1776,41,8,12,5.7,2
23768_0,6.8,1165.0,72.0,1875,22,6,12,5.5,2
23773_0,16.1,477.0,84.0,18,24,32,5,6.8,2
23780_0,15.6,440.0,83.0,23,24,17,2,7.7,2
23798_0,14.7,648.0,90.0,23,21,20,3,6.8,2
23805_0,16.4,557.0,83.0,24,34,31,5,7.1,2
23808_0,8.8,411.0,62.0,1326,21,21,2,7.5,2
23815_0,16.4,625.0,84.0,72,31,23,4,7.1,2
23822_0,11.5,886.0,79.0,978,31,24,7,6.2,2
23828_0,7.2,1178.0,70.0,1664,22,13,11,5.6,2
23835_0,9.0,1131.0,78.0,1469,32,15,14,5.4,2
23845_0,5.0,984.0,60.0,2074,31,16,12,5.7,2
23848_0,15.1,588.0,88.0,249,42,23,4,6.9,2
23868_0,16.4,586.0,84.0,27,34,38,4,7.5,2
23879_0,16.1,483.0,83.0,17,34,35,4,7.4,2
23903_0,16.5,519.0,84.0,18,34,37,4,7.2,2
23909_0,16.1,467.0,88.0,6,24,35,2,7.4,2
23911_0,16.4,536.0,86.0,42,24,22,2,7.4,2
23922_0,14.0,1165.0,79.0,847,41,18,7,6.0,2
23942_0,6.1,1075.0,72.0,1906,31,2,14,5.6,2
23957_0,16.2,475.0,86.0,4,34,41,4,7.2,2
23991_0,14.9,710.0,90.0,32,34,27,2,6.9,2
23998_0,15.8,454.0,86.0,44,41,21,2,7.2,2
24019_0,16.6,626.0,84.0,24,34,33,18,7.5,3
24039_0,7.1,1213.0,68.0,1622,31,12,10,5.8,3
24099_0,16.0,524.0,81.0,183,32,26,2,6.9,3
24135_0,16.2,521.0,90.0,46,34,26,2,7.4,3
24149_0,16.3,482.0,85.0,5,24,34,2,7.4,3
24180_0,15.5,498.0,88.0,141,22,27,2,7.4,3
24217_0,8.1,1071.0,74.0,1572,22,13,12,5.5,3
24218_0,16.0,473.0,83.0,28,34,32,5,7.5,3
24248_0,15.9,511.0,82.0,156,32,26,2,7.1,3
24251_0,9.9,908.0,76.0,1169,33,14,12,5.7,3
24303_0,10.1,1486.0,80.0,1281,41,18,12,5.6,3
24346_0,15.5,392.0,89.0,13,31,26,2,7.3,3
24357_0,16.3,456.0,84.0,5,24,27,2,7.5,3
24373_0,16.5,606.0,79.0,54,34,28,2,7.3,3
24379_0,16.3,525.0,86.0,50,24,24,3,7.1,3
24385_0,16.1,507.0,83.0,27,41,31,5,7.3,3
24408_0,16.1,464.0,81.0,86,31,20,2,6.8,3
24434_0,16.1,515.0,83.0,32,34,39,4,7.7,3
24461_0,8.8,1247.0,79.0,1731,22,10,17,5.6,3
24473_0,16.4,594.0,87.0,28,34,23,2,7.3,3
24487_0,15.2,485.0,90.0,0,24,32,17,6.3,3
24510_0,6.3,590.0,60.0,1818,22,9,7,6.2,3
24533_0,15.9,429.0,85.0,15,24,25,6,7.3,3
24562_0,16.7,611.0,78.0,92,31,23,2,7.4,3
24573_0,6.2,793.0,60.0,1780,34,16,11,5.8,3
24592_0,16.1,521.0,84.0,65,32,19,2,7.0,3
24613_0,16.1,499.0,82.0,97,34,23,3,7.3,3
24624_0,15.9,441.0,88.0,9,34,30,2,7.4,3
24647_0,15.0,573.0,91.0,5,34,28,2,6.8,3
24724_0,14.7,567.0,87.0,422,12,22,4,7.3,3
24856_0,8.1,948.0,75.0,1467,31,14,12,5.5,3
24900_0,15.8,966.0,82.0,310,21,23,5,7.0,3
24914_0,16.2,519.0,80.0,84,34,22,4,7.2,3
24937_0,10.7,1104.0,83.0,1201,11,18,10,5.3,3
25022_0,16.1,754.0,76.0,294,22,23,4,6.9,3
25111_0,10.7,1582.0,79.0,1306,42,19,9,5.8,3
25139_0,9.1,1090.0,80.0,1443,41,14,15,5.6,3
25178_0,16.4,461.0,84.0,10,24,29,2,7.5,3
25208_0,16.9,826.0,74.0,157,41,20,2,6.8,3
25217_0,16.3,480.0,87.0,22,34,30,2,7.2,3
25219_0,7.7,1128.0,73.0,1522,41,14,12,5.5,3
25320_0,15.2,485.0,90.0,0,34,27,11,6.2,3
25369_0,16.6,883.0,79.0,202,21,22,3,7.2,3
25402_0,15.7,539.0,82.0,205,22,28,3,7.1,3
25408_0,16.3,780.0,83.0,92,41,24,2,7.3,3
25421_0,8.1,948.0,75.0,1416,31,13,11,5.7,3
25427_0,16.8,601.0,76.0,87,24,22,2,7.4,3
25430_0,9.9,1678.0,79.0,1475,32,18,13,5.4,3
25434_0,6.4,969.0,64.0,1809,31,9,12,5.8,3
25470_0,15.5,783.0,83.0,349,12,22,5,6.3,3
25501_0,16.2,476.0,86.0,4,34,36,4,7.5,3
25512_0,15.8,443.0,83.0,31,34,22,2,7.4,3
25670_0,16.2,455.0,87.0,16,24,28,2,7.6,3
25683_0,16.0,443.0,88.0,8,24,31,2,7.4,3
25697_0,14.6,922.0,91.0,340,21,22,5,5.8,3
25743_0,13.0,1454.0,83.0,807,41,22,9,5.6,3
25791_0,7.4,629.0,65.0,1524,41,14,7,6.1,3
25825_0,16.5,705.0,78.0,198,21,21,2,6.7,3
25864_0,16.6,524.0,85.0,16,24,20,3,7.3,3
25934_0,12.2,1475.0,81.0,928,41,23,8,5.7,3
25978_0,16.6,621.0,85.0,28,34,30,3,7.1,3
26019_0,15.3,715.0,82.0,379,31,22,4,6.8,3
26021_0,16.8,730.0,75.0,181,21,27,2,6.9,3
26039_0,15.4,525.0,88.0,215,22,24,3,7.4,3
26057_0,4.2,910.0,63.0,2291,21,13,16,5.8,3
26085_0,15.8,767.0,84.0,296,21,26,4,6.8,3
26102_0,15.7,569.0,89.0,175,21,26,2,7.6,3
26142_0,15.5,566.0,81.0,228,32,34,3,7.4,3
26145_0,16.2,758.0,84.0,114,34,25,4,7.1,3
26167_0,16.2,488.0,84.0,19,34,32,4,7.4,3
26214_0,15.7,508.0,92.0,13,34,24,3,7.2,3
26231_0,9.3,747.0,72.0,1498,32,19,6,5.9,3
26236_0,16.3,500.0,87.0,38,24,26,2,7.5,3
26245_0,15.6,859.0,82.0,259,41,26,5,6.6,3
26319_0,16.0,443.0,87.0,26,34,27,2,7.6,3
26348_0,16.4,558.0,84.0,43,34,22,2,7.3,3
26351_0,16.3,594.0,83.0,28,34,36,4,7.3,3
26388_0,16.0,494.0,80.0,71,31,23,3,6.9,3
26406_0,16.4,570.0,84.0,46,32,25,2,7.2,3
26452_0,15.6,653.0,82.0,264,32,23,4,7.2,3
26459_0,8.7,1148.0,79.0,1474,32,14,16,5.6,3
26471_0,16.4,469.0,83.0,5,34,39,4,7.5,3
26473_0,8.7,911.0,73.0,1474,31,10,14,5.9,3
26495_0,14.6,925.0,91.0,245,32,23,3,7.0,3
26627_0,15.2,897.0,83.0,389,21,25,5,6.2,3
26628_0,16.0,456.0,80.0,93,21,28,4,6.5,3
26629_0,5.1,960.0,60.0,2032,21,10,13,5.8,3
26688_0,12.6,1047.0,76.0,820,31,21,3,6.7,3
26698_0,15.2,499.0,91.0,1,34,26,3,6.9,3
26701_0,11.9,1518.0,81.0,937,21,23,7,5.9,3
26766_0,15.2,495.0,86.0,289,11,27,4,7.3,3
26777_0,16.5,624.0,83.0,28,41,27,2,7.3,3
26791_0,7.7,1251.0,75.0,1709,31,11,15,5.6,3
26802_0,16.1,523.0,83.0,29,34,29,3,7.3,3
26813_0,10.8,1739.0,80.0,1550,22,16,15,5.4,3
26879_0,16.7,567.0,78.0,71,24,20,2,6.9,3
26929_0,5.0,967.0,60.0,2088,32,5,15,5.4,3
26963_0,16.5,719.0,78.0,209,22,24,2,7.1,3
26974_0,11.0,1607.0,82.0,1222,22,23,8,5.4,3
26986_0,16.8,550.0,78.0,101,34,21,2,7.0,3
26993_0,10.0,1055.0,79.0,1146,32,17,8,5.7,3
27002_0,16.2,471.0,85.0,9,34,30,2,7.7,3
27014_0,7.9,582.0,65.0,1464,31,15,6,6.1,3
27043_0,5.4,1045.0,61.0,1982,21,9,13,5.7,3
27045_0,8.6,435.0,62.0,1372,22,15,5,6.7,3
27098_0,13.6,1272.0,84.0,591,32,22,4,6.6,3
27115_0,15.7,426.0,88.0,2,24,30,2,7.3,3
27131_0,16.0,515.0,84.0,73,24,18,2,6.8,3
27148_0,16.3,847.0,83.0,127,34,23,2,7.4,3
27154_0,14.6,561.0,87.0,460,22,28,2,7.0,3
27238_0,6.5,1140.0,63.0,1810,31,15,12,5.6,3
27282_0,15.9,498.0,91.0,21,24,28,2,7.5,3
27314_0,15.9,427.0,85.0,15,34,42,4,7.4,3
27366_0,16.3,466.0,86.0,5,34,38,5,7.5,3
27369_0,15.9,453.0,87.0,22,24,27,2,7.7,3
27431_0,11.6,801.0,81.0,995,42,22,9,5.9,3
27464_0,14.9,808.0,85.0,428,22,16,3,6.6,3
27465_0,15.1,820.0,84.0,399,31,22,4,6.9,3
27469_0,16.5,748.0,78.0,215,31,23,2,7.0,3
27470_0,7.1,1049.0,71.0,1658,22,12,12,5.8,3
27488_0,15.9,438.0,84.0,20,34,33,4,7.2,3
27529_0,16.0,493.0,81.0,49,41,24,4,6.7,3
27540_0,16.2,678.0,82.0,45,34,34,5,7.1,3
27613_0,15.4,430.0,92.0,8,34,22,3,6.8,3
27652_0,16.4,586.0,84.0,25,34,34,5,6.7,3
27671_0,16.5,601.0,77.0,154,31,18,2,6.8,3
27679_0,15.2,1032.0,83.0,285,32,22,6,5.9,3
27704_0,14.6,1075.0,83.0,537,21,22,6,6.5,3
27707_0,8.2,1168.0,77.0,1535,21,15,14,5.5,3
27813_0,14.4,1106.0,83.0,572,21,22,5,6.7,3
27834_0,15.7,426.0,87.0,3,34,24,2,7.5,3
27851_0,16.2,813.0,84.0,106,41,24,5,6.7,3
27857_0,15.1,498.0,87.0,241,41,25,4,7.4,3
27858_0,14.6,1074.0,85.0,441,21,22,5,6.8,3
27889_0,7.9,918.0,73.0,1595,21,15,8,5.8,3
27894_0,15.4,485.0,92.0,2,34,25,3,7.3,3
27910_0,16.4,715.0,84.0,53,31,22,3,7.3,3
28010_0,16.1,614.0,83.0,152,31,22,3,7.4,3
28024_0,16.1,596.0,84.0,144,31,21,2,6.9,3
28029_0,15.8,443.0,88.0,5,24,34,3,7.3,3
28047_0,7.6,1134.0,72.0,1515,21,11,8,5.7,3
28048_0,16.3,470.0,85.0,9,34,39,2,7.7,3
28092_0,7.1,786.0,67.0,1612,24,14,7,6.2,3
28094_0,14.4,918.0,70.0,678,22,21,4,6.7,3
28097_0,10.4,1439.0,79.0,1432,22,17,9,6.3,3
28128_0,16.5,610.0,86.0,27,41,22,4,6.8,3
28193_0,16.1,611.0,83.0,40,24,24,2,7.0,3
28279_0,12.2,1554.0,84.0,842,32,28,8,5.4,3
28328_0,16.1,400.0,81.0,34,34,23,4,7.2,3
28359_0,7.5,1514.0,77.0,1830,22,6,15,5.3,3
28404_0,16.3,527.0,86.0,43,41,27,2,7.3,3
28464_0,16.1,399.0,81.0,34,34,21,3,7.2,3
28483_0,5.6,1188.0,72.0,2035,32,8,11,5.4,3
28504_0,16.1,526.0,84.0,28,41,20,2,7.1,3
28532_0,6.8,703.0,64.0,1698,32,11,9,5.7,3
28610_0,13.0,1355.0,80.0,1017,22,26,9,5.4,3
28640_0,15.6,483.0,87.0,92,24,35,2,7.1,3
28679_0,15.6,414.0,83.0,14,34,28,2,7.2,3
28693_0,16.1,490.0,85.0,64,21,22,2,7.4,3
28722_0,5.2,774.0,60.0,1982,31,9,12,5.7,3
28767_0,15.7,427.0,87.0,2,24,23,2,7.1,3
28810_0,15.6,499.0,83.0,182,41,33,2,7.3,3
28812_0,16.5,578.0,83.0,22,24,26,2,7.4,3
28816_0,16.3,651.0,85.0,84,32,18,3,6.4,3
28844_0,16.2,548.0,84.0,25,24,34,5,7.3,3
28993_0,15.4,861.0,83.0,407,32,23,5,6.7,3
29011_0,16.2,705.0,86.0,89,31,29,4,7.0,3
29027_0,12.6,1379.0,83.0,796,22,21,6,5.9,3
29028_0,7.0,598.0,64.0,1673,41,14,4,6.8,3
29064_0,12.7,1413.0,79.0,1128,32,19,8,5.3,3
29099_0,15.3,545.0,91.0,6,34,29,2,7.4,3
29100_0,7.3,1008.0,72.0,1688,11,14,16,5.7,3
29130_0,7.7,1274.0,69.0,1501,21,14,9,5.8,3
29281_0,16.3,631.0,83.0,31,41,37,3,7.2,3
29297_0,16.0,472.0,83.0,41,34,30,2,7.6,3
29357_0,16.0,446.0,86.0,15,24,30,2,7.6,3
29364_0,14.2,751.0,97.0,1,34,24,4,6.8,3
29365_0,16.5,482.0,84.0,10,34,38,4,7.4,3
29385_0,16.1,468.0,86.0,11,24,30,2,7.4,3
29398_0,12.0,1450.0,84.0,770,21,16,7,5.7,3
29414_0,6.9,731.0,66.0,1610,41,9,8,5.6,3
29478_0,16.0,812.0,78.0,394,22,24,4,7.1,3
29517_0,7.9,1182.0,76.0,1663,31,11,16,5.4,3
29583_0,16.1,582.0,83.0,32,24,38,18,7.6,3
29608_0,16.1,484.0,83.0,45,34,30,2,7.7,3
29613_0,9.9,1052.0,79.0,1150,31,15,9,5.8,3
29711_0,10.1,1549.0,79.0,1546,22,19,10,5.6,3
29716_0,6.5,715.0,65.0,1681,31,7,9,6.0,3
29719_0,11.8,1455.0,79.0,1258,41,13,8,5.8,3
29720_0,6.9,865.0,68.0,1742,22,9,13,5.5,3
29763_0,16.1,410.0,79.0,115,21,30,2,6.7,3
29800_0,15.6,387.0,83.0,7,24,32,3,7.2,3
29802_0,13.5,1269.0,81.0,750,21,22,7,5.7,3
29838_0,15.2,769.0,85.0,365,21,22,4,7.0,3
29847_0,4.5,951.0,59.0,2162,32,9,14,5.5,3
29886_0,4.4,960.0,58.0,2183,32,9,13,5.5,3
29922_0,16.7,562.0,84.0,21,24,28,2,7.5,3
29937_0,6.1,860.0,66.0,1829,21,16,10,5.8,3
29943_0,16.0,763.0,85.0,150,22,29,3,6.8,3
29979_0,16.4,570.0,85.0,29,24,21,2,6.9,3
30075_0,12.6,1350.0,78.0,857,41,18,10,5.6,3
30118_0,16.2,523.0,80.0,148,31,18,2,7.1,3
30127_0,16.4,619.0,83.0,30,34,21,2,7.2,3
30162_0,16.4,493.0,85.0,9,34,26,2,7.5,3
30189_0,8.4,981.0,75.0,1439,31,16,7,5.9,3
30232_0,15.8,665.0,84.0,203,31,30,0,7.3,3
30249_0,15.5,547.0,88.0,181,41,25,4,7.3,3
30333_0,15.5,432.0,82.0,19,24,16,2,7.7,3
30373_0,14.8,519.0,87.0,220,12,40,4,6.9,3
30455_0,15.8,848.0,73.0,403,31,23,4,6.9,3
30494_0,10.2,1481.0,78.0,1365,41,15,10,5.6,3
30561_0,15.6,402.0,86.0,1,34,24,2,7.2,3
30596_0,15.7,439.0,86.0,10,34,18,2,7.6,3
30618_0,16.4,586.0,85.0,43,34,21,3,7.3,3
30676_0,16.3,521.0,85.0,44,41,25,2,7.3,3
30734_0,13.2,1303.0,79.0,1057,31,20,6,5.8,3
30800_0,10.6,1576.0,79.0,1395,32,17,12,5.5,3
30854_0,16.5,661.0,84.0,33,34,23,4,7.5,3
30877_0,4.6,1047.0,68.0,2250,11,4,16,5.3,3
30911_0,16.0,431.0,82.0,50,24,21,2,7.4,3
30961_0,16.6,647.0,78.0,164,31,18,2,6.6,3
30964_0,16.6,543.0,83.0,19,24,24,2,7.2,3
30983_0,5.3,884.0,66.0,2010,22,9,9,5.6,3
31060_0,9.2,1410.0,79.0,1615,11,15,12,5.4,3
31065_0,10.4,1292.0,83.0,1182,32,15,7,5.5,3
31085_0,16.0,436.0,86.0,18,34,28,2,7.6,3
31091_0,16.5,583.0,79.0,49,34,22,4,6.8,3
31113_0,15.8,452.0,87.0,35,34,28,2,7.4,3
31116_0,16.4,489.0,84.0,16,34,27,3,7.4,3
31134_0,8.2,1213.0,75.0,1605,41,11,12,5.8,3
31188_0,14.0,1408.0,84.0,661,21,27,7,5.6,3
31189_0,14.4,948.0,82.0,501,41,17,4,6.6,3
31195_0,14.8,838.0,92.0,323,41,21,5,6.3,3
31222_0,10.5,1162.0,83.0,1136,32,15,11,5.7,3
31281_0,15.2,1001.0,84.0,333,41,23,5,6.3,3
31348_0,16.7,576.0,78.0,56,34,26,5,6.7,3
31422_0,6.0,1272.0,74.0,1994,41,8,12,5.6,3
31457_0,9.5,1095.0,80.0,1153,41,21,10,5.5,3
31488_0,8.0,1374.0,76.0,1682,31,12,14,5.6,3
31528_0,16.3,641.0,84.0,76,31,17,2,7.0,3
31562_0,7.9,986.0,74.0,1502,22,11,11,6.1,3
31578_0,16.1,465.0,87.0,4,34,41,5,7.4,3
31602_0,16.3,489.0,89.0,18,24,23,2,7.3,3
31606_0,16.6,590.0,84.0,24,24,34,4,7.4,3
31634_0,16.3,517.0,85.0,47,32,25,3,7.0,3
31692_0,16.2,497.0,85.0,38,31,26,2,6.9,3
31712_0,7.4,856.0,70.0,1553,32,9,12,5.7,3
31733_0,12.6,1444.0,79.0,1084,32,24,9,5.4,3
31755_0,16.0,595.0,84.0,134,34,20,2,7.0,3
31759_0,7.4,1004.0,73.0,1634,22,15,11,6.3,3
31768_0,16.2,588.0,82.0,111,34,29,2,7.4,3
31807_0,15.1,827.0,84.0,392,31,23,4,6.8,3
31810_0,12.3,1559.0,84.0,746,31,19,9,5.6,3
31985_0,16.8,770.0,74.0,144,41,24,2,6.9,3
32031_0,6.8,1182.0,70.0,1790,11,12,14,5.4,3
32069_0,16.4,1096.0,79.0,255,24,24,2,7.1,3
32091_0,16.2,600.0,82.0,141,21,22,4,7.0,3
32106_0,12.9,1432.0,83.0,789,22,21,8,5.5,3
32134_0,16.4,533.0,83.0,21,34,41,4,7.6,3
32146_0,15.2,918.0,70.0,550,32,23,4,7.0,3
32218_0,16.6,548.0,85.0,20,34,32,3,7.4,3
32281_0,16.0,468.0,83.0,41,34,25,2,7.7,3
32292_0,4.1,1107.0,68.0,2343,21,8,17,5.7,3
32310_0,11.5,1577.0,82.0,898,42,23,8,5.2,3
32323_0,16.2,472.0,86.0,48,22,29,2,7.3,3
32366_0,9.7,1459.0,80.0,1452,21,17,15,5.3,3
32388_0,8.3,1270.0,78.0,1565,22,14,18,5.5,3
32398_0,7.5,1191.0,75.0,1648,41,15,15,5.2,3
32447_0,16.0,561.0,94.0,21,24,26,2,7.2,3
32480_0,16.4,476.0,84.0,6,24,38,4,7.7,3
32486_0,7.6,679.0,68.0,1514,41,19,7,6.3,3
32510_0,13.3,1330.0,82.0,719,31,22,8,5.8,3
32516_0,6.8,923.0,68.0,1711,22,10,12,5.7,3
32546_0,15.9,440.0,87.0,6,34,29,2,7.5,3
32557_0,12.4,1435.0,80.0,917,21,19,6,6.0,3
32565_0,9.7,1063.0,79.0,1204,21,17,9,6.0,3
32579_0,15.0,886.0,72.0,498,41,20,5,6.7,3
32663_0,15.3,509.0,87.0,147,34,30,3,7.3,3
32681_0,16.3,529.0,82.0,19,24,38,4,7.5,3
32685_0,12.4,1405.0,83.0,745,31,17,6,5.9,3
32726_0,15.8,494.0,91.0,15,24,28,2,7.6,3
32761_0,10.7,1734.0,80.0,1413,21,19,15,5.8,3
32806_0,16.3,549.0,82.0,55,34,23,2,7.0,3
32823_0,16.4,495.0,84.0,11,34,26,2,7.3,3
32828_0,16.0,499.0,83.0,65,21,17,2,6.9,3
32898_0,15.9,429.0,85.0,15,34,38,3,7.4,3
32911_0,15.7,366.0,84.0,-3,24,36,6,7.4,3
32937_0,15.0,1243.0,84.0,458,21,22,5,7.0,3
32943_0,16.1,673.0,80.0,65,24,26,4,7.3,3
32953_0,16.0,434.0,83.0,16,24,35,3,7.4,3
33119_0,7.2,1235.0,74.0,1794,32,5,9,5.6,3
33120_0,16.1,525.0,83.0,26,34,23,4,7.3,3
33152_0,6.6,1141.0,65.0,1766,22,12,15,5.8,3
33164_0,6.3,974.0,62.0,1854,31,10,12,5.8,3
33267_0,15.6,380.0,86.0,-4,34,34,2,7.3,3
33276_0,14.6,775.0,90.0,354,41,22,3,7.0,3
33280_0,16.5,694.0,85.0,43,34,24,2,7.3,3
33291_0,15.6,535.0,88.0,173,22,24,2,7.4,3
33318_0,16.2,499.0,82.0,74,24,24,3,7.5,3
33322_0,16.0,438.0,84.0,17,34,39,5,7.4,3
33338_0,16.1,637.0,81.0,51,24,24,2,7.0,3
33362_0,16.1,466.0,88.0,28,24,19,2,7.0,3
33367_0,8.4,1190.0,69.0,1330,31,15,10,5.8,3
33373_0,14.2,1047.0,76.0,643,21,22,4,6.8,3
33403_0,15.5,471.0,87.0,131,41,29,4,7.3,3
33434_0,15.9,433.0,84.0,15,34,39,3,7.2,3
33443_0,16.3,666.0,83.0,45,34,35,4,7.2,3
33453_0,13.4,1450.0,83.0,719,42,27,7,5.5,3
33514_0,14.8,846.0,85.0,430,22,22,5,6.7,3
33517_0,6.0,1225.0,73.0,1956,42,7,15,6.1,3
33566_0,9.4,1203.0,79.0,1208,32,13,12,5.8,3
33646_0,12.2,1518.0,80.0,1161,32,19,8,5.9,3
33649_0,8.9,1055.0,78.0,1349,21,17,6,6.2,3
33663_0,15.3,789.0,84.0,373,22,22,5,6.8,3
33717_0,15.8,434.0,86.0,7,24,29,2,7.5,3
33741_0,15.7,437.0,91.0,2,24,29,4,6.8,3
33761_0,16.1,483.0,83.0,29,24,35,4,7.2,3
33782_0,16.4,550.0,85.0,32,41,20,2,7.3,3
33818_0,14.6,1053.0,78.0,606,11,24,5,6.7,3
33843_0,16.2,466.0,88.0,13,34,25,2,7.4,3
34039_0,15.9,452.0,88.0,3,24,26,2,7.6,3
34046_0,6.5,780.0,63.0,1710,34,12,7,6.0,3
34056_0,6.8,784.0,68.0,1641,21,14,8,6.0,3
34060_0,16.0,452.0,87.0,39,34,26,2,7.4,3
34063_0,15.3,620.0,91.0,55,31,27,3,7.3,3
34080_0,14.2,950.0,81.0,640,32,19,4,6.9,3
34129_0,14.5,629.0,88.0,398,31,30,4,7.1,3
34140_0,9.0,1773.0,79.0,1583,31,13,8,5.7,3
34142_0,15.3,703.0,91.0,131,34,21,5,6.8,3
34152_0,16.2,476.0,86.0,4,34,36,6,7.2,3
34181_0,6.8,811.0,66.0,1665,21,11,10,5.6,3
34184_0,14.6,560.0,88.0,331,31,26,4,6.9,3
34287_0,16.2,473.0,87.0,17,34,27,2,7.4,3
34306_0,13.7,1249.0,82.0,708,41,21,7,6.0,3
34307_0,15.9,421.0,84.0,16,24,45,7,7.5,3
34331_0,16.5,513.0,85.0,18,24,21,2,7.3,3
34412_0,12.1,1530.0,82.0,999,23,22,8,5.6,3
34444_0,16.6,639.0,77.0,105,31,27,2,7.1,3
34458_0,8.0,758.0,70.0,1486,31,17,7,6.6,3
34501_0,6.3,795.0,64.0,1777,23,9,13,5.7,3
34504_0,16.0,676.0,81.0,70,24,26,4,6.9,3
34512_0,15.7,475.0,87.0,91,34,26,3,7.3,3
34515_0,16.6,639.0,77.0,112,34,27,2,7.1,3
34548_0,6.3,1036.0,65.0,1746,23,9,14,5.8,3
34549_0,12.0,1527.0,84.0,888,21,24,8,5.6,3
34557_0,16.2,744.0,78.0,161,34,24,5,6.7,3
34609_0,5.3,1165.0,66.0,1911,22,7,18,6.0,3
34640_0,15.9,444.0,84.0,25,24,28,3,7.1,3
34658_0,15.9,543.0,83.0,166,21,30,3,7.2,3
34691_0,13.8,1218.0,84.0,641,21,20,5,6.0,3
34696_0,15.3,429.0,91.0,52,21,23,2,6.9,3
34717_0,8.9,1087.0,78.0,1377,31,17,16,5.4,3
34831_0,9.9,1446.0,77.0,1330,42,17,17,5.3,3
34846_0,5.9,1147.0,68.0,1951,31,9,16,5.5,3
34864_0,16.3,786.0,84.0,115,21,26,2,7.2,3
34874_0,12.1,1360.0,78.0,1675,15,19,6,6.2,3
34883_0,13.4,1359.0,80.0,913,32,21,7,6.0,3
34904_0,16.1,528.0,82.0,64,34,19,2,6.4,3
34923_0,14.6,654.0,90.0,122,32,26,3,7.0,3
34996_0,15.6,469.0,85.0,155,22,37,2,7.0,3
35064_0,11.1,914.0,74.0,903,42,20,7,5.8,3
35097_0,16.5,498.0,84.0,13,24,39,7,7.7,3
35177_0,7.5,402.0,57.0,1514,32,19,5,6.8,3
35192_0,16.1,523.0,90.0,62,24,27,2,7.6,3
35203_0,8.9,936.0,76.0,1223,41,17,9,5.6,3
35226_0,15.9,491.0,88.0,108,34,24,3,7.2,3
35256_0,12.0,1390.0,78.0,1246,22,20,8,5.8,3
35283_0,9.4,1053.0,79.0,1273,21,15,8,5.8,3
35352_0,16.0,496.0,88.0,85,21,24,3,7.3,3
35353_0,16.0,509.0,82.0,84,24,19,2,6.8,3
35513_0,15.1,990.0,83.0,425,41,20,5,6.7,3
35514_0,16.2,466.0,88.0,13,24,32,2,7.4,3
35577_0,15.0,1074.0,80.0,549,21,24,5,6.9,3
35617_0,5.7,1120.0,71.0,2127,22,10,12,5.5,3
35695_0,16.1,475.0,86.0,27,34,20,3,7.4,3
35815_0,15.1,995.0,85.0,388,21,23,5,7.0,3
35911_0,5.5,1180.0,68.0,2000,21,6,16,5.4,3
35922_0,7.8,975.0,74.0,1552,22,12,10,5.9,3
35925_0,16.5,585.0,80.0,48,34,24,4,7.1,3
35956_0,10.4,748.0,77.0,1192,21,19,10,5.8,3
35957_0,16.0,472.0,84.0,28,24,33,4,7.5,3
35979_0,16.0,500.0,89.0,74,31,23,4,7.2,3
36050_0,5.4,941.0,61.0,1987,41,7,12,5.6,4
36070_0,10.2,1754.0,79.0,1460,31,20,14,5.4,4
36095_0,16.5,489.0,84.0,9,24,38,4,7.4,4
36099_0,16.1,469.0,81.0,52,34,18,2,6.5,4
36101_0,9.8,767.0,80.0,1258,42,12,8,5.7,4
36107_0,11.9,1505.0,83.0,794,22,20,5,6.5,4
36149_0,16.2,515.0,84.0,18,24,39,6,7.5,4
36177_0,4.7,931.0,59.0,2134,31,8,15,5.8,4
36217_0,15.9,482.0,82.0,49,24,17,2,6.5,4
36245_0,16.1,533.0,83.0,65,34,21,3,6.7,4
36303_0,15.5,428.0,85.0,8,24,18,2,7.8,4
36357_0,12.4,1071.0,77.0,918,31,19,6,5.8,4
36424_0,16.2,420.0,78.0,54,34,21,3,7.1,4
36429_0,8.2,1316.0,78.0,1638,32,13,15,5.5,4
36461_0,16.0,462.0,87.0,4,41,38,6,7.2,4
36473_0,14.4,603.0,88.0,412,34,23,3,7.4,4
36518_0,16.2,517.0,85.0,59,21,25,4,7.3,4
36573_0,15.2,843.0,83.0,290,41,23,5,7.0,4
36613_0,16.6,528.0,83.0,18,34,30,3,7.1,4
36647_0,15.0,516.0,89.0,1,34,27,4,6.9,4
36673_0,15.7,869.0,78.0,367,31,24,4,7.0,4
36744_0,10.5,1142.0,82.0,1102,22,19,13,5.5,4
36747_0,9.0,1009.0,73.0,1354,12,19,12,6.0,4
36749_0,12.1,1292.0,77.0,992,42,17,7,6.3,4
36811_0,6.8,657.0,65.0,1671,32,11,6,6.6,4
36812_0,14.6,573.0,88.0,411,22,29,4,7.3,4
36839_0,15.8,450.0,85.0,41,34,25,3,7.4,4
36850_0,16.5,499.0,84.0,16,34,32,4,7.1,4
36914_0,7.5,1209.0,75.0,1620,21,16,10,5.5,4
36937_0,3.7,983.0,59.0,2366,22,7,13,5.5,4
36967_0,9.1,433.0,64.0,1271,34,20,3,7.6,4
37010_0,16.4,532.0,79.0,124,24,24,2,7.1,4
37039_0,15.8,535.0,89.0,132,31,26,3,7.2,4
37078_0,16.1,525.0,85.0,74,34,20,2,6.9,4
37111_0,9.4,1199.0,79.0,1374,21,12,10,5.9,4
37139_0,14.7,713.0,92.0,14,34,28,3,7.1,4
37157_0,16.3,508.0,82.0,89,31,21,3,7.7,4
37175_0,16.5,486.0,84.0,11,24,42,5,7.3,4
37178_0,15.5,448.0,83.0,18,34,17,2,7.8,4
37261_0,16.4,610.0,86.0,51,34,19,3,6.9,4
37277_0,15.9,441.0,88.0,9,24,31,2,7.4,4
37369_0,16.6,544.0,79.0,85,24,20,2,7.4,4
37383_0,6.5,1319.0,76.0,1834,42,8,10,5.4,4
37433_0,16.4,544.0,78.0,153,22,20,2,6.8,4
37434_0,16.5,596.0,80.0,50,24,24,5,7.3,4
37623_0,16.5,779.0,77.0,215,31,26,2,7.2,4
37665_0,16.1,445.0,85.0,22,34,22,2,7.6,4
37683_0,16.5,646.0,84.0,39,24,22,3,7.1,4
37692_0,8.1,1045.0,73.0,1579,22,12,9,5.6,4
37743_0,11.9,1523.0,85.0,938,21,34,10,5.5,4
37783_0,5.9,1110.0,71.0,1830,32,8,13,5.8,4
37786_0,6.2,544.0,57.0,1832,32,5,10,6.1,4
37905_0,8.1,1074.0,74.0,1506,22,14,9,5.7,4
37935_0,15.5,401.0,84.0,5,34,21,17,7.5,4
37941_0,8.0,952.0,74.0,1427,22,12,9,6.1,4
37950_0,6.2,1257.0,74.0,1998,32,8,12,5.6,4
38012_0,16.3,560.0,82.0,53,24,20,3,7.1,4
38036_0,15.7,504.0,86.0,134,21,23,3,7.6,4
38142_0,14.9,826.0,91.0,277,31,24,3,6.5,4
38145_0,15.3,438.0,91.0,1,31,24,4,6.9,4
38150_0,16.1,591.0,82.0,37,34,23,3,7.4,4
38167_0,16.0,653.0,79.0,235,32,26,3,7.1,4
38210_0,14.8,998.0,82.0,415,32,21,5,6.0,4
38214_0,16.8,839.0,76.0,168,32,23,2,6.7,4
38218_0,5.7,819.0,59.0,1917,22,9,11,5.9,4
38227_0,9.3,1774.0,80.0,1721,21,15,12,5.4,4
38231_0,16.0,650.0,82.0,53,34,22,2,7.1,4
38348_0,12.7,1314.0,78.0,1300,22,19,9,6.5,4
38372_0,16.3,501.0,84.0,22,34,25,3,7.3,4
38377_0,16.1,541.0,82.0,28,24,40,4,7.7,4
38473_0,8.0,1074.0,76.0,1473,22,15,13,5.9,4
38483_0,16.5,495.0,83.0,12,34,41,4,7.6,4
38582_0,16.2,438.0,79.0,71,34,21,2,6.9,4
38673_0,5.7,1200.0,71.0,1880,22,8,16,5.5,4
38688_0,16.2,535.0,83.0,21,34,37,4,7.4,4
38698_0,15.7,402.0,83.0,15,24,25,3,7.2,4
38701_0,16.1,476.0,84.0,22,34,33,4,7.5,4
38732_0,15.9,422.0,81.0,38,24,20,2,7.5,4
38766_0,15.9,449.0,85.0,27,34,31,3,7.0,4
38873_0,14.6,874.0,82.0,576,21,18,5,5.7,4
38879_0,15.8,628.0,92.0,121,32,28,4,7.4,4
38963_0,8.2,1060.0,74.0,1493,41,12,10,5.4,4
38986_0,13.5,1226.0,79.0,797,31,23,7,5.5,4
38991_0,16.5,571.0,80.0,52,21,27,2,7.3,4
39034_0,8.7,1053.0,78.0,1437,21,13,10,5.2,4
39126_0,16.5,551.0,87.0,21,34,23,3,7.2,4
39148_0,14.1,989.0,81.0,695,22,20,6,5.8,4
39222_0,15.9,427.0,85.0,14,34,41,18,7.3,4
39288_0,7.0,1201.0,73.0,1757,42,10,18,5.7,4
39448_0,5.5,1187.0,70.0,2130,12,5,18,5.5,4
39465_0,9.7,865.0,78.0,1526,21,18,7,5.8,4
39540_0,16.1,585.0,82.0,33,24,38,18,7.6,4
39602_0,6.3,742.0,60.0,1760,34,15,9,6.1,4
39617_0,16.0,453.0,84.0,17,34,44,4,7.5,4
39660_0,7.0,1119.0,73.0,1780,32,8,12,5.8,4
39671_0,16.6,554.0,79.0,73,34,19,2,7.1,4
39742_0,15.7,462.0,87.0,53,34,38,4,7.2,4
39857_0,15.9,466.0,82.0,44,34,19,2,6.6,4
39858_0,10.9,1052.0,78.0,1098,21,17,7,6.2,4
39894_0,9.1,1754.0,79.0,1319,21,15,6,5.7,4
39909_0,7.8,1225.0,74.0,1549,41,12,10,5.7,4
39921_0,16.4,641.0,80.0,62,34,26,2,7.5,4
39995_0,16.2,499.0,89.0,35,31,23,2,7.5,4
40040_0,14.6,737.0,89.0,496,22,31,2,7.3,4
40043_0,13.3,1163.0,80.0,718,31,22,5,6.4,4
40092_0,7.0,783.0,67.0,1690,21,13,7,5.8,4
40100_0,14.2,1338.0,84.0,509,21,17,5,5.7,4
40148_0,16.1,513.0,84.0,52,34,18,3,6.6,4
40193_0,16.3,526.0,85.0,46,41,25,3,7.3,4
40217_0,15.6,439.0,83.0,23,24,17,2,7.7,4
40253_0,16.4,532.0,79.0,124,24,24,2,7.1,4
40279_0,6.3,719.0,62.0,1747,31,10,12,5.7,4
40328_0,10.5,1162.0,83.0,1080,42,16,12,5.6,4
40367_0,8.1,984.0,75.0,1586,22,12,10,5.6,4
40464_0,5.5,608.0,57.0,1967,31,7,9,5.9,4
40467_0,15.4,430.0,85.0,11,24,20,2,7.8,4
40483_0,14.9,673.0,90.0,33,21,25,2,7.4,4
40553_0,14.3,1138.0,81.0,730,31,22,7,5.5,4
40602_0,15.3,784.0,84.0,380,21,21,5,6.9,4
40607_0,9.5,1579.0,78.0,1582,21,16,15,5.6,4
40610_0,16.1,649.0,82.0,47,24,21,2,7.1,4
40617_0,16.2,508.0,83.0,20,34,40,5,7.6,4
40618_0,15.4,494.0,84.0,219,41,28,2,7.3,4
40629_0,7.0,1195.0,74.0,1833,21,5,17,5.5,4
40785_0,16.2,476.0,86.0,2,34,40,5,7.7,4
40810_0,9.7,916.0,74.0,1215,32,21,10,5.6,4
40838_0,16.2,586.0,83.0,117,21,16,3,6.7,4
40842_0,12.8,1328.0,84.0,818,22,27,11,5.4,4
40844_0,6.2,732.0,65.0,1836,22,11,15,5.6,4
40867_0,16.0,426.0,80.0,65,34,19,2,6.7,4
40872_0,7.6,1423.0,76.0,1749,42,9,10,5.6,4
40919_0,16.5,636.0,83.0,29,24,19,2,7.3,4
40993_0,15.8,394.0,84.0,11,34,23,2,7.4,4
41027_0,16.0,829.0,83.0,180,32,25,3,7.3,4
41042_0,15.9,394.0,83.0,18,34,24,2,7.1,4
41064_0,6.3,739.0,62.0,1854,31,13,18,5.7,4
41095_0,9.2,375.0,61.0,1272,34,16,2,7.8,4
41099_0,15.6,473.0,86.0,142,32,36,2,6.9,4
41180_0,7.7,890.0,72.0,1458,32,13,9,6.1,4
41262_0,15.7,437.0,85.0,10,24,27,2,7.2,4
41367_0,14.9,960.0,81.0,374,41,21,7,6.0,4
41398_0,14.4,632.0,89.0,389,41,27,4,7.3,4
41466_0,15.9,440.0,87.0,12,34,29,2,7.4,4
41580_0,16.1,737.0,80.0,99,31,22,2,6.8,4
41635_0,16.5,546.0,85.0,31,24,29,2,7.1,4
41643_0,7.9,967.0,74.0,1493,31,16,8,6.0,4
41700_0,16.9,879.0,76.0,148,34,24,2,7.3,4
41702_0,16.4,1096.0,79.0,255,24,25,2,7.2,4
41719_0,15.2,557.0,91.0,9,34,29,2,7.2,4
41720_0,15.7,482.0,86.0,101,24,29,4,7.1,4
41836_0,7.1,739.0,66.0,1604,41,9,8,5.8,4
41863_0,16.1,465.0,88.0,3,24,26,3,7.3,4
41886_0,10.4,1458.0,82.0,1211,22,23,11,5.3,4
41900_0,16.5,689.0,83.0,36,34,17,2,7.1,4
41908_0,6.9,543.0,59.0,1591,31,14,6,6.2,4
41922_0,15.8,454.0,87.0,53,34,25,2,7.3,4
41937_0,10.1,1677.0,79.0,1516,21,14,10,5.4,4
41943_0,11.7,1605.0,80.0,1200,21,20,9,5.5,4
42062_0,11.9,1479.0,83.0,679,41,15,5,5.6,4
42081_0,5.5,647.0,59.0,2031,22,6,6,5.6,4
42096_0,15.8,510.0,82.0,156,32,24,2,7.2,4
42118_0,14.8,597.0,90.0,123,32,34,4,7.1,4
42188_0,15.8,448.0,84.0,13,34,26,2,6.9,4
42249_0,15.4,442.0,84.0,19,34,27,2,7.7,4
42311_0,13.9,1239.0,80.0,685,21,21,5,6.6,4
42365_0,15.7,499.0,83.0,171,21,31,2,7.2,4
42387_0,16.2,505.0,84.0,45,34,19,2,7.0,4
42455_0,14.7,845.0,83.0,446,31,24,5,6.6,4
42466_0,16.2,502.0,90.0,35,24,29,2,7.3,4
42507_0,9.5,849.0,76.0,1239,41,18,10,5.6,4
42618_0,14.3,936.0,81.0,449,31,19,5,6.0,4
42727_0,16.2,675.0,85.0,92,32,24,2,7.2,4
42805_0,15.9,450.0,87.0,3,34,30,2,7.5,4
42820_0,16.2,528.0,84.0,79,31,26,2,6.9,4
42848_0,9.0,1111.0,76.0,1448,21,13,12,5.9,4
42877_0,15.0,1061.0,79.0,537,21,22,5,7.0,4
42920_0,16.4,483.0,84.0,7,34,37,4,7.3,4
42983_0,15.3,432.0,89.0,0,34,31,6,6.7,4
43091_0,14.4,933.0,80.0,659,22,18,6,6.0,4
43092_0,10.0,1441.0,78.0,1409,32,15,10,5.8,4
43110_0,15.3,957.0,78.0,411,41,26,5,6.8,4
43134_0,15.2,787.0,87.0,349,32,23,5,7.1,4
43172_0,7.9,928.0,72.0,1418,41,7,8,6.0,4
43238_0,5.8,804.0,59.0,1867,32,9,9,5.9,4
43246_0,5.5,676.0,60.0,1974,11,18,4,6.5,4
43261_0,11.6,1635.0,79.0,1153,22,20,9,5.8,4
43281_0,16.5,793.0,77.0,221,22,24,2,7.1,4
43282_0,6.4,992.0,63.0,1917,23,10,11,5.9,4
43333_0,15.7,599.0,94.0,31,34,29,2,7.5,4
43337_0,8.5,476.0,65.0,1381,32,19,2,7.3,4
43348_0,16.0,604.0,83.0,141,31,27,3,6.7,4
43422_0,15.7,864.0,72.0,423,22,21,2,7.1,4
43457_0,7.5,978.0,71.0,1494,32,11,9,5.6,4
43501_0,11.6,1494.0,79.0,1312,32,17,11,5.4,4
43634_0,16.1,477.0,84.0,29,34,35,4,7.3,4
43709_0,16.0,478.0,84.0,27,34,27,4,7.2,4
43810_0,16.3,482.0,87.0,43,22,25,4,7.0,4
43838_0,4.4,920.0,59.0,2145,32,10,14,5.5,4
43890_0,4.9,905.0,59.0,2072,32,7,12,5.7,4
43985_0,16.1,478.0,87.0,38,24,22,3,6.8,4
43998_0,7.3,855.0,69.0,1574,21,12,9,5.8,4
44029_0,14.9,808.0,86.0,366,22,21,5,6.2,4
44075_0,16.3,533.0,85.0,44,24,25,2,7.4,4
44122_0,6.3,1259.0,74.0,1967,32,7,16,5.9,4
44134_0,16.1,488.0,88.0,26,24,29,2,7.2,4
44204_0,16.3,473.0,85.0,7,34,41,4,7.8,4
44216_0,15.9,454.0,88.0,47,34,24,2,7.5,4
44218_0,16.3,543.0,81.0,58,24,21,2,7.0,4
44253_0,7.5,1260.0,75.0,1810,22,10,15,5.6,4
44310_0,15.3,977.0,84.0,270,32,25,4,6.9,4
44388_0,7.3,831.0,69.0,1571,24,16,7,6.5,4
44398_0,14.0,1194.0,83.0,635,31,23,5,6.0,4
44480_0,6.5,1140.0,65.0,1587,21,14,13,5.6,4
44483_0,16.6,630.0,85.0,29,24,30,3,7.6,4
44498_0,15.3,403.0,88.0,0,34,30,2,7.2,4
44546_0,5.7,1153.0,67.0,1888,31,10,18,5.8,4
44607_0,5.5,822.0,65.0,1984,32,9,18,5.8,4
44618_0,12.6,1503.0,84.0,798,22,23,7,5.8,4
44697_0,15.8,461.0,83.0,23,24,19,2,7.0,4
44928_0,15.8,438.0,86.0,28,24,32,2,7.3,4
44937_0,15.6,1052.0,84.0,323,22,22,5,7.0,4
45057_0,15.8,538.0,89.0,163,22,31,3,7.3,4
45120_0,15.8,457.0,86.0,45,34,28,4,7.1,4
45137_0,16.8,779.0,77.0,167,41,24,2,7.2,4
45164_0,16.3,458.0,85.0,6,34,28,2,7.5,4
45309_0,15.6,417.0,87.0,1,41,23,2,7.7,4
45327_0,15.8,430.0,88.0,5,34,35,2,7.5,4
45338_0,14.2,1146.0,85.0,519,32,24,6,6.5,4
45362_0,9.5,1755.0,79.0,1529,32,12,8,5.4,4
45445_0,16.0,436.0,80.0,64,24,24,3,6.6,4
45527_0,16.3,631.0,83.0,28,24,37,4,7.1,4
45533_0,15.6,339.0,84.0,-4,24,23,4,7.0,4
45583_0,7.2,1312.0,75.0,1840,22,11,13,5.7,4
45604_0,6.7,670.0,63.0,1685,22,15,9,6.0,4
45646_0,15.1,601.0,87.0,331,22,23,4,7.0,4
45649_0,12.3,1210.0,79.0,891,32,23,7,6.7,4
45663_0,8.7,1090.0,78.0,1459,41,9,13,5.4,4
45761_0,16.1,645.0,82.0,47,34,21,2,7.1,4
45786_0,16.3,627.0,85.0,60,32,22,2,7.4,4
45901_0,9.4,943.0,77.0,1205,31,14,9,5.5,4
45917_0,6.8,837.0,67.0,1646,22,12,8,5.6,4
45928_0,16.0,503.0,83.0,116,32,20,3,7.4,4
46039_0,13.9,1220.0,82.0,558,32,24,8,6.0,4
46118_0,16.3,537.0,80.0,171,31,25,2,7.1,4
46142_0,16.3,719.0,83.0,54,34,30,2,7.3,4
46181_0,14.5,1075.0,82.0,547,21,19,5,5.8,4
46184_0,7.4,677.0,67.0,1653,22,11,8,5.7,4
46259_0,16.1,445.0,85.0,28,34,26,2,7.6,4
46287_0,15.8,460.0,87.0,60,31,26,2,7.2,4
46307_0,16.2,541.0,82.0,37,24,25,2,7.4,4
46331_0,16.2,533.0,82.0,48,34,19,3,7.1,4
46421_0,15.7,420.0,86.0,1,34,25,2,7.4,4
46442_0,15.6,368.0,84.0,-8,41,31,5,7.4,4
46458_0,15.6,397.0,82.0,5,24,29,2,7.4,4
46501_0,6.2,915.0,63.0,1783,22,9,13,5.6,4
46504_0,15.8,478.0,84.0,173,22,33,2,7.4,4
46548_0,15.4,503.0,85.0,237,21,25,2,7.3,4
46549_0,15.9,429.0,86.0,18,24,36,2,7.2,4
46691_0,12.8,1226.0,81.0,871,21,25,9,5.4,4
46696_0,16.1,440.0,80.0,104,21,24,3,6.5,4
46743_0,15.4,515.0,92.0,5,34,29,2,7.4,4
46786_0,16.2,535.0,80.0,142,24,22,2,7.2,4
46902_0,16.0,414.0,81.0,46,21,22,2,7.5,4
46923_0,15.6,505.0,82.0,225,21,32,2,7.0,4
46934_0,16.1,504.0,87.0,60,21,26,3,7.2,4
46961_0,15.8,440.0,82.0,29,24,25,2,7.3,4
46964_0,16.2,556.0,82.0,37,21,29,4,7.3,4
47019_0,16.2,560.0,79.0,175,34,22,2,7.2,4
47043_0,15.9,400.0,82.0,19,24,28,3,7.3,4
47074_0,15.4,384.0,85.0,49,22,30,14,7.1,4
47175_0,16.3,784.0,82.0,85,41,24,2,7.3,4
47278_0,15.0,477.0,88.0,149,22,31,2,7.4,4
47351_0,16.6,564.0,77.0,137,21,18,2,7.2,4
47353_0,7.4,1004.0,73.0,1614,21,15,15,5.4,4
47478_0,6.0,635.0,61.0,1860,21,18,7,6.4,4
47480_0,16.4,680.0,79.0,191,31,20,2,6.9,4
47514_0,16.1,459.0,87.0,15,34,27,2,7.4,4
47555_0,16.3,551.0,85.0,64,21,25,2,7.6,4
47577_0,12.7,1476.0,82.0,817,32,18,10,5.7,4
47590_0,8.7,1006.0,78.0,1291,22,17,11,5.3,4
47594_0,15.7,478.0,85.0,180,21,38,2,6.9,4
47617_0,5.4,1141.0,70.0,2167,11,8,18,5.3,4
47662_0,15.2,426.0,88.0,15,34,27,2,7.4,4
47690_0,5.8,1121.0,63.0,1956,31,8,12,5.6,4
47695_0,16.2,819.0,82.0,107,31,20,3,7.3,4
47779_0,16.0,466.0,84.0,24,24,37,4,7.1,4
47791_0,7.6,915.0,73.0,1504,41,12,11,5.6,4
47848_0,16.1,478.0,86.0,31,31,17,2,7.0,4
47879_0,15.6,338.0,84.0,1,34,23,5,6.8,4
47922_0,6.6,1224.0,73.0,1884,32,8,18,5.5,4
47925_0,5.6,866.0,65.0,2124,11,9,10,5.7,4
47950_0,12.8,1354.0,81.0,884,22,23,6,5.7,4
47957_0,15.7,414.0,87.0,-1,34,30,2,7.7,4
47958_0,11.6,1545.0,79.0,1148,22,22,7,5.8,4
48039_0,7.9,376.0,57.0,1494,32,19,2,7.1,5
48095_0,6.1,696.0,58.0,1844,12,10,10,5.8,5
48107_0,16.5,719.0,84.0,39,41,26,2,7.2,5
48119_0,12.7,1361.0,78.0,1108,31,19,8,5.7,5
48149_0,16.0,564.0,79.0,203,34,25,2,7.3,5
48200_0,15.6,428.0,86.0,4,24,25,3,7.5,5
48214_0,16.5,642.0,78.0,204,21,25,2,7.1,5
48357_0,16.3,487.0,88.0,29,24,29,2,7.1,5
48373_0,9.6,1044.0,75.0,1255,41,20,5,6.8,5
48379_0,15.8,452.0,87.0,45,34,27,2,7.5,5
48429_0,5.7,769.0,60.0,1943,22,11,13,5.8,5
48434_0,16.2,487.0,88.0,28,34,28,2,7.3,5
48461_0,16.5,542.0,84.0,18,34,22,3,7.2,5
48487_0,16.3,604.0,84.0,84,22,25,2,7.5,5
48554_0,13.8,1206.0,79.0,938,22,21,7,5.8,5
48624_0,16.2,540.0,82.0,23,34,36,4,7.1,5
48647_0,15.2,976.0,84.0,361,31,23,6,6.9,5
48673_0,8.1,951.0,76.0,1398,31,8,10,6.3,5
48811_0,8.9,484.0,66.0,1332,32,20,4,6.9,5
48812_0,16.3,476.0,86.0,6,41,37,4,7.5,5
48856_0,9.0,1389.0,79.0,1518,22,12,13,5.5,5
48914_0,8.4,958.0,76.0,1397,41,13,12,5.6,5
48927_0,16.4,607.0,83.0,28,34,23,4,7.1,5
48967_0,16.3,509.0,87.0,36,24,29,2,7.3,5
49053_0,16.4,611.0,87.0,39,24,19,2,7.2,5
49208_0,8.5,463.0,63.0,1348,41,20,4,6.7,5
49217_0,16.3,623.0,85.0,67,31,21,3,7.0,5
49275_0,8.5,1062.0,75.0,1307,42,13,13,6.0,5
49277_0,15.3,486.0,91.0,2,34,24,4,6.9,5
49282_0,16.6,562.0,80.0,61,34,19,3,6.8,5
49320_0,16.5,585.0,84.0,28,24,23,2,6.9,5
49347_0,4.8,799.0,59.0,2008,22,9,18,5.5,5
49368_0,5.9,778.0,65.0,1971,32,10,15,5.8,5
49413_0,11.3,1572.0,82.0,959,32,23,10,5.6,5
49430_0,16.8,933.0,76.0,162,24,25,2,7.3,5
49491_0,7.6,1293.0,75.0,1696,32,13,17,5.9,5
49643_0,15.5,440.0,84.0,15,34,15,2,7.5,5
49650_0,16.3,568.0,92.0,38,34,28,3,7.3,5
49692_0,16.1,491.0,86.0,32,34,29,2,7.5,5
49701_0,15.8,495.0,87.0,113,34,24,2,7.2,5
49720_0,16.0,469.0,80.0,90,21,26,3,6.7,5
49730_0,15.7,405.0,84.0,13,34,30,3,7.0,5
49783_0,15.3,597.0,89.0,300,32,24,4,7.0,5
49791_0,16.4,661.0,79.0,65,34,26,2,7.3,5
49793_0,6.0,774.0,65.0,1783,32,11,18,5.6,5
49950_0,10.8,1649.0,80.0,1323,22,17,10,5.6,5
49978_0,6.3,699.0,61.0,1734,32,13,13,5.8,5
73_0,15.9,296.0,85.0,339,21,26,2,7.5,1
96_0,16.3,423.0,81.0,99,41,22,3,6.8,1
101_0,16.1,439.0,82.0,228,41,25,3,7.0,1
103_0,4.3,791.0,69.0,2445,21,9,7,5.7,1
177_0,16.8,336.0,80.0,87,34,24,2,7.2,1
180_0,17.1,193.0,80.0,61,34,21,2,7.8,1
217_0,16.9,189.0,82.0,53,24,33,2,7.9,1
218_0,8.7,682.0,80.0,1942,41,11,11,5.9,1
245_0,17.4,292.0,79.0,128,34,24,2,7.7,1
293_0,14.3,388.0,87.0,532,41,26,2,7.2,1
311_0,17.3,379.0,82.0,158,31,25,3,7.2,1
330_0,17.1,217.0,79.0,75,34,21,2,7.6,1
333_0,17.3,178.0,85.0,63,34,26,2,7.8,1
357_0,16.5,320.0,81.0,98,24,22,2,7.5,1
360_0,16.2,417.0,81.0,112,32,23,3,6.8,1
415_0,13.4,511.0,84.0,651,41,24,4,6.8,1
424_0,4.9,645.0,72.0,2501,31,5,8,5.9,1
427_0,15.3,380.0,86.0,532,22,28,3,6.8,1
428_0,17.7,272.0,79.0,149,24,24,2,7.7,1
439_0,13.1,583.0,87.0,862,21,22,3,7.1,1
455_0,11.5,1089.0,78.0,1362,31,21,5,6.7,1
457_0,17.5,217.0,76.0,98,34,22,4,7.4,1
468_0,17.0,287.0,81.0,461,31,26,2,6.9,1
469_0,16.4,364.0,81.0,66,24,26,3,6.9,1
483_0,16.7,190.0,81.0,125,24,28,6,7.5,1
573_0,15.7,524.0,82.0,302,21,26,4,6.7,1
586_0,16.4,322.0,86.0,65,34,23,2,7.1,1
621_0,14.1,499.0,87.0,687,21,26,2,6.9,1
633_0,13.9,400.0,85.0,542,12,28,2,7.2,1
647_0,14.7,311.0,83.0,522,21,23,2,7.4,1
651_0,0.4000000000000057,792.0,59.0,3652,22,11,0,6.0,1
668_0,10.2,802.0,80.0,1638,22,8,8,6.2,1
744_0,17.1,412.0,83.0,206,31,22,3,7.1,1
758_0,9.7,200.0,57.0,1675,34,10,1,7.9,1
761_0,6.7,254.0,57.0,2107,21,8,1,7.9,1
833_0,16.4,363.0,82.0,80,22,20,3,7.3,1
866_0,16.8,183.0,78.0,50,34,41,2,7.7,1
921_0,15.7,557.0,82.0,829,11,13,4,6.4,1
932_0,16.9,219.0,80.0,71,24,20,2,7.5,1
952_0,18.3,169.0,76.0,104,24,16,2,8.0,1
958_0,17.4,268.0,79.0,117,24,24,2,7.4,1
979_0,2.9,536.0,60.0,2753,32,8,9,6.1,1
1002_0,10.2,732.0,81.0,1602,23,18,8,5.4,1
1006_0,16.7,546.0,83.0,359,31,17,2,7.0,1
1022_0,16.5,290.0,82.0,40,24,25,2,7.8,1
1041_0,11.4,710.0,81.0,1499,31,17,7,6.1,1
1056_0,17.2,209.0,80.0,78,34,19,2,7.6,1
1084_0,16.1,459.0,81.0,307,21,18,2,6.9,1
1107_0,16.8,330.0,81.0,98,34,22,2,7.5,1
1113_0,16.6,238.0,82.0,28,41,31,7,7.0,1
1149_0,17.0,318.0,82.0,110,34,23,2,7.7,1
1160_0,16.6,205.0,79.0,182,32,28,2,7.3,1
1201_0,15.1,251.0,82.0,399,34,28,3,7.0,1
1254_0,16.6,321.0,81.0,109,34,21,2,7.6,1
1272_0,16.8,213.0,81.0,58,41,15,2,7.6,1
1275_0,13.3,545.0,81.0,1323,41,15,8,5.5,1
1320_0,17.6,243.0,77.0,126,34,24,2,7.5,1
1350_0,14.6,321.0,87.0,472,11,28,2,7.0,1
1396_0,16.3,386.0,80.0,180,31,27,2,7.1,1
1406_0,17.2,163.0,80.0,85,34,24,2,7.4,1
1413_0,12.7,634.0,87.0,903,21,23,6,7.1,1
1434_0,14.6,436.0,89.0,507,21,26,2,7.4,1
1444_0,16.5,227.0,83.0,32,34,21,2,7.4,1
1459_0,3.4,412.0,57.0,2701,32,11,11,5.9,1
1472_0,4.2,757.0,73.0,2666,21,4,9,5.3,1
1479_0,14.8,458.0,87.0,636,34,25,2,7.3,1
1496_0,17.3,159.0,78.0,91,34,23,2,7.8,1
1498_0,14.0,540.0,88.0,654,32,22,3,7.2,1
1511_0,16.3,357.0,84.0,79,31,20,4,7.4,1
1516_0,16.9,251.0,85.0,87,24,21,2,7.8,1
1586_0,14.3,494.0,87.0,807,32,21,2,7.8,1
1593_0,19.0,229.0,76.0,281,31,24,4,7.6,1
1594_0,17.0,239.0,84.0,87,24,18,2,7.8,1
1602_0,14.4,488.0,90.0,503,31,25,2,6.8,1
1662_0,14.9,423.0,85.0,679,32,26,0,7.3,1
1669_0,17.0,273.0,84.0,97,24,22,2,7.9,1
1743_0,7.2,784.0,76.0,2070,31,3,7,5.8,1
1793_0,15.0,275.0,89.0,322,31,32,2,7.2,1
1807_0,16.9,263.0,85.0,94,24,19,2,7.8,1
1883_0,14.3,490.0,88.0,613,41,22,2,7.1,1
1905_0,13.6,574.0,90.0,563,21,21,4,7.0,1
1941_0,13.9,498.0,88.0,653,31,26,3,7.1,1
1950_0,16.4,335.0,83.0,60,24,18,2,7.4,1
1953_0,17.0,241.0,81.0,79,41,19,2,8.1,1
1965_0,16.5,191.0,83.0,148,34,25,5,7.2,1
2055_0,16.6,229.0,79.0,48,34,19,3,7.8,1
2069_0,13.9,441.0,88.0,579,22,23,3,7.3,1
2102_0,15.1,330.0,92.0,301,31,26,2,7.2,1
2108_0,16.4,357.0,84.0,83,31,24,2,7.4,1
2124_0,16.9,213.0,82.0,66,34,17,2,7.8,1
2221_0,5.5,650.0,71.0,2336,32,9,10,5.9,1
2236_0,12.1,664.0,84.0,1053,21,22,5,6.9,1
2239_0,16.6,222.0,81.0,38,34,32,2,7.7,1
2270_0,4.3,704.0,73.0,2617,31,11,9,5.6,1
2318_0,17.7,223.0,79.0,129,24,24,3,7.4,1
2337_0,16.8,205.0,82.0,146,24,27,4,7.6,1
2342_0,16.4,373.0,80.0,65,31,22,2,7.2,1
2348_0,17.1,164.0,79.0,96,24,22,3,7.2,1
2360_0,16.6,301.0,79.0,103,34,25,3,7.6,1
2455_0,16.8,394.0,85.0,182,21,23,2,7.4,1
2473_0,18.2,264.0,77.0,286,21,26,3,7.4,1
2487_0,16.5,321.0,81.0,99,34,23,2,7.6,1
2507_0,6.3,563.0,72.0,2564,22,9,18,6.3,1
2517_0,16.3,349.0,79.0,67,21,22,2,7.0,1
2531_0,13.3,624.0,90.0,586,21,20,5,6.4,1
2536_0,17.1,173.0,80.0,84,34,24,2,8.1,1
2543_0,18.8,199.0,80.0,123,34,20,2,7.8,1
2576_0,17.0,374.0,83.0,138,34,27,4,7.4,1
2609_0,17.0,399.0,82.0,251,21,19,3,7.2,1
2613_0,17.0,374.0,82.0,143,34,24,2,7.2,1
2619_0,17.3,178.0,83.0,66,34,27,2,7.5,1
2651_0,16.3,396.0,81.0,80,34,20,3,7.4,1
2732_0,14.4,472.0,89.0,498,31,22,2,7.0,1
2754_0,17.0,213.0,84.0,72,34,19,3,7.6,1
2755_0,17.2,386.0,81.0,189,32,26,2,6.9,1
2873_0,16.5,271.0,86.0,379,22,32,2,6.5,1
2928_0,14.4,475.0,87.0,649,34,21,2,7.1,1
2955_0,18.6,175.0,79.0,102,34,19,2,8.0,1
2998_0,3.5,600.0,67.0,2920,32,6,10,5.4,1
3000_0,14.9,288.0,80.0,494,32,25,2,6.0,1
3014_0,17.1,309.0,83.0,101,34,28,2,7.3,1
3035_0,14.9,443.0,89.0,616,34,27,2,7.2,1
3115_0,17.1,184.0,82.0,61,24,17,2,7.8,1
3169_0,15.4,361.0,86.0,432,32,28,3,7.0,1
3187_0,10.2,1072.0,78.0,1706,21,18,8,6.6,1
3222_0,17.2,171.0,81.0,59,34,27,2,7.8,1
3244_0,16.9,379.0,83.0,149,34,20,3,7.1,1
3272_0,16.2,409.0,80.0,106,21,19,4,7.0,1
3284_0,16.9,265.0,81.0,90,24,25,1,7.6,1
3288_0,16.5,337.0,80.0,99,34,22,3,7.0,1
3315_0,16.9,193.0,79.0,140,34,24,2,8.1,1
3323_0,14.8,295.0,85.0,322,31,33,3,7.2,1
3366_0,15.3,391.0,86.0,585,32,21,2,7.4,1
3412_0,17.1,344.0,83.0,123,34,27,2,7.5,1
3413_0,17.1,301.0,80.0,117,24,23,2,7.5,1
3431_0,15.1,463.0,80.0,983,31,14,4,6.3,1
3458_0,16.2,420.0,81.0,139,41,30,2,7.0,1
3540_0,14.2,508.0,88.0,606,22,25,2,7.1,1
3601_0,16.4,372.0,81.0,89,34,23,2,6.9,1
3658_0,16.9,174.0,79.0,83,34,25,2,7.9,1
3692_0,14.9,277.0,83.0,259,41,28,3,7.2,1
3827_0,4.4,552.0,67.0,2616,31,7,14,5.6,1
3851_0,17.2,290.0,79.0,117,24,23,3,7.2,1
3858_0,14.6,454.0,91.0,95,31,23,2,7.4,1
3884_0,5.6,678.0,72.0,2250,22,6,9,5.9,1
3886_0,12.1,1014.0,78.0,1223,31,13,5,6.4,1
3896_0,15.1,293.0,81.0,467,22,25,2,7.3,1
3912_0,14.5,483.0,89.0,498,12,19,4,6.9,1
3921_0,15.7,334.0,87.0,481,21,32,2,6.2,1
3941_0,4.5,496.0,65.0,2574,41,10,10,6.4,1
3973_0,2.5,683.0,65.0,2838,31,5,9,5.8,1
3975_0,0.4000000000000057,680.0,58.0,3370,31,11,0,6.0,1
3991_0,16.4,191.0,82.0,89,24,29,2,7.4,1
4023_0,17.1,223.0,81.0,78,34,18,2,7.2,1
4026_0,16.7,238.0,81.0,66,34,16,2,7.5,1
4058_0,14.9,411.0,88.0,478,21,23,2,7.3,1
4092_0,14.0,473.0,85.0,821,22,22,3,7.1,1
4094_0,11.3,1119.0,78.0,1353,21,18,8,6.2,1
4215_0,16.3,369.0,81.0,84,21,22,3,7.4,1
4238_0,14.7,310.0,78.0,896,42,15,3,6.7,1
4308_0,15.0,211.0,88.0,153,22,23,3,7.5,1
4313_0,16.2,603.0,83.0,515,21,15,2,6.9,1
4317_0,5.0,420.0,57.0,2439,22,12,7,6.7,1
4337_0,14.5,463.0,89.0,480,31,25,2,7.3,1
4345_0,16.6,198.0,80.0,61,24,32,2,7.8,1
4404_0,12.7,917.0,81.0,1079,31,15,6,5.8,1
4438_0,17.4,175.0,79.0,88,24,24,2,7.7,1
4449_0,14.1,253.0,86.0,268,31,26,2,7.3,1
4453_0,16.0,614.0,83.0,507,21,23,3,7.4,1
4508_0,17.1,296.0,82.0,115,24,24,2,7.6,1
4584_0,17.4,164.0,78.0,145,31,22,2,7.9,1
4602_0,16.8,215.0,82.0,59,34,18,2,7.6,1
4622_0,15.4,657.0,82.0,621,31,13,4,5.8,1
4640_0,17.0,311.0,84.0,102,34,20,2,7.5,1
4685_0,14.5,459.0,87.0,559,41,28,2,7.3,1
4706_0,2.7,692.0,68.0,2845,32,4,10,5.9,1
4708_0,7.5,245.0,57.0,2004,31,12,2,8.0,1
4738_0,11.8,686.0,87.0,1203,21,20,0,7.1,1
4743_0,11.4,526.0,80.0,1352,31,11,4,6.5,1
4816_0,16.3,274.0,86.0,356,32,27,2,6.2,1
4867_0,18.3,262.0,81.0,352,31,25,18,7.3,1
4898_0,15.1,319.0,78.0,949,31,14,3,7.0,1
4923_0,14.2,292.0,89.0,406,21,26,2,7.2,1
4950_0,6.0,465.0,62.0,2269,32,15,5,7.2,1
4954_0,17.9,296.0,80.0,470,31,23,2,7.4,1
4989_0,7.7,1023.0,77.0,1911,21,8,10,5.8,1
5011_0,14.5,331.0,80.0,1014,22,16,3,6.8,1
5022_0,17.6,220.0,81.0,199,34,29,4,7.5,1
5025_0,13.9,435.0,83.0,719,21,22,2,7.3,1
5027_0,17.3,170.0,82.0,57,24,38,3,7.5,1
5028_0,17.0,370.0,85.0,145,31,20,2,7.2,1
5030_0,6.1,384.0,57.0,2258,22,16,3,7.1,1
5042_0,17.6,167.0,84.0,77,34,30,2,7.8,1
5053_0,16.3,382.0,80.0,61,41,21,3,7.0,1
5064_0,5.2,817.0,72.0,2347,21,4,8,5.6,1
5098_0,17.3,171.0,77.0,90,24,23,2,7.8,1
5120_0,15.3,597.0,82.0,373,22,26,4,6.2,1
5121_0,17.2,159.0,78.0,78,34,26,2,7.5,1
5125_0,14.1,794.0,82.0,865,21,14,5,5.8,1
5129_0,18.5,163.0,78.0,122,24,25,2,7.7,1
5138_0,13.9,451.0,91.0,174,22,32,2,7.6,1
5146_0,14.8,407.0,91.0,508,11,27,2,7.0,1
5165_0,16.6,222.0,81.0,43,24,23,2,7.6,1
5211_0,17.1,243.0,80.0,90,24,19,2,7.4,1
5226_0,15.1,335.0,96.0,249,34,25,2,7.4,1
5268_0,17.7,191.0,79.0,145,24,26,3,7.9,1
5292_0,17.3,185.0,84.0,139,21,23,2,7.6,1
5376_0,17.1,216.0,79.0,75,34,18,2,7.5,1
5380_0,17.2,180.0,80.0,74,34,32,2,7.8,1
5386_0,15.4,233.0,80.0,346,31,23,2,7.6,1
5398_0,17.8,193.0,75.0,180,24,26,4,7.6,1
5414_0,18.7,245.0,79.0,354,21,21,2,7.5,1
5470_0,13.2,590.0,86.0,908,31,22,2,7.4,1
5501_0,14.8,242.0,89.0,195,34,25,3,7.2,1
5503_0,16.2,652.0,83.0,749,22,21,5,7.0,1
5544_0,17.8,224.0,79.0,151,34,27,2,7.7,1
5568_0,18.6,173.0,78.0,108,24,23,2,8.1,1
5572_0,16.3,278.0,85.0,330,22,28,3,7.4,1
5613_0,15.2,343.0,95.0,270,21,23,2,7.7,1
5635_0,9.1,1008.0,80.0,1721,31,7,7,5.5,1
5638_0,7.2,893.0,78.0,2144,21,9,12,5.9,1
5641_0,16.3,194.0,79.0,111,34,26,2,7.4,1
5676_0,14.4,520.0,91.0,103,41,27,2,7.1,1
5716_0,17.4,179.0,82.0,137,34,25,3,7.6,1
5731_0,5.2,367.0,57.0,2316,21,13,2,7.7,1
5763_0,10.6,872.0,80.0,1601,21,8,8,6.3,1
5769_0,18.3,159.0,76.0,118,24,22,2,8.1,1
5770_0,16.3,348.0,79.0,58,24,24,2,7.6,1
5821_0,16.4,396.0,80.0,70,41,22,3,6.7,1
5837_0,4.9,351.0,57.0,2432,22,11,4,7.5,1
5838_0,17.0,184.0,81.0,59,34,41,3,7.4,1
5863_0,16.2,390.0,83.0,155,21,24,2,7.1,1
5890_0,13.7,563.0,90.0,685,42,25,3,7.0,1
5908_0,9.4,983.0,77.0,1658,22,7,5,6.1,1
5980_0,16.2,417.0,83.0,149,21,33,18,7.1,1
6114_0,6.2,851.0,77.0,2325,21,3,7,5.4,1
6131_0,17.7,209.0,81.0,164,34,24,3,8.0,1
6137_0,17.5,251.0,80.0,116,24,22,2,7.7,1
6188_0,16.3,443.0,82.0,259,31,22,3,6.6,1
6232_0,14.6,463.0,88.0,586,21,28,2,7.0,1
6245_0,7.0,896.0,77.0,2073,41,5,8,5.6,1
6249_0,15.2,661.0,81.0,346,31,24,4,7.0,1
6271_0,13.0,953.0,81.0,978,21,20,5,6.0,1
6306_0,9.5,706.0,81.0,1871,31,11,13,5.6,1
6319_0,16.8,182.0,77.0,61,34,32,2,7.7,1
6330_0,16.5,320.0,81.0,103,24,22,2,7.7,1
6351_0,16.9,255.0,81.0,322,31,23,1,7.9,1
6363_0,16.7,323.0,82.0,118,24,23,4,6.9,1
6387_0,16.1,435.0,81.0,244,21,28,6,6.5,1
6418_0,17.8,244.0,78.0,163,24,26,2,7.4,1
6440_0,13.3,604.0,90.0,742,31,22,3,7.0,1
6455_0,17.3,212.0,80.0,80,24,19,2,7.8,1
6486_0,16.9,180.0,77.0,81,34,29,2,7.7,1
6551_0,16.7,323.0,82.0,115,34,22,4,6.9,1
6561_0,17.8,287.0,81.0,169,34,26,2,7.5,1
6571_0,6.8,627.0,72.0,2205,21,10,4,7.0,1
6590_0,16.5,303.0,82.0,36,24,20,2,7.4,1
6618_0,14.9,242.0,86.0,208,22,28,2,7.4,1
6620_0,14.8,445.0,91.0,331,34,21,2,7.0,1
6681_0,8.3,943.0,76.0,1799,21,16,10,6.7,1
6685_0,18.6,180.0,77.0,92,34,22,4,7.3,1
6714_0,16.2,426.0,81.0,103,41,21,2,6.9,1
6727_0,15.8,441.0,81.0,796,31,17,3,7.0,1
6743_0,16.0,442.0,82.0,247,31,27,18,5.9,1
6784_0,16.5,296.0,84.0,36,41,22,2,7.5,1
6786_0,16.8,182.0,78.0,74,34,31,2,7.7,1
6818_0,9.0,905.0,81.0,1820,21,6,8,5.6,1
6848_0,17.1,345.0,83.0,118,34,22,2,7.4,1
6861_0,16.1,470.0,81.0,299,32,23,3,6.4,1
6866_0,16.3,389.0,80.0,67,41,19,3,6.9,1
6884_0,16.4,190.0,82.0,124,34,24,2,7.4,1
6896_0,16.3,382.0,81.0,86,22,20,2,6.7,1
6899_0,16.5,256.0,82.0,26,24,36,5,7.0,1
6920_0,13.9,480.0,90.0,273,11,32,3,7.4,1
6964_0,17.1,163.0,80.0,82,34,22,2,7.4,1
6978_0,17.1,212.0,82.0,73,24,19,2,7.8,1
7017_0,17.8,273.0,79.0,161,21,24,3,7.2,1
7047_0,14.9,672.0,82.0,620,11,22,3,6.8,1
7060_0,19.0,195.0,77.0,162,34,20,2,7.8,1
7134_0,15.0,410.0,85.0,528,32,28,2,7.5,1
7159_0,18.4,197.0,81.0,111,24,25,2,8.0,1
7171_0,16.6,243.0,81.0,28,24,34,3,7.0,1
7199_0,18.2,256.0,79.0,206,31,25,16,7.2,1
7213_0,18.1,248.0,80.0,227,31,28,2,7.5,1
7348_0,17.6,273.0,79.0,138,24,24,3,7.7,1
7363_0,16.9,211.0,81.0,61,24,21,2,7.6,1
7442_0,14.7,441.0,91.0,388,41,24,2,7.0,1
7444_0,16.2,389.0,80.0,101,22,20,2,6.8,1
7457_0,14.2,496.0,86.0,713,24,23,2,6.0,1
7481_0,17.9,248.0,80.0,287,21,30,18,7.5,1
7496_0,6.3,829.0,77.0,2374,21,2,7,5.6,1
7510_0,14.3,451.0,80.0,995,32,14,3,6.9,1
7525_0,16.5,311.0,83.0,40,34,19,2,7.5,1
7563_0,15.9,235.0,80.0,204,31,24,3,7.2,1
7578_0,17.1,174.0,80.0,108,24,28,4,7.4,1
7634_0,17.2,177.0,84.0,56,34,40,3,7.6,1
7663_0,17.6,313.0,79.0,174,34,22,2,6.8,1
7675_0,18.6,199.0,79.0,229,21,22,1,7.8,1
7676_0,14.4,476.0,88.0,630,34,28,2,7.7,1
7698_0,18.6,254.0,78.0,361,31,23,1,7.4,1
7702_0,18.5,167.0,80.0,114,24,27,2,8.0,1
7712_0,15.2,260.0,81.0,385,32,27,2,7.4,1
7720_0,17.7,282.0,79.0,188,11,23,2,7.7,1
7724_0,15.2,241.0,79.0,371,32,24,2,7.5,1
7732_0,17.3,174.0,80.0,92,24,32,2,7.6,1
7770_0,14.3,603.0,92.0,307,31,23,2,6.9,1
7793_0,17.0,322.0,84.0,113,24,22,2,7.8,1
7810_0,11.9,707.0,83.0,1382,32,14,7,5.8,1
7822_0,16.5,623.0,84.0,501,31,14,2,6.8,1
7826_0,10.6,682.0,81.0,1651,21,11,8,5.9,1
7841_0,16.1,432.0,80.0,260,21,30,2,6.2,1
7856_0,15.0,456.0,88.0,526,41,26,2,7.1,1
7879_0,7.3,259.0,57.0,2043,41,14,2,7.7,1
7883_0,17.2,348.0,80.0,193,31,26,4,7.4,1
7960_0,5.1,836.0,74.0,2458,22,4,7,5.5,1
7998_0,18.7,190.0,82.0,105,34,24,2,8.0,1
8005_0,16.0,212.0,81.0,227,34,26,2,7.8,1
8075_0,16.9,367.0,84.0,148,22,23,2,7.6,1
8079_0,15.2,639.0,82.0,463,31,15,4,6.8,1
8122_0,16.6,444.0,81.0,243,21,25,3,6.8,1
8146_0,15.1,277.0,89.0,258,41,23,2,7.3,1
8161_0,18.4,249.0,79.0,333,22,23,3,7.3,1
8248_0,17.6,169.0,79.0,82,24,30,2,7.7,1
8251_0,16.6,343.0,79.0,694,31,18,2,7.1,1
8253_0,17.1,255.0,81.0,98,24,23,2,7.8,1
8260_0,15.9,475.0,82.0,262,32,28,2,6.2,1
8263_0,17.0,270.0,82.0,93,24,22,4,7.1,1
8268_0,14.1,404.0,84.0,654,22,23,3,6.7,1
8283_0,15.8,296.0,87.0,348,42,28,2,7.3,1
8302_0,5.7,606.0,72.0,2416,32,6,10,5.7,1
8337_0,15.1,261.0,93.0,216,31,23,2,7.2,1
8343_0,4.1,511.0,61.0,2567,22,12,8,6.4,1
8348_0,17.0,229.0,81.0,75,24,21,2,7.5,1
8366_0,14.9,280.0,77.0,956,41,13,3,7.1,1
8374_0,16.9,409.0,83.0,183,22,25,2,7.3,1
8388_0,13.5,604.0,90.0,531,21,21,4,6.8,1
8444_0,16.9,195.0,79.0,56,41,21,2,7.7,1
8447_0,7.5,231.0,57.0,1985,34,9,1,8.1,1
8483_0,13.4,617.0,91.0,609,11,19,5,6.8,1
8487_0,5.3,658.0,74.0,2573,31,2,10,5.5,1
8516_0,17.3,168.0,81.0,57,24,32,2,7.6,1
8530_0,17.0,175.0,82.0,74,24,30,2,7.8,1
8546_0,17.4,203.0,79.0,87,34,23,2,7.9,1
8572_0,8.8,744.0,76.0,1710,22,8,10,6.4,1
8573_0,18.0,234.0,78.0,202,41,21,2,7.7,1
8637_0,16.6,221.0,81.0,46,34,19,2,7.7,1
8643_0,5.1,349.0,57.0,2381,21,11,2,7.8,1
8695_0,14.0,537.0,90.0,546,22,23,3,7.1,1
8715_0,13.5,982.0,82.0,893,21,13,5,6.1,1
8726_0,5.2,471.0,62.0,2387,31,15,5,6.7,1
8730_0,17.4,168.0,81.0,56,34,35,2,7.8,1
8732_0,18.1,258.0,78.0,430,32,26,2,6.6,1
8828_0,17.1,266.0,80.0,104,24,22,3,7.4,1
8847_0,16.3,396.0,79.0,66,31,19,4,6.9,1
8863_0,14.1,379.0,87.0,503,22,29,2,7.2,1
8898_0,16.5,267.0,84.0,277,31,25,2,7.2,1
8944_0,13.7,373.0,88.0,443,21,25,4,6.8,1
8981_0,6.7,949.0,76.0,2112,31,7,10,6.3,1
8982_0,11.8,921.0,82.0,1135,21,17,6,6.0,1
9099_0,16.3,589.0,83.0,496,22,16,2,6.7,1
9117_0,17.7,181.0,76.0,132,34,23,2,7.8,1
9147_0,14.6,754.0,82.0,732,22,14,4,6.3,1
9188_0,19.3,209.0,78.0,227,32,29,4,7.8,1
9221_0,14.5,389.0,88.0,430,41,29,3,7.2,1
9288_0,17.2,181.0,81.0,91,34,30,3,7.3,1
9308_0,14.1,500.0,86.0,755,21,29,3,6.2,1
9322_0,12.9,534.0,86.0,871,21,23,4,7.1,1
9326_0,16.3,193.0,79.0,118,24,26,2,7.8,1
9335_0,15.4,406.0,81.0,926,22,13,2,6.9,1
9338_0,17.3,545.0,82.0,368,31,16,3,6.9,1
9360_0,16.5,256.0,82.0,26,24,35,6,7.2,1
9362_0,13.1,894.0,82.0,1136,32,21,7,6.3,1
9402_0,19.0,204.0,77.0,185,34,24,3,7.8,1
9405_0,16.3,395.0,82.0,84,31,20,4,6.7,1
9423_0,16.4,279.0,82.0,39,24,30,2,7.4,1
9431_0,17.1,261.0,82.0,101,24,23,2,7.4,1
9441_0,14.1,531.0,89.0,593,31,21,3,6.8,1
9443_0,1.4,645.0,60.0,2945,32,6,10,5.5,1
9445_0,16.5,195.0,79.0,54,34,27,2,7.9,1
9455_0,16.8,197.0,80.0,182,21,30,3,7.4,1
9507_0,17.0,219.0,82.0,78,34,18,2,7.3,1
9514_0,17.0,284.0,83.0,96,41,19,2,8.1,1
9528_0,16.5,311.0,82.0,93,24,22,2,7.4,1
9533_0,16.5,238.0,84.0,33,34,23,2,7.6,1
9562_0,14.8,423.0,87.0,518,21,24,2,7.2,1
9566_0,7.1,882.0,78.0,2200,22,2,8,5.8,1
9584_0,17.0,269.0,83.0,93,24,20,2,7.6,1
9646_0,13.3,489.0,86.0,784,31,22,4,7.1,1
9727_0,17.0,195.0,80.0,61,34,22,2,7.8,1
9731_0,17.4,229.0,78.0,98,34,17,2,7.8,1
9775_0,13.6,515.0,85.0,921,22,24,5,7.3,1
9786_0,14.8,463.0,88.0,668,34,24,2,7.3,1
9842_0,16.0,465.0,82.0,268,21,28,6,5.9,1
9843_0,17.4,205.0,81.0,212,32,24,1,7.6,1
9858_0,17.4,166.0,86.0,57,24,28,3,7.7,1
9878_0,17.1,302.0,80.0,106,24,20,2,7.8,1
9924_0,18.0,263.0,80.0,361,31,22,2,7.2,1
9975_0,16.3,396.0,81.0,99,22,22,3,7.4,1
10036_0,15.3,373.0,86.0,495,21,32,3,6.7,1
10039_0,14.0,818.0,82.0,894,31,18,6,6.0,1
10043_0,16.7,283.0,81.0,91,34,22,1,7.6,1
10053_0,16.5,286.0,85.0,39,34,22,2,7.8,1
10060_0,14.1,708.0,82.0,1035,32,16,6,6.2,1
10063_0,14.2,495.0,87.0,583,31,24,2,7.3,1
10068_0,17.2,174.0,83.0,59,24,32,2,7.8,1
10082_0,13.0,630.0,89.0,828,22,16,3,6.6,1
10087_0,18.0,274.0,80.0,214,31,25,2,7.0,1
10095_0,17.0,230.0,83.0,256,31,29,2,7.3,1
10140_0,13.7,590.0,90.0,316,21,31,5,6.6,1
10152_0,15.4,233.0,80.0,339,41,22,2,7.3,1
10165_0,12.7,1040.0,81.0,980,21,19,5,6.8,1
10170_0,0.4000000000000057,689.0,57.0,3327,32,10,0,7.2,1
10178_0,16.4,360.0,81.0,77,31,24,3,7.0,1
10259_0,18.0,293.0,79.0,465,31,25,2,7.1,1
10261_0,17.5,151.0,78.0,88,34,34,2,7.4,1
10328_0,17.2,155.0,82.0,81,34,20,2,8.0,1
10359_0,16.6,223.0,83.0,203,34,18,0,8.0,1
10363_0,16.2,394.0,81.0,90,21,27,3,6.7,1
10419_0,14.9,704.0,82.0,555,32,12,3,6.2,1
10447_0,1.6,660.0,61.0,3036,31,7,8,5.7,1
10515_0,16.9,180.0,77.0,76,34,35,2,7.6,1
10562_0,17.0,253.0,81.0,86,34,21,2,7.9,1
10581_0,17.9,274.0,80.0,193,24,33,2,7.4,1
10631_0,0.9,595.0,57.0,3193,32,5,10,5.7,1
10640_0,15.7,371.0,87.0,553,31,25,2,7.9,1
10653_0,16.9,285.0,83.0,99,24,29,2,7.4,1
10688_0,14.5,294.0,89.0,272,21,26,2,7.1,1
10691_0,14.7,282.0,87.0,248,31,29,3,7.4,1
10717_0,14.7,743.0,83.0,620,32,14,4,6.1,1
10741_0,14.1,531.0,89.0,578,22,23,3,7.1,1
10750_0,14.4,453.0,94.0,237,41,28,3,6.6,1
10754_0,6.9,350.0,57.0,2111,24,19,3,8.0,1
10766_0,18.1,256.0,79.0,228,21,30,18,7.6,1
10782_0,17.2,175.0,82.0,69,34,22,1,8.1,1
10790_0,16.6,332.0,81.0,123,31,24,2,7.3,1
10819_0,16.9,236.0,84.0,81,34,17,2,7.7,1
10831_0,17.0,418.0,83.0,388,21,24,2,7.0,1
10849_0,14.9,567.0,93.0,111,31,26,4,7.1,1
10859_0,16.3,367.0,80.0,78,21,21,3,7.3,1
10864_0,17.9,258.0,78.0,340,21,27,18,7.4,1
10877_0,14.6,481.0,87.0,714,22,21,2,7.2,1
10964_0,14.3,393.0,83.0,659,12,27,2,7.2,1
10974_0,14.8,391.0,84.0,525,32,27,2,7.2,1
10986_0,16.5,422.0,81.0,239,21,32,3,6.1,1
11001_0,14.8,429.0,88.0,535,21,26,2,7.2,1
11049_0,12.9,634.0,89.0,882,22,22,4,7.2,1
11064_0,18.5,219.0,79.0,227,31,18,2,7.6,1
11074_0,15.0,445.0,89.0,483,31,22,2,7.3,1
11076_0,16.8,465.0,84.0,279,31,20,3,7.3,1
11105_0,14.6,444.0,85.0,609,32,24,2,7.1,1
11108_0,17.3,172.0,77.0,71,34,16,2,7.8,1
11127_0,17.2,178.0,84.0,57,34,30,2,7.7,1
11147_0,16.7,550.0,83.0,379,21,21,2,7.3,1
11175_0,16.7,211.0,83.0,168,24,25,2,7.8,1
11203_0,7.1,336.0,57.0,2123,31,13,3,7.8,1
11226_0,16.5,315.0,80.0,98,34,22,2,7.4,1
11264_0,16.4,316.0,81.0,39,24,20,3,7.0,1
11321_0,15.1,384.0,88.0,393,21,22,2,7.1,1
11362_0,15.3,367.0,80.0,1103,23,17,3,6.6,1
11365_0,17.9,307.0,80.0,382,22,25,1,6.3,1
11537_0,13.2,523.0,86.0,685,31,21,4,6.9,1
11554_0,16.6,217.0,78.0,45,24,23,2,7.7,1
11577_0,13.5,874.0,82.0,907,21,14,4,6.2,1
11579_0,8.3,244.0,57.0,1921,32,13,2,8.0,1
11590_0,14.6,296.0,88.0,322,21,32,2,6.4,1
11592_0,17.0,216.0,81.0,212,21,25,2,7.5,1
11603_0,16.9,261.0,83.0,82,34,29,2,7.7,1
11677_0,4.7,891.0,74.0,2472,22,3,18,5.4,1
11688_0,17.1,198.0,83.0,64,34,20,2,7.4,1
11738_0,4.9,594.0,71.0,2589,21,5,8,5.8,1
11780_0,15.7,412.0,80.0,881,41,15,4,6.7,1
11799_0,13.4,926.0,81.0,910,21,18,5,6.7,1
11815_0,4.2,612.0,67.0,2540,31,7,9,5.8,1
11833_0,18.9,212.0,79.0,230,21,24,1,7.8,1
11848_0,16.9,417.0,84.0,205,21,21,3,7.3,1
11884_0,14.8,436.0,86.0,594,34,30,2,7.7,1
11888_0,16.8,246.0,84.0,296,31,29,3,7.2,1
11922_0,16.6,257.0,84.0,320,32,27,2,7.3,1
11925_0,13.9,553.0,90.0,474,31,21,3,7.1,1
11957_0,17.2,265.0,79.0,99,34,23,2,7.8,1
11963_0,17.0,348.0,82.0,125,34,23,2,7.6,1
12003_0,7.8,234.0,57.0,2018,22,16,2,7.9,2
12008_0,14.1,528.0,88.0,591,41,26,2,7.0,2
12017_0,5.9,314.0,57.0,2224,31,14,2,8.1,2
12035_0,17.3,160.0,78.0,96,24,22,2,7.6,2
12063_0,14.7,263.0,89.0,219,31,27,2,7.3,2
12070_0,13.7,897.0,83.0,893,22,24,7,6.0,2
12092_0,6.0,951.0,75.0,2196,21,4,12,5.5,2
12101_0,4.7,351.0,57.0,2458,21,10,2,7.8,2
12103_0,8.1,986.0,80.0,1910,22,8,9,5.7,2
12135_0,17.4,167.0,86.0,57,24,37,2,7.7,2
12169_0,12.8,806.0,82.0,1183,22,15,6,6.2,2
12173_0,17.7,291.0,78.0,151,34,22,2,7.9,2
12218_0,17.1,233.0,81.0,86,34,23,2,7.9,2
12290_0,18.2,212.0,79.0,261,31,25,1,7.8,2
12303_0,15.3,611.0,83.0,357,21,22,3,6.8,2
12318_0,17.0,283.0,83.0,95,24,21,2,7.8,2
12346_0,14.3,509.0,91.0,445,41,23,2,7.0,2
12373_0,14.6,463.0,87.0,662,31,24,2,7.4,2
12379_0,16.8,248.0,82.0,80,41,22,2,7.8,2
12410_0,16.2,564.0,83.0,354,31,24,2,7.0,2
12426_0,18.2,226.0,80.0,296,22,20,1,8.0,2
12427_0,16.3,400.0,81.0,202,22,27,4,6.3,2
12439_0,16.4,361.0,80.0,93,24,19,2,7.2,2
12468_0,16.4,328.0,84.0,66,21,22,2,7.2,2
12500_0,7.3,698.0,78.0,2240,22,10,9,5.7,2
12573_0,16.7,635.0,83.0,548,32,19,3,7.1,2
12578_0,16.1,438.0,80.0,112,41,22,2,6.9,2
12586_0,14.5,457.0,86.0,593,31,24,2,7.0,2
12651_0,6.5,377.0,58.0,2153,31,16,2,7.8,2
12673_0,9.9,595.0,80.0,1780,22,15,10,5.7,2
12733_0,17.2,343.0,81.0,174,31,26,4,7.1,2
12749_0,17.2,267.0,79.0,101,34,27,3,7.4,2
12758_0,9.6,960.0,81.0,1688,21,11,8,5.6,2
12761_0,15.1,387.0,88.0,403,31,24,2,7.4,2
12774_0,14.4,487.0,89.0,496,42,24,3,7.4,2
12796_0,18.3,188.0,79.0,196,31,26,2,7.6,2
12856_0,16.3,389.0,82.0,100,21,21,3,7.5,2
12868_0,14.3,478.0,88.0,685,22,23,2,7.1,2
12908_0,17.2,234.0,81.0,87,24,18,2,7.4,2
12952_0,16.6,214.0,82.0,48,24,21,2,7.9,2
12970_0,16.5,258.0,83.0,27,24,27,2,7.4,2
13010_0,18.9,253.0,77.0,343,22,21,18,7.4,2
13035_0,13.8,550.0,89.0,661,21,16,3,6.8,2
13042_0,15.5,694.0,84.0,602,32,24,5,6.9,2
13068_0,17.5,195.0,76.0,102,34,24,4,7.5,2
13090_0,16.2,268.0,84.0,278,34,24,0,7.6,2
13107_0,14.0,542.0,89.0,716,41,18,1,7.5,2
13113_0,17.0,427.0,82.0,312,31,21,2,7.2,2
13142_0,7.0,965.0,77.0,2048,31,6,10,5.6,2
13145_0,16.7,533.0,83.0,417,21,17,2,7.2,2
13146_0,16.4,242.0,82.0,299,31,26,2,7.1,2
13157_0,17.0,212.0,84.0,74,24,20,2,7.4,2
13160_0,17.0,391.0,84.0,154,34,23,4,7.3,2
13194_0,17.9,215.0,83.0,162,34,25,3,7.8,2
13208_0,17.8,322.0,80.0,199,34,22,2,6.9,2
13219_0,14.4,397.0,88.0,23,21,21,4,7.4,2
13250_0,10.3,831.0,81.0,1577,31,15,9,5.9,2
13254_0,17.3,193.0,80.0,180,34,30,3,7.7,2
13355_0,15.3,363.0,89.0,373,31,33,2,7.2,2
13393_0,16.3,442.0,82.0,827,32,15,4,6.4,2
13396_0,13.9,858.0,83.0,685,31,22,5,6.8,2
13402_0,17.5,151.0,78.0,87,34,19,2,7.8,2
13413_0,16.4,325.0,81.0,61,24,30,2,7.3,2
13433_0,17.1,162.0,80.0,90,24,23,2,7.7,2
13470_0,14.4,474.0,90.0,462,21,19,2,7.2,2
13483_0,15.5,707.0,84.0,799,11,15,4,6.4,2
13496_0,0.4000000000000057,689.0,59.0,3292,21,9,0,6.2,2
13570_0,16.0,435.0,82.0,206,21,21,2,7.3,2
13586_0,18.0,283.0,79.0,297,31,32,2,7.4,2
13593_0,18.1,269.0,79.0,271,22,28,2,7.2,2
13623_0,16.6,411.0,80.0,675,31,18,3,6.7,2
13642_0,5.5,723.0,75.0,2508,31,4,14,5.5,2
13643_0,16.1,235.0,82.0,304,22,28,2,7.5,2
13670_0,15.0,370.0,91.0,378,31,33,2,6.3,2
13688_0,13.6,540.0,80.0,1375,32,13,5,6.7,2
13692_0,17.1,309.0,82.0,113,34,22,2,7.7,2
13740_0,16.8,346.0,83.0,126,21,24,2,7.0,2
13795_0,17.2,173.0,82.0,61,24,24,2,7.7,2
13805_0,17.8,301.0,78.0,463,21,19,2,7.4,2
13825_0,15.7,551.0,82.0,301,21,22,4,6.9,2
13839_0,18.7,238.0,80.0,336,21,28,2,7.5,2
13864_0,14.0,850.0,82.0,866,21,20,5,6.6,2
13905_0,17.2,170.0,80.0,64,24,27,1,7.8,2
13965_0,17.3,181.0,81.0,121,22,22,2,7.5,2
13971_0,16.6,264.0,79.0,61,34,19,2,7.3,2
13983_0,9.8,1016.0,81.0,1431,41,10,7,5.9,2
14034_0,17.1,210.0,83.0,220,21,22,2,7.5,2
14057_0,16.5,556.0,82.0,392,21,16,2,6.9,2
14210_0,17.0,291.0,82.0,101,41,26,2,7.5,2
14214_0,15.6,549.0,82.0,339,31,21,2,7.1,2
14231_0,16.3,416.0,82.0,102,21,22,4,6.8,2
14236_0,16.0,601.0,82.0,581,31,20,3,7.4,2
14319_0,16.3,399.0,81.0,178,21,32,4,6.0,2
14344_0,15.7,547.0,82.0,452,21,17,2,6.5,2
14377_0,14.7,444.0,86.0,612,34,27,0,7.3,2
14389_0,14.9,355.0,86.0,588,22,26,2,7.3,2
14406_0,17.7,245.0,78.0,143,24,27,2,7.9,2
14447_0,15.1,339.0,82.0,583,21,29,3,7.1,2
14471_0,15.2,385.0,85.0,525,11,24,2,7.6,2
14473_0,5.2,441.0,60.0,2375,21,12,8,6.2,2
14474_0,17.0,291.0,82.0,106,34,28,2,7.6,2
14519_0,16.6,252.0,83.0,314,31,32,2,7.1,2
14522_0,4.3,825.0,73.0,2540,21,2,13,5.3,2
14531_0,14.7,297.0,88.0,295,32,31,3,7.2,2
14536_0,18.6,205.0,78.0,140,34,24,3,7.8,2
14576_0,13.8,430.0,85.0,699,21,27,2,7.1,2
14585_0,17.5,166.0,86.0,56,24,34,2,7.7,2
14609_0,16.1,199.0,79.0,162,34,30,2,7.2,2
14629_0,16.5,255.0,82.0,28,34,26,3,7.5,2
14651_0,8.6,255.0,57.0,1859,31,14,1,7.9,2
14655_0,17.8,165.0,82.0,86,34,34,2,7.7,2
14673_0,16.6,341.0,80.0,126,21,23,5,7.0,2
14698_0,16.5,225.0,84.0,202,34,23,1,7.8,2
14751_0,15.7,582.0,83.0,732,31,15,3,7.0,2
14755_0,17.0,199.0,84.0,67,24,22,2,7.9,2
14802_0,16.4,309.0,84.0,56,34,25,2,7.4,2
14816_0,19.1,189.0,80.0,162,31,24,1,7.7,2
14873_0,16.5,297.0,81.0,88,34,24,2,7.7,2
14876_0,17.1,422.0,81.0,232,31,22,2,7.0,2
14879_0,7.2,259.0,57.0,2032,32,11,2,8.1,2
14928_0,17.2,179.0,85.0,56,34,36,3,7.5,2
14932_0,16.0,593.0,83.0,482,32,13,3,6.6,2
14955_0,18.4,265.0,78.0,370,21,25,2,7.6,2
14973_0,16.6,350.0,80.0,137,34,24,18,6.7,2
14974_0,17.2,180.0,81.0,90,34,29,2,7.6,2
14982_0,17.1,196.0,83.0,66,24,19,3,7.7,2
14993_0,16.5,238.0,86.0,218,34,27,3,7.7,2
14996_0,14.2,837.0,83.0,557,31,21,5,6.9,2
14998_0,14.5,458.0,89.0,430,32,23,2,7.2,2
15002_0,8.4,789.0,78.0,1819,31,6,7,5.8,2
15003_0,16.3,360.0,78.0,73,21,21,4,6.8,2
15034_0,6.3,829.0,77.0,2251,31,2,7,5.4,2
15065_0,16.6,456.0,82.0,246,31,24,2,6.9,2
15082_0,16.4,337.0,81.0,72,24,19,4,6.9,2
15115_0,14.6,453.0,92.0,423,21,23,2,7.2,2
15126_0,16.5,333.0,82.0,98,21,21,2,7.0,2
15148_0,15.0,372.0,84.0,530,21,25,2,7.1,2
15206_0,16.5,311.0,85.0,55,24,21,3,7.1,2
15210_0,18.5,167.0,80.0,115,24,26,2,7.9,2
15238_0,16.4,330.0,79.0,728,22,21,2,7.0,2
15272_0,16.4,249.0,86.0,244,34,19,2,7.7,2
15288_0,16.5,361.0,79.0,151,21,24,18,7.0,2
15307_0,4.0,833.0,70.0,2562,21,10,11,5.8,2
15314_0,19.0,217.0,77.0,239,41,22,2,7.5,2
15315_0,2.4,745.0,67.0,2897,31,3,9,5.3,2
15349_0,16.9,525.0,83.0,363,22,20,3,7.0,2
15366_0,18.2,172.0,77.0,153,34,24,4,7.6,2
15372_0,15.4,355.0,85.0,537,21,30,2,7.5,2
15418_0,13.6,508.0,87.0,683,31,26,3,6.9,2
15447_0,17.1,187.0,80.0,163,24,28,2,7.0,2
15576_0,16.1,441.0,82.0,258,21,24,3,6.1,2
15599_0,3.6,662.0,69.0,2645,22,7,10,5.8,2
15617_0,12.3,660.0,81.0,1335,21,18,7,6.0,2
15643_0,17.9,285.0,79.0,410,22,23,3,7.4,2
15660_0,17.5,205.0,76.0,92,24,22,2,7.5,2
15671_0,14.5,468.0,87.0,529,22,25,2,7.2,2
15688_0,16.3,365.0,79.0,62,21,21,3,6.8,2
15692_0,18.5,161.0,78.0,127,41,19,1,7.9,2
15773_0,17.6,184.0,80.0,195,34,18,2,8.0,2
15819_0,17.0,410.0,83.0,169,31,24,4,7.4,2
15853_0,10.7,1049.0,80.0,1408,21,15,6,5.6,2
15858_0,16.4,311.0,86.0,53,24,21,2,7.5,2
15887_0,16.9,525.0,83.0,355,12,19,2,7.1,2
15902_0,16.7,253.0,79.0,77,24,23,2,7.4,2
15921_0,5.5,876.0,74.0,2426,21,3,7,5.6,2
15952_0,16.6,391.0,83.0,171,31,29,2,6.8,2
15954_0,14.8,444.0,86.0,676,31,22,2,7.5,2
15973_0,17.4,254.0,82.0,277,21,22,2,7.3,2
16010_0,14.9,281.0,91.0,214,34,25,2,7.5,2
16024_0,15.0,242.0,87.0,279,22,29,3,7.1,2
16028_0,13.2,633.0,91.0,659,11,21,6,5.9,2
16030_0,15.4,245.0,80.0,363,31,23,2,7.4,2
16077_0,18.0,236.0,79.0,262,21,27,18,7.4,2
16083_0,18.0,155.0,80.0,103,34,28,2,7.6,2
16122_0,13.5,870.0,81.0,911,31,15,5,5.8,2
16129_0,16.7,467.0,84.0,250,31,25,2,7.0,2
16147_0,15.4,252.0,78.0,324,41,26,2,7.1,2
16149_0,16.5,290.0,80.0,75,34,21,2,7.5,2
16156_0,7.2,627.0,75.0,2181,31,9,9,6.3,2
16190_0,5.0,638.0,69.0,2392,32,7,18,5.4,2
16253_0,16.9,252.0,81.0,88,24,22,2,7.6,2
16329_0,16.9,286.0,86.0,346,31,25,3,6.7,2
16335_0,0.4000000000000057,790.0,61.0,3364,32,7,12,6.0,2
16337_0,18.0,263.0,80.0,336,41,22,2,7.7,2
16395_0,17.2,175.0,83.0,59,34,28,2,7.8,2
16401_0,14.2,494.0,87.0,505,41,23,0,7.5,2
16410_0,7.3,236.0,57.0,1985,41,12,1,8.2,2
16449_0,17.0,196.0,83.0,125,34,25,3,7.3,2
16454_0,14.7,437.0,86.0,578,32,27,2,7.3,2
16508_0,16.4,413.0,82.0,222,21,28,18,6.2,2
16541_0,17.9,291.0,79.0,181,41,20,2,7.5,2
16553_0,8.2,343.0,63.0,1930,32,11,2,7.6,2
16562_0,17.6,176.0,83.0,130,34,33,2,7.8,2
16606_0,17.2,160.0,78.0,82,24,32,2,7.6,2
16609_0,14.6,438.0,88.0,577,21,25,2,7.0,2
16614_0,14.8,315.0,80.0,473,21,28,2,7.1,2
16706_0,16.4,324.0,79.0,41,34,23,2,7.1,2
16738_0,16.9,233.0,84.0,259,31,29,2,7.2,2
16754_0,12.9,371.0,79.0,1215,21,12,3,6.8,2
16767_0,14.3,472.0,86.0,712,12,27,3,6.3,2
16807_0,2.9,495.0,58.0,2615,32,14,0,7.0,2
16826_0,17.8,314.0,79.0,424,31,25,2,6.9,2
16847_0,6.2,696.0,75.0,2363,22,4,7,5.8,2
16862_0,17.2,171.0,78.0,67,41,22,2,7.7,2
16872_0,14.9,346.0,95.0,231,21,20,2,7.2,2
16889_0,17.0,294.0,83.0,105,24,23,2,7.7,2
16898_0,17.6,178.0,80.0,185,21,21,2,7.9,2
16919_0,11.9,537.0,80.0,1394,41,18,6,6.4,2
16993_0,15.5,242.0,78.0,273,34,30,4,7.2,2
17019_0,16.8,246.0,81.0,82,24,22,2,7.7,2
17024_0,16.0,639.0,83.0,522,22,12,2,6.7,2
17025_0,16.3,393.0,83.0,123,21,27,2,7.1,2
17028_0,16.2,285.0,85.0,378,21,33,3,6.4,2
17034_0,4.6,894.0,72.0,2433,31,2,11,5.3,2
17070_0,4.9,900.0,72.0,2400,32,3,8,5.9,2
17100_0,16.2,264.0,83.0,269,34,22,2,7.6,2
17113_0,15.2,644.0,82.0,385,21,22,4,7.4,2
17138_0,16.7,202.0,83.0,164,24,13,0,8.0,2
17146_0,14.2,515.0,90.0,556,21,24,3,7.1,2
17199_0,8.5,233.0,57.0,1819,32,13,2,7.8,2
17224_0,14.0,512.0,87.0,722,31,22,2,6.7,2
17227_0,17.0,220.0,81.0,77,24,18,2,7.7,2
17253_0,18.9,217.0,77.0,229,34,26,4,7.4,2
17272_0,16.5,185.0,79.0,101,34,26,2,7.5,2
17281_0,15.9,491.0,82.0,211,22,24,3,6.8,2
17335_0,17.0,212.0,84.0,73,34,20,2,7.3,2
17357_0,17.0,312.0,82.0,100,42,20,2,7.6,2
17386_0,15.5,559.0,82.0,314,21,24,2,6.6,2
17524_0,12.0,1024.0,78.0,1216,31,12,6,6.3,2
17561_0,16.8,413.0,83.0,192,31,27,2,6.8,2
17566_0,14.8,318.0,87.0,405,31,31,2,7.1,2
17580_0,17.8,189.0,81.0,134,34,26,4,7.7,2
17613_0,18.4,166.0,79.0,112,34,23,2,8.1,2
17667_0,17.5,360.0,80.0,446,21,20,2,6.9,2
17700_0,14.4,472.0,87.0,576,41,22,2,7.3,2
17702_0,17.5,169.0,80.0,66,24,32,2,7.7,2
17709_0,16.3,282.0,86.0,375,22,30,2,7.2,2
17719_0,14.5,332.0,86.0,558,12,26,2,6.5,2
17720_0,17.0,452.0,83.0,293,21,19,4,7.0,2
17721_0,13.6,486.0,83.0,852,12,22,2,7.2,2
17733_0,17.1,358.0,81.0,553,22,21,2,5.8,2
17761_0,14.3,434.0,92.0,288,21,26,2,6.9,2
17770_0,16.0,613.0,82.0,675,31,15,5,6.7,2
17771_0,17.1,331.0,79.0,643,32,18,3,6.8,2
17800_0,4.0,627.0,69.0,2685,41,6,11,5.9,2
17821_0,17.0,200.0,82.0,61,34,20,2,7.6,2
17833_0,17.2,337.0,80.0,127,24,25,4,7.1,2
17836_0,14.0,452.0,87.0,583,42,26,3,7.2,2
17847_0,17.0,298.0,84.0,103,34,25,2,7.6,2
17853_0,13.3,562.0,87.0,841,21,26,5,7.0,2
18032_0,17.4,394.0,82.0,369,22,25,3,7.4,2
18072_0,14.8,522.0,92.0,42,34,26,2,7.2,2
18098_0,17.0,254.0,81.0,91,24,21,2,7.8,2
18107_0,16.9,231.0,82.0,78,24,19,2,7.9,2
18137_0,6.4,632.0,72.0,2359,23,4,8,5.9,2
18232_0,17.9,164.0,78.0,120,24,24,2,7.8,2
18311_0,13.7,543.0,86.0,822,21,21,2,7.4,2
18319_0,16.9,282.0,83.0,97,24,21,2,7.5,2
18330_0,9.0,905.0,81.0,1797,21,8,8,5.7,2
18341_0,16.6,456.0,82.0,252,21,25,2,6.7,2
18347_0,14.6,473.0,89.0,349,32,26,3,6.9,2
18380_0,10.1,320.0,64.0,1662,32,15,2,7.7,2
18392_0,15.2,372.0,89.0,323,34,24,2,7.2,2
18412_0,18.4,241.0,77.0,290,22,21,2,7.3,2
18427_0,16.3,384.0,79.0,82,21,21,3,7.4,2
18462_0,16.4,199.0,80.0,165,24,25,2,7.7,2
18466_0,16.4,514.0,84.0,304,22,26,3,7.3,2
18521_0,12.7,645.0,89.0,893,31,22,5,7.1,2
18532_0,18.8,194.0,77.0,140,24,25,2,7.8,2
18618_0,13.7,566.0,89.0,674,22,17,2,6.6,2
18676_0,13.3,598.0,89.0,711,31,23,4,7.3,2
18681_0,14.3,521.0,91.0,407,42,24,2,7.4,2
18705_0,14.5,469.0,90.0,453,21,23,2,7.1,2
18761_0,17.4,207.0,77.0,87,34,20,2,7.7,2
18817_0,10.8,493.0,78.0,1666,22,14,5,6.7,2
18856_0,16.5,312.0,79.0,102,41,21,2,7.4,2
18858_0,17.9,308.0,80.0,246,41,23,4,7.2,2
18866_0,16.8,370.0,83.0,187,31,21,18,7.1,2
18872_0,15.0,210.0,89.0,177,31,24,2,7.2,2
18896_0,14.4,498.0,89.0,507,41,25,2,6.9,2
18920_0,4.8,325.0,57.0,2388,22,14,2,7.7,2
18964_0,8.2,979.0,79.0,1869,31,6,8,5.6,2
19047_0,6.7,318.0,57.0,2150,34,10,2,7.9,2
19110_0,17.3,414.0,81.0,349,31,24,3,6.3,2
19134_0,17.0,301.0,82.0,101,34,20,2,7.6,2
19172_0,16.6,273.0,81.0,68,34,18,2,7.3,2
19187_0,6.9,338.0,57.0,2147,31,16,2,7.9,2
19249_0,18.0,301.0,78.0,327,41,23,2,6.8,2
19252_0,16.3,368.0,83.0,95,31,22,2,7.2,2
19284_0,14.0,488.0,81.0,1034,31,14,3,6.7,2
19347_0,18.6,164.0,79.0,129,34,24,2,8.0,2
19348_0,15.0,291.0,80.0,467,32,26,2,7.3,2
19411_0,10.5,473.0,80.0,1626,21,11,4,6.5,2
19412_0,5.8,665.0,73.0,2506,32,7,11,5.9,2
19448_0,17.1,248.0,82.0,93,34,20,2,7.5,2
19496_0,15.0,312.0,92.0,221,21,22,2,7.7,2
19510_0,17.1,276.0,80.0,107,34,22,2,7.7,2
19528_0,16.3,414.0,81.0,170,31,28,2,7.3,2
19566_0,14.2,498.0,87.0,674,31,21,2,7.5,2
19601_0,14.7,737.0,82.0,577,32,15,4,6.1,2
19602_0,16.9,213.0,85.0,183,21,26,2,7.2,2
19606_0,16.4,316.0,81.0,30,41,23,3,7.1,2
19636_0,19.0,208.0,79.0,210,34,25,2,7.8,2
19652_0,14.9,739.0,83.0,903,21,16,3,7.1,2
19663_0,16.6,298.0,81.0,97,41,19,2,7.7,2
19677_0,15.3,585.0,82.0,324,32,24,3,6.5,2
19698_0,16.8,432.0,82.0,207,21,26,2,6.5,2
19711_0,17.2,332.0,82.0,125,34,19,2,7.4,2
19720_0,14.5,754.0,83.0,828,22,21,4,6.7,2
19733_0,13.8,420.0,84.0,559,21,28,2,6.4,2
19735_0,17.6,211.0,78.0,103,34,24,2,7.6,2
19740_0,18.6,195.0,79.0,117,24,22,2,8.0,2
19794_0,16.7,305.0,80.0,100,24,22,2,6.8,2
19807_0,16.2,195.0,79.0,134,34,27,5,7.0,2
19824_0,14.2,493.0,86.0,650,31,25,2,7.4,2
19836_0,18.5,223.0,79.0,272,32,27,3,7.5,2
19839_0,16.5,338.0,80.0,117,34,21,5,6.8,2
19879_0,17.3,172.0,77.0,79,34,23,2,7.0,2
19944_0,13.9,467.0,92.0,149,22,32,2,7.3,2
19960_0,12.2,688.0,88.0,1011,21,22,4,7.3,2
19998_0,13.1,914.0,81.0,940,32,12,5,5.6,2
20062_0,14.8,455.0,89.0,612,31,23,2,7.3,2
20079_0,16.3,395.0,82.0,186,21,28,18,6.9,2
20115_0,17.1,314.0,81.0,102,34,26,2,7.5,2
20128_0,17.3,155.0,82.0,91,24,24,3,7.8,2
20138_0,15.2,384.0,86.0,470,41,29,2,7.3,2
20163_0,13.9,834.0,80.0,897,32,18,4,6.4,2
20218_0,16.2,412.0,81.0,161,21,34,3,7.0,2
20268_0,16.5,528.0,83.0,295,31,18,3,7.3,2
20302_0,14.3,350.0,85.0,456,32,29,2,7.0,2
20310_0,17.0,194.0,79.0,56,41,23,2,7.6,2
20317_0,18.0,255.0,78.0,315,42,27,2,7.1,2
20446_0,17.2,162.0,80.0,89,24,25,2,7.4,2
20447_0,15.7,689.0,83.0,455,32,24,6,7.4,2
20475_0,16.4,305.0,84.0,59,24,20,2,7.4,2
20480_0,13.7,566.0,89.0,808,31,18,1,7.4,2
20495_0,16.8,511.0,83.0,417,21,19,2,7.0,2
20516_0,17.0,194.0,82.0,120,34,28,3,7.6,2
20526_0,16.9,209.0,80.0,65,24,19,2,7.9,2
20607_0,17.1,173.0,79.0,84,34,34,2,7.7,2
20643_0,17.0,303.0,82.0,102,24,24,2,7.7,2
20661_0,17.0,325.0,81.0,110,24,22,2,7.3,2
20663_0,14.7,436.0,90.0,436,21,24,2,7.1,2
20681_0,10.5,472.0,79.0,1570,22,11,3,6.5,2
20695_0,16.1,456.0,79.0,193,11,24,3,6.6,2
20732_0,17.3,281.0,80.0,111,34,26,2,7.0,2
20796_0,12.3,629.0,85.0,1132,11,20,5,7.0,2
20802_0,18.6,190.0,82.0,106,34,26,2,7.9,2
20806_0,13.6,865.0,82.0,853,21,20,4,7.1,2
20875_0,14.6,453.0,92.0,442,21,22,2,7.2,2
20882_0,4.4,868.0,73.0,2482,32,8,14,5.6,2
20893_0,14.6,470.0,89.0,462,31,25,2,6.9,2
20912_0,14.2,504.0,86.0,659,31,23,2,7.2,2
20936_0,15.8,512.0,82.0,276,31,26,18,6.9,2
20982_0,17.9,228.0,77.0,183,34,23,1,7.7,2
20998_0,14.4,495.0,88.0,740,34,19,2,7.5,2
21037_0,6.8,581.0,70.0,2028,32,6,6,6.6,2
21052_0,6.5,610.0,71.0,2215,21,8,6,5.8,2
21073_0,16.5,325.0,79.0,97,31,23,2,7.5,2
21137_0,17.0,181.0,79.0,62,34,38,2,7.6,2
21238_0,16.8,182.0,78.0,83,24,31,2,7.4,2
21280_0,18.6,167.0,81.0,127,34,21,1,7.8,2
21290_0,2.3,638.0,64.0,3016,22,4,10,5.2,2
21326_0,17.6,168.0,79.0,86,24,29,2,7.8,2
21338_0,17.0,311.0,84.0,105,34,21,2,7.7,2
21384_0,5.5,355.0,57.0,2311,32,9,6,6.9,2
21388_0,12.9,904.0,82.0,1040,31,15,5,6.0,2
21402_0,16.4,361.0,80.0,57,42,23,3,7.4,2
21405_0,8.4,655.0,79.0,1981,31,9,9,5.6,2
21431_0,17.5,276.0,77.0,131,24,23,2,7.9,2
21434_0,16.1,441.0,82.0,200,31,29,2,7.1,2
21443_0,18.2,163.0,78.0,104,24,18,2,7.9,2
21471_0,6.6,684.0,76.0,2482,12,10,13,5.6,2
21527_0,18.0,207.0,81.0,132,34,22,2,8.1,2
21528_0,16.9,285.0,83.0,101,24,26,2,7.4,2
21575_0,16.9,217.0,82.0,75,41,22,2,7.8,2
21582_0,17.4,300.0,79.0,136,34,26,2,7.1,2
21619_0,17.0,338.0,82.0,121,34,25,2,7.4,2
21663_0,13.4,470.0,85.0,856,11,27,3,7.1,2
21669_0,16.8,279.0,81.0,103,24,31,2,7.5,2
21681_0,13.9,540.0,88.0,727,22,23,3,7.1,2
21717_0,7.2,783.0,72.0,2033,32,6,6,6.8,2
21731_0,15.0,375.0,92.0,312,24,23,2,7.5,2
21736_0,16.4,503.0,84.0,435,11,25,3,7.3,2
21755_0,15.1,373.0,92.0,312,21,22,2,7.5,2
21775_0,17.7,152.0,79.0,90,24,15,1,7.9,2
21784_0,8.6,262.0,57.0,1905,31,12,2,7.5,2
21786_0,16.6,514.0,83.0,611,12,26,3,7.1,2
21821_0,17.0,357.0,83.0,130,34,21,2,7.6,2
21830_0,17.9,251.0,80.0,168,24,26,2,8.0,2
21901_0,13.8,547.0,89.0,634,31,24,5,7.0,2
21917_0,16.6,259.0,81.0,74,34,19,2,7.6,2
21967_0,15.2,702.0,83.0,812,32,13,5,6.8,2
21995_0,15.4,365.0,85.0,536,21,25,2,7.4,2
22010_0,17.4,168.0,81.0,54,24,41,2,7.5,2
22037_0,16.7,196.0,79.0,169,34,29,4,6.6,2
22046_0,14.0,582.0,92.0,423,31,23,3,6.1,2
22053_0,16.9,306.0,83.0,110,24,29,2,7.6,2
22063_0,17.9,293.0,78.0,476,21,22,2,7.0,2
22068_0,16.6,351.0,80.0,136,24,24,6,7.1,2
22071_0,13.5,855.0,81.0,949,31,16,6,5.8,2
22087_0,1.9,610.0,61.0,3043,32,9,10,5.8,2
22095_0,17.1,209.0,82.0,194,24,25,2,7.3,2
22110_0,16.9,266.0,82.0,92,34,20,2,7.9,2
22129_0,16.4,365.0,81.0,131,21,24,2,7.2,2
22152_0,16.7,201.0,82.0,52,34,28,2,7.9,2
22170_0,16.9,178.0,82.0,115,24,25,3,8.0,2
22181_0,16.5,262.0,84.0,36,34,24,3,6.9,2
22186_0,17.1,400.0,81.0,579,21,17,2,6.9,2
22229_0,15.9,495.0,81.0,309,21,18,3,6.3,2
22235_0,5.3,731.0,75.0,2657,12,4,18,5.3,2
22259_0,16.4,327.0,83.0,60,24,22,2,7.6,2
22305_0,15.6,222.0,79.0,301,41,23,2,7.3,2
22306_0,17.2,182.0,80.0,60,24,32,2,8.0,2
22307_0,9.1,641.0,78.0,1958,21,10,8,6.5,2
22319_0,16.9,434.0,81.0,316,22,28,4,7.4,2
22328_0,16.8,232.0,80.0,71,24,21,2,7.7,2
22400_0,16.4,392.0,81.0,191,31,22,3,6.5,2
22434_0,15.6,332.0,80.0,987,32,21,2,7.0,2
22466_0,17.0,236.0,83.0,84,24,17,2,7.6,2
22512_0,16.2,425.0,81.0,244,31,25,3,6.5,2
22519_0,16.4,303.0,84.0,396,31,16,0,7.7,2
22536_0,17.8,219.0,81.0,173,34,25,4,7.6,2
22591_0,14.4,359.0,90.0,473,22,28,2,7.0,2
22605_0,16.5,299.0,87.0,56,34,23,2,7.7,2
22606_0,16.9,284.0,80.0,640,31,22,2,7.3,2
22648_0,13.1,975.0,82.0,911,31,17,6,5.9,2
22672_0,17.0,330.0,83.0,112,24,22,2,7.7,2
22688_0,0.5,694.0,62.0,3345,21,6,0,6.4,2
22691_0,15.8,456.0,80.0,899,12,21,3,6.9,2
22696_0,18.1,236.0,82.0,207,34,25,2,8.2,2
22736_0,6.6,316.0,57.0,2170,31,12,2,7.9,2
22782_0,13.6,549.0,87.0,919,21,24,2,7.2,2
22790_0,17.2,175.0,83.0,55,24,42,2,8.0,2
22803_0,16.4,299.0,84.0,47,34,20,2,7.2,2
22820_0,13.7,376.0,88.0,523,22,26,4,7.1,2
22834_0,16.8,249.0,82.0,82,34,23,2,7.9,2
22838_0,17.4,414.0,82.0,179,31,24,4,7.1,2
22844_0,14.6,301.0,87.0,294,31,33,2,6.4,2
22865_0,17.4,173.0,79.0,94,34,31,2,7.5,2
22923_0,11.9,536.0,80.0,1438,31,10,3,6.9,2
22986_0,16.3,371.0,84.0,118,31,22,2,7.3,2
22987_0,16.5,250.0,84.0,39,24,20,2,7.8,2
22993_0,16.9,180.0,77.0,88,24,28,2,7.6,2
23043_0,13.0,622.0,89.0,800,21,16,3,6.4,2
23056_0,16.1,452.0,82.0,254,31,19,3,6.4,2
23074_0,16.3,384.0,82.0,99,21,22,3,7.2,2
23081_0,15.7,314.0,83.0,378,31,26,2,7.7,2
23144_0,17.5,243.0,82.0,277,21,20,2,7.1,2
23153_0,6.1,856.0,73.0,2162,41,10,10,5.5,2
23192_0,17.8,198.0,78.0,156,24,25,3,7.3,2
23203_0,17.0,310.0,84.0,106,24,21,2,7.9,2
23205_0,17.2,175.0,83.0,56,24,36,3,7.6,2
23228_0,7.6,691.0,78.0,2109,32,4,18,5.5,2
23249_0,16.5,207.0,79.0,36,34,34,3,7.6,2
23277_0,14.9,428.0,87.0,590,34,29,2,7.6,2
23319_0,17.5,266.0,78.0,327,31,24,2,7.6,2
23336_0,16.8,309.0,83.0,111,21,25,2,7.6,2
23392_0,16.5,240.0,82.0,222,24,28,3,7.5,2
23505_0,6.5,763.0,78.0,2677,14,12,10,5.9,2
23514_0,15.4,362.0,84.0,489,21,24,2,7.7,2
23540_0,18.7,183.0,78.0,112,24,24,2,7.7,2
23565_0,17.0,179.0,83.0,70,24,33,2,7.9,2
23577_0,17.2,166.0,82.0,70,34,25,1,7.8,2
23579_0,14.5,453.0,89.0,559,32,29,3,7.0,2
23609_0,17.5,184.0,76.0,98,24,26,2,7.9,2
23638_0,14.3,384.0,81.0,625,21,23,2,7.4,2
23677_0,16.9,297.0,83.0,108,34,26,2,8.0,2
23695_0,3.2,415.0,57.0,2787,32,10,7,6.6,2
23701_0,6.0,347.0,57.0,2322,32,17,5,6.9,2
23715_0,16.4,334.0,82.0,89,34,22,2,7.6,2
23718_0,17.5,258.0,79.0,120,34,20,2,7.6,2
23721_0,16.6,477.0,83.0,371,22,32,2,7.4,2
23731_0,16.5,338.0,81.0,85,34,21,2,6.8,2
23779_0,16.9,267.0,82.0,94,34,26,2,7.6,2
23791_0,15.8,513.0,81.0,223,22,25,3,7.0,2
23820_0,17.6,197.0,76.0,114,24,25,2,7.9,2
23884_0,13.7,443.0,92.0,379,31,25,3,6.9,2
23888_0,2.5,683.0,66.0,2937,21,6,12,5.9,2
23907_0,17.3,159.0,78.0,93,24,21,2,7.8,2
23925_0,15.7,518.0,81.0,293,21,24,6,6.8,2
23928_0,17.1,189.0,86.0,111,34,26,3,7.9,2
23956_0,19.0,196.0,78.0,165,34,21,2,7.9,2
23959_0,16.3,408.0,81.0,109,31,24,3,7.2,2
23963_0,11.8,942.0,81.0,1278,31,15,8,5.8,2
23979_0,16.3,248.0,84.0,257,31,23,1,8.0,2
23995_0,16.5,317.0,83.0,58,34,20,2,7.0,2
24014_0,16.9,239.0,85.0,82,24,22,2,7.8,3
24119_0,0.8,667.0,61.0,3172,21,6,13,5.4,3
24177_0,17.3,300.0,80.0,112,34,23,2,7.7,3
24214_0,14.8,320.0,90.0,339,21,27,2,7.2,3
24360_0,14.7,448.0,86.0,652,31,20,1,7.1,3
24396_0,17.0,288.0,81.0,102,24,23,2,7.8,3
24398_0,17.8,322.0,80.0,202,34,25,2,6.5,3
24424_0,5.2,622.0,72.0,2492,31,4,9,5.8,3
24518_0,16.4,319.0,83.0,63,24,21,4,6.8,3
24747_0,15.7,634.0,83.0,571,21,12,2,6.9,3
24749_0,16.5,241.0,79.0,36,34,30,2,7.8,3
24811_0,17.9,246.0,82.0,236,34,22,3,7.6,3
24839_0,17.0,376.0,80.0,578,21,24,2,5.7,3
24927_0,17.0,279.0,82.0,99,24,20,2,8.0,3
24932_0,14.1,509.0,87.0,760,31,24,2,6.2,3
24967_0,15.1,404.0,85.0,479,32,31,4,7.5,3
25002_0,16.9,325.0,81.0,120,24,26,2,7.9,3
25006_0,17.3,294.0,80.0,120,34,25,2,7.4,3
25053_0,17.3,178.0,84.0,73,34,34,2,7.6,3
25121_0,19.0,188.0,79.0,217,22,29,2,7.7,3
25157_0,14.4,365.0,86.0,510,31,22,3,7.0,3
25175_0,6.3,296.0,57.0,2165,21,9,2,7.9,3
25188_0,13.1,890.0,81.0,1028,31,15,5,5.9,3
25197_0,17.0,373.0,83.0,140,34,20,2,6.9,3
25213_0,16.4,344.0,83.0,63,34,20,2,7.2,3
25277_0,15.0,385.0,92.0,326,21,21,2,7.4,3
25282_0,15.8,558.0,82.0,421,31,14,2,6.8,3
25347_0,14.2,508.0,87.0,627,32,24,2,7.5,3
25399_0,17.4,246.0,79.0,110,24,24,2,7.6,3
25414_0,17.0,182.0,80.0,61,34,33,2,7.6,3
25433_0,16.8,440.0,85.0,192,31,18,4,6.5,3
25483_0,15.4,258.0,81.0,365,32,29,3,7.2,3
25570_0,14.5,452.0,86.0,611,22,31,3,6.3,3
25608_0,14.2,491.0,88.0,668,31,21,2,7.3,3
25614_0,6.8,319.0,57.0,2047,31,10,2,7.8,3
25643_0,7.4,251.0,57.0,1987,31,12,1,8.0,3
25650_0,5.1,329.0,57.0,2464,21,18,2,7.8,3
25655_0,13.1,900.0,81.0,970,32,19,7,6.0,3
25783_0,10.9,435.0,79.0,1613,21,12,5,6.3,3
25786_0,16.9,232.0,80.0,74,24,19,2,7.7,3
25941_0,17.0,200.0,82.0,55,34,21,2,7.8,3
26012_0,16.9,276.0,81.0,97,24,27,2,7.6,3
26054_0,2.6,662.0,64.0,2937,31,9,10,6.5,3
26087_0,16.8,182.0,78.0,84,24,31,2,7.6,3
26174_0,18.0,258.0,80.0,245,31,31,2,7.2,3
26183_0,16.3,422.0,81.0,255,31,25,3,6.6,3
26210_0,17.8,203.0,79.0,147,34,25,2,7.9,3
26270_0,13.1,530.0,85.0,779,41,22,2,7.2,3
26333_0,17.8,254.0,78.0,265,34,22,2,7.7,3
26372_0,14.2,507.0,87.0,680,31,20,2,7.3,3
26380_0,14.2,507.0,89.0,508,42,29,3,7.3,3
26422_0,13.2,518.0,85.0,747,34,26,2,7.1,3
26444_0,14.1,502.0,87.0,711,34,23,2,6.9,3
26531_0,16.6,263.0,82.0,63,34,20,2,7.4,3
26615_0,16.9,309.0,84.0,108,34,26,2,7.6,3
26673_0,18.0,287.0,80.0,435,22,24,18,7.4,3
26873_0,15.5,369.0,86.0,588,22,25,2,7.4,3
26876_0,3.4,561.0,65.0,2954,32,6,11,5.8,3
26928_0,17.1,166.0,82.0,85,24,24,2,7.3,3
26980_0,16.7,235.0,80.0,58,24,24,2,7.4,3
26982_0,17.4,174.0,80.0,121,24,29,2,7.6,3
26991_0,14.9,545.0,93.0,53,41,28,2,7.3,3
27017_0,12.4,628.0,84.0,1004,22,21,4,7.1,3
27033_0,4.9,446.0,63.0,2561,41,4,11,5.3,3
27034_0,17.2,217.0,78.0,79,34,18,2,7.6,3
27126_0,15.2,632.0,82.0,358,11,25,2,7.3,3
27210_0,16.8,410.0,81.0,570,31,18,3,6.7,3
27222_0,16.5,322.0,81.0,108,34,24,2,7.4,3
27233_0,16.6,298.0,81.0,96,41,25,2,7.5,3
27288_0,17.3,176.0,83.0,55,34,32,3,7.6,3
27307_0,16.7,316.0,81.0,113,24,23,2,7.8,3
27312_0,17.0,179.0,83.0,60,34,31,2,7.4,3
27387_0,16.4,399.0,81.0,73,31,30,3,6.9,3
27403_0,16.6,239.0,82.0,50,34,17,2,7.6,3
27418_0,17.9,230.0,77.0,223,21,22,2,7.3,3
27602_0,17.0,362.0,82.0,128,34,23,3,7.3,3
27617_0,7.5,246.0,57.0,1981,34,10,1,8.0,3
27785_0,17.0,341.0,83.0,116,34,26,2,7.7,3
27921_0,17.7,152.0,79.0,97,34,23,2,7.9,3
27994_0,15.0,242.0,87.0,197,41,22,2,7.5,3
28004_0,17.8,195.0,77.0,152,31,23,3,7.5,3
28149_0,7.7,753.0,79.0,2241,22,6,17,5.5,3
28253_0,17.1,208.0,80.0,201,31,27,2,7.1,3
28308_0,17.0,410.0,82.0,279,31,21,5,7.3,3
28313_0,14.4,468.0,86.0,643,21,23,2,7.2,3
28447_0,16.8,209.0,80.0,61,34,19,2,7.7,3
28508_0,15.8,513.0,81.0,218,21,24,3,6.7,3
28574_0,17.9,299.0,80.0,393,31,26,2,7.1,3
28601_0,16.8,522.0,83.0,413,22,19,2,7.2,3
28602_0,4.2,608.0,67.0,2579,21,9,12,6.0,3
28617_0,7.5,855.0,79.0,2125,22,3,9,5.7,3
28680_0,5.7,727.0,75.0,2394,31,3,10,5.4,3
28783_0,18.3,159.0,76.0,117,34,25,2,8.0,3
28785_0,16.0,415.0,80.0,724,32,14,2,6.6,3
28838_0,16.9,282.0,82.0,98,24,29,2,7.5,3
28842_0,16.9,186.0,80.0,54,34,40,2,7.6,3
28867_0,17.3,164.0,80.0,103,24,20,2,7.5,3
28879_0,14.6,486.0,81.0,991,32,15,5,6.2,3
28919_0,16.9,338.0,78.0,718,21,19,2,6.7,3
28954_0,14.6,458.0,86.0,601,34,32,2,7.6,3
29034_0,14.1,517.0,89.0,501,31,20,4,7.1,3
29062_0,14.3,463.0,80.0,1059,31,22,4,7.2,3
29076_0,13.9,540.0,88.0,815,32,21,2,7.2,3
29095_0,16.3,201.0,82.0,84,34,28,4,7.4,3
29120_0,17.1,166.0,82.0,86,24,23,3,7.6,3
29121_0,5.6,922.0,75.0,2242,41,5,8,5.3,3
29138_0,13.7,446.0,85.0,633,32,28,4,7.1,3
29176_0,13.7,851.0,83.0,861,31,20,7,5.9,3
29211_0,14.5,467.0,90.0,486,21,21,2,7.2,3
29224_0,3.3,418.0,57.0,2687,41,10,7,6.7,3
29234_0,7.3,230.0,57.0,2001,31,11,1,7.9,3
29277_0,17.9,296.0,79.0,484,41,27,2,7.2,3
29354_0,16.0,295.0,87.0,340,22,27,3,7.3,3
29391_0,17.6,197.0,76.0,103,34,23,2,7.8,3
29403_0,15.0,398.0,89.0,412,21,20,2,7.2,3
29470_0,16.4,350.0,81.0,79,41,21,2,7.6,3
29544_0,6.5,274.0,57.0,2220,21,14,2,7.9,3
29566_0,18.0,324.0,79.0,362,41,20,2,7.0,3
29635_0,2.7,689.0,68.0,2864,22,6,13,6.1,3
29667_0,17.2,314.0,79.0,125,24,23,2,8.0,3
29700_0,17.4,189.0,79.0,73,34,22,2,8.1,3
29805_0,14.0,516.0,86.0,750,24,24,2,6.9,3
29863_0,16.6,233.0,80.0,32,34,24,2,7.8,3
29903_0,17.6,163.0,83.0,72,34,32,2,7.7,3
29908_0,16.7,211.0,80.0,209,31,28,3,7.3,3
30022_0,15.8,652.0,82.0,575,31,13,2,6.7,3
30062_0,11.5,890.0,82.0,1318,32,14,6,6.1,3
30105_0,16.5,224.0,82.0,38,34,26,3,7.6,3
30311_0,16.8,212.0,80.0,54,24,20,2,7.5,3
30363_0,17.3,378.0,80.0,503,31,19,2,6.7,3
30412_0,15.5,698.0,82.0,663,32,12,4,6.4,3
30498_0,16.7,252.0,78.0,76,34,20,2,7.7,3
30507_0,17.5,244.0,78.0,112,24,24,2,7.5,3
30575_0,14.7,309.0,86.0,346,21,22,2,6.7,3
30605_0,17.0,228.0,81.0,75,24,20,2,8.2,3
30786_0,14.4,487.0,87.0,768,21,18,0,7.4,3
30827_0,15.1,307.0,79.0,752,41,20,3,7.4,3
30874_0,17.5,246.0,79.0,114,24,20,2,7.7,3
31019_0,14.4,336.0,85.0,428,22,32,2,6.3,3
31110_0,19.0,220.0,78.0,254,34,21,1,7.8,3
31172_0,17.1,181.0,81.0,92,24,27,2,7.9,3
31238_0,3.5,543.0,62.0,2691,22,4,13,5.9,3
31247_0,16.8,466.0,83.0,288,22,22,2,7.2,3
31337_0,14.3,366.0,88.0,425,32,26,3,7.1,3
31341_0,17.4,164.0,85.0,59,34,34,2,7.9,3
31403_0,14.4,794.0,82.0,611,31,19,4,7.1,3
31443_0,5.2,696.0,69.0,2363,42,4,9,5.8,3
31444_0,17.5,180.0,79.0,155,24,30,2,7.8,3
31510_0,16.9,268.0,82.0,93,34,23,2,7.9,3
31584_0,15.8,513.0,82.0,230,22,24,2,6.9,3
31589_0,16.6,306.0,80.0,105,34,20,2,7.6,3
31615_0,16.8,220.0,79.0,63,24,19,2,7.7,3
31637_0,14.5,460.0,90.0,72,31,24,2,7.2,3
31682_0,17.2,326.0,81.0,117,34,21,2,7.5,3
31698_0,14.0,303.0,87.0,326,31,22,2,7.2,3
31709_0,14.6,452.0,86.0,701,31,24,2,7.4,3
31735_0,4.7,378.0,57.0,2441,21,15,2,7.5,3
31740_0,16.6,612.0,82.0,481,21,17,3,7.2,3
31754_0,16.2,427.0,82.0,227,12,26,2,7.1,3
31793_0,8.5,972.0,79.0,1808,31,8,8,5.6,3
31802_0,16.9,208.0,79.0,226,21,29,3,7.1,3
31838_0,10.7,803.0,82.0,1506,31,9,8,6.0,3
31845_0,16.9,265.0,81.0,99,24,19,2,8.1,3
31883_0,14.6,454.0,89.0,506,21,25,2,7.2,3
31905_0,17.1,311.0,83.0,104,34,24,2,7.1,3
31932_0,4.7,767.0,71.0,2384,32,5,7,5.6,3
32045_0,16.9,216.0,80.0,72,24,22,2,7.8,3
32079_0,2.9,578.0,62.0,2813,21,4,9,5.4,3
32126_0,17.5,386.0,80.0,561,21,23,2,7.4,3
32204_0,14.5,348.0,84.0,442,41,30,2,7.4,3
32249_0,15.5,347.0,88.0,453,32,29,3,6.9,3
32301_0,16.5,301.0,83.0,55,24,21,2,7.5,3
32305_0,16.6,351.0,80.0,136,34,23,7,6.8,3
32328_0,14.1,526.0,93.0,437,12,24,3,6.9,3
32400_0,17.0,230.0,82.0,78,34,19,2,8.2,3
32475_0,17.2,208.0,79.0,74,34,19,2,7.5,3
32572_0,17.0,202.0,82.0,57,41,18,2,7.8,3
32618_0,16.6,301.0,79.0,102,24,22,2,7.6,3
32643_0,15.0,442.0,81.0,918,21,15,2,6.4,3
32844_0,18.1,259.0,80.0,257,31,29,18,7.4,3
32893_0,17.2,428.0,82.0,358,41,23,3,7.2,3
32928_0,17.1,276.0,81.0,97,34,21,2,7.5,3
32944_0,12.8,568.0,84.0,944,21,25,2,7.1,3
32998_0,14.6,330.0,82.0,569,21,22,1,7.2,3
33002_0,3.9,363.0,57.0,2599,21,18,3,7.7,3
33039_0,9.1,697.0,79.0,1734,22,7,12,5.5,3
33221_0,16.9,275.0,85.0,93,24,20,2,7.6,3
33290_0,18.2,236.0,81.0,218,34,25,4,8.1,3
33308_0,14.2,488.0,87.0,662,41,22,2,7.3,3
33326_0,16.8,215.0,82.0,65,34,19,2,7.8,3
33411_0,16.4,402.0,82.0,86,31,19,2,6.8,3
33445_0,13.4,625.0,82.0,1056,31,16,7,5.9,3
33527_0,18.0,198.0,78.0,222,21,23,1,8.0,3
33591_0,6.1,343.0,57.0,2187,31,12,2,7.5,3
33598_0,14.1,459.0,88.0,600,41,22,3,7.2,3
33612_0,17.8,246.0,82.0,243,24,21,2,7.9,3
33709_0,6.9,358.0,57.0,2070,32,8,2,7.4,3
33755_0,17.3,275.0,80.0,401,31,28,2,6.4,3
33803_0,17.0,369.0,84.0,135,34,25,2,7.5,3
33830_0,14.9,434.0,86.0,589,21,23,2,7.7,3
33836_0,18.3,272.0,79.0,363,22,30,2,7.4,3
33842_0,16.4,369.0,82.0,99,34,21,2,7.2,3
33901_0,14.8,432.0,85.0,584,21,21,2,7.3,3
33917_0,12.3,650.0,85.0,1037,22,22,5,7.0,3
34031_0,18.1,212.0,82.0,125,34,30,2,7.9,3
34043_0,5.5,618.0,71.0,2484,32,4,8,5.8,3
34053_0,6.0,657.0,72.0,2228,31,9,6,5.5,3
34068_0,18.7,211.0,79.0,233,31,21,3,7.6,3
34101_0,16.3,370.0,81.0,87,21,23,4,7.4,3
34118_0,15.2,381.0,87.0,486,21,26,2,7.3,3
34165_0,16.6,232.0,81.0,30,34,20,2,7.8,3
34259_0,17.0,206.0,82.0,67,34,23,3,7.8,3
34421_0,13.5,318.0,88.0,188,31,30,3,7.4,3
34442_0,17.8,232.0,77.0,148,24,24,2,8.1,3
34447_0,3.4,495.0,59.0,2747,32,14,9,5.8,3
34614_0,17.1,308.0,82.0,104,34,22,2,7.7,3
34623_0,15.8,493.0,81.0,281,21,29,2,6.4,3
34631_0,12.3,536.0,81.0,1291,22,13,3,6.3,3
34736_0,16.6,222.0,81.0,50,34,20,2,7.8,3
34786_0,16.8,231.0,80.0,75,24,21,2,7.6,3
34790_0,6.7,702.0,75.0,2231,21,6,8,6.4,3
34902_0,16.0,289.0,83.0,321,31,26,2,7.5,3
34934_0,1.8,626.0,62.0,3087,21,3,9,5.2,3
34938_0,14.9,434.0,86.0,587,34,25,0,7.8,3
35074_0,14.0,404.0,88.0,523,31,26,3,7.0,3
35105_0,16.4,304.0,80.0,35,34,30,2,7.6,3
35127_0,17.0,195.0,81.0,68,34,17,2,7.7,3
35131_0,16.8,215.0,82.0,247,21,31,2,7.4,3
35147_0,17.1,246.0,81.0,93,24,26,2,7.9,3
35175_0,17.2,422.0,81.0,303,41,20,2,7.2,3
35205_0,17.0,180.0,79.0,61,34,29,2,7.7,3
35208_0,13.0,481.0,79.0,1282,22,13,5,6.5,3
35257_0,17.0,238.0,84.0,86,34,18,2,7.1,3
35334_0,3.8,542.0,63.0,2426,31,10,10,5.8,3
35478_0,6.7,319.0,57.0,2131,41,10,1,8.1,3
35540_0,13.6,576.0,88.0,634,31,19,5,6.8,3
35555_0,17.3,210.0,79.0,82,24,18,2,7.7,3
35638_0,15.4,604.0,82.0,383,31,26,3,5.9,3
35662_0,17.1,184.0,79.0,147,24,30,5,7.3,3
35690_0,16.1,303.0,85.0,386,31,30,2,7.3,3
35713_0,12.3,661.0,87.0,1050,32,26,2,7.0,3
35715_0,17.7,273.0,79.0,600,21,20,1,6.7,3
35751_0,17.9,225.0,79.0,204,21,25,4,7.2,3
35811_0,16.5,348.0,80.0,112,34,19,2,7.2,3
35822_0,17.3,153.0,80.0,86,41,20,2,8.0,3
35835_0,3.2,615.0,67.0,2894,21,7,8,5.4,3
35868_0,17.4,168.0,81.0,56,34,42,2,7.6,3
35879_0,16.5,335.0,83.0,96,24,20,2,6.9,3
35913_0,17.6,178.0,80.0,179,22,22,2,7.9,3
35958_0,17.3,222.0,80.0,82,34,15,2,7.7,3
35995_0,4.5,705.0,72.0,2573,31,6,7,5.6,3
35998_0,11.7,687.0,87.0,1143,32,26,3,7.0,3
36031_0,17.8,195.0,77.0,192,24,27,2,7.6,4
36039_0,16.0,488.0,82.0,312,31,21,3,6.9,4
36119_0,16.9,272.0,83.0,97,24,23,2,8.0,4
36200_0,15.2,325.0,92.0,255,31,22,2,7.2,4
36210_0,16.7,308.0,82.0,111,24,26,2,7.2,4
36304_0,16.2,406.0,83.0,118,31,27,2,7.3,4
36346_0,16.1,593.0,83.0,472,32,21,3,6.8,4
36385_0,16.6,188.0,80.0,119,24,25,2,7.4,4
36483_0,17.4,200.0,80.0,79,34,18,2,7.8,4
36487_0,13.7,296.0,77.0,1159,31,13,3,6.8,4
36533_0,17.3,193.0,76.0,254,22,24,1,8.1,4
36908_0,4.1,353.0,57.0,2622,22,17,3,7.6,4
36927_0,17.2,322.0,82.0,131,34,29,2,7.4,4
36932_0,16.3,405.0,83.0,117,24,20,1,7.3,4
37022_0,8.7,347.0,64.0,1906,32,14,2,7.8,4
37121_0,13.0,449.0,79.0,1111,32,13,4,7.1,4
37208_0,13.3,501.0,85.0,667,31,26,4,7.1,4
37217_0,17.9,294.0,79.0,436,22,25,2,7.3,4
37219_0,17.3,176.0,83.0,77,24,33,2,7.5,4
37413_0,16.6,215.0,82.0,38,41,31,2,7.9,4
37453_0,15.2,330.0,94.0,254,34,22,2,7.7,4
37483_0,14.1,544.0,92.0,477,11,24,3,6.5,4
37512_0,13.4,573.0,87.0,895,21,25,2,7.3,4
37586_0,7.8,928.0,78.0,1818,41,4,9,5.7,4
37643_0,11.6,886.0,82.0,1276,32,14,7,6.1,4
37701_0,18.9,235.0,79.0,304,31,18,0,7.6,4
37730_0,16.2,263.0,85.0,295,31,22,2,7.5,4
37825_0,14.7,399.0,87.0,546,32,25,4,6.8,4
37923_0,12.5,930.0,81.0,1049,32,15,6,5.8,4
37984_0,14.6,259.0,89.0,217,31,23,2,7.4,4
38054_0,10.3,567.0,79.0,1664,22,11,3,6.5,4
38057_0,17.1,202.0,83.0,205,34,28,1,7.8,4
38087_0,15.8,497.0,81.0,229,31,22,4,6.7,4
38102_0,16.4,247.0,83.0,321,21,27,2,7.4,4
38236_0,16.4,301.0,78.0,688,21,18,2,7.1,4
38318_0,17.5,189.0,79.0,97,24,25,2,8.0,4
38340_0,14.4,323.0,88.0,417,11,34,2,6.4,4
38351_0,0.4000000000000057,811.0,61.0,3370,31,7,0,5.9,4
38406_0,17.5,364.0,80.0,371,21,22,2,6.8,4
38444_0,17.7,258.0,81.0,260,34,24,3,7.9,4
38453_0,4.0,682.0,72.0,2755,32,4,15,5.2,4
38813_0,16.5,250.0,84.0,310,22,24,2,7.6,4
38960_0,13.8,381.0,79.0,993,41,12,4,6.5,4
38974_0,15.9,297.0,86.0,331,34,25,1,7.8,4
38993_0,7.8,668.0,78.0,2126,32,6,14,5.2,4
39003_0,15.8,511.0,82.0,311,24,27,3,5.9,4
39033_0,17.8,214.0,80.0,178,21,25,3,7.8,4
39100_0,7.3,838.0,80.0,2172,32,5,8,5.6,4
39115_0,17.8,173.0,77.0,142,24,24,2,7.8,4
39131_0,16.3,425.0,82.0,104,31,24,2,6.8,4
39132_0,14.4,465.0,86.0,644,21,23,5,7.2,4
39238_0,3.5,553.0,62.0,2640,21,2,8,5.1,4
39284_0,12.3,1100.0,81.0,1064,41,19,6,6.1,4
39290_0,4.7,471.0,60.0,2440,31,9,9,5.9,4
39312_0,16.1,432.0,80.0,815,32,13,4,6.7,4
39372_0,17.0,300.0,80.0,98,34,22,2,7.7,4
39403_0,16.9,363.0,83.0,140,24,22,2,7.2,4
39418_0,16.9,318.0,83.0,112,34,25,2,7.7,4
39431_0,14.8,694.0,83.0,568,21,25,4,5.8,4
39464_0,14.1,501.0,87.0,742,31,25,0,7.2,4
39488_0,17.7,200.0,78.0,128,34,24,2,7.9,4
39529_0,13.0,621.0,89.0,830,31,23,4,7.1,4
39613_0,16.4,323.0,85.0,59,34,26,2,7.5,4
39689_0,17.4,284.0,80.0,120,34,28,2,7.7,4
39702_0,16.6,239.0,83.0,25,34,37,2,7.8,4
39707_0,14.6,431.0,90.0,539,21,22,2,7.3,4
39785_0,18.7,173.0,78.0,108,24,21,2,8.1,4
39813_0,15.8,487.0,82.0,286,21,26,2,6.8,4
39819_0,16.9,215.0,85.0,192,21,24,2,7.3,4
39827_0,14.9,390.0,94.0,247,42,25,2,7.4,4
39889_0,17.3,391.0,83.0,167,31,24,18,7.0,4
39914_0,14.4,475.0,87.0,682,22,24,2,7.0,4
39991_0,16.6,447.0,82.0,267,31,22,2,7.1,4
39994_0,14.8,305.0,81.0,482,31,24,2,6.4,4
40047_0,17.0,226.0,85.0,239,21,26,2,7.4,4
40048_0,14.6,501.0,90.0,615,21,22,2,7.3,4
40097_0,11.8,805.0,82.0,1395,21,19,6,5.8,4
40128_0,17.5,193.0,76.0,95,24,25,2,7.9,4
40156_0,17.0,284.0,83.0,101,24,28,2,7.5,4
40308_0,17.8,180.0,76.0,147,34,24,4,7.7,4
40382_0,14.5,475.0,87.0,616,34,25,1,7.5,4
40447_0,17.0,218.0,79.0,261,34,23,1,7.8,4
40532_0,16.2,539.0,83.0,421,22,13,2,7.1,4
40574_0,16.7,211.0,79.0,52,24,17,2,7.9,4
40601_0,13.5,580.0,89.0,794,31,17,1,7.2,4
40606_0,12.3,767.0,83.0,1322,22,18,7,6.5,4
40816_0,16.4,568.0,83.0,415,21,17,2,7.3,4
40950_0,14.5,406.0,85.0,610,22,26,2,7.2,4
40954_0,14.3,469.0,87.0,612,22,25,2,6.7,4
40999_0,14.4,472.0,87.0,620,34,30,4,7.6,4
41020_0,3.4,549.0,62.0,2765,21,5,10,5.5,4
41034_0,17.0,328.0,82.0,116,34,25,3,7.0,4
41062_0,16.9,224.0,82.0,68,34,18,2,7.7,4
41100_0,5.1,868.0,74.0,2427,31,8,13,5.5,4
41138_0,17.3,402.0,81.0,327,32,23,3,6.5,4
41211_0,17.3,237.0,81.0,91,34,20,2,7.8,4
41224_0,18.7,190.0,82.0,112,34,20,4,7.4,4
41226_0,17.1,196.0,81.0,63,34,21,2,7.8,4
41265_0,16.5,227.0,85.0,216,24,21,1,7.7,4
41281_0,16.5,243.0,84.0,213,24,25,4,7.3,4
41335_0,13.2,544.0,83.0,886,22,25,3,6.9,4
41364_0,8.4,805.0,79.0,1900,31,7,6,6.7,4
41385_0,15.6,272.0,81.0,430,22,27,2,7.2,4
41403_0,17.3,170.0,77.0,80,24,19,2,7.9,4
41531_0,3.6,560.0,63.0,2588,22,2,11,5.4,4
41802_0,17.1,205.0,80.0,207,34,28,1,7.9,4
41847_0,18.0,263.0,79.0,467,22,23,2,6.8,4
42463_0,17.3,194.0,80.0,183,34,25,3,7.3,4
42494_0,17.1,184.0,81.0,61,34,22,2,7.8,4
42682_0,17.3,175.0,84.0,77,34,33,2,8.0,4
42702_0,1.6,543.0,57.0,3091,31,8,13,5.8,4
42714_0,9.5,1005.0,81.0,1533,31,7,7,5.5,4
42743_0,15.0,457.0,89.0,530,31,24,2,7.1,4
42817_0,16.4,362.0,81.0,61,21,23,2,7.3,4
42830_0,16.9,330.0,79.0,660,41,20,2,6.8,4
42854_0,16.8,214.0,81.0,65,34,21,2,7.5,4
42906_0,16.4,190.0,82.0,108,24,27,2,7.7,4
43019_0,16.9,274.0,84.0,94,41,22,2,8.0,4
43171_0,16.9,188.0,82.0,52,34,39,2,7.6,4
43195_0,17.4,168.0,81.0,57,34,40,2,7.7,4
43341_0,15.6,548.0,82.0,301,21,22,2,6.6,4
43562_0,18.3,253.0,77.0,337,22,22,2,7.5,4
43601_0,15.4,627.0,82.0,560,21,14,2,6.8,4
43606_0,17.2,175.0,83.0,57,24,39,2,7.9,4
43620_0,14.5,475.0,89.0,330,22,27,3,7.2,4
43632_0,7.2,707.0,78.0,2140,32,6,11,5.3,4
43692_0,18.4,269.0,79.0,362,31,22,2,7.4,4
43755_0,17.1,172.0,79.0,101,34,31,2,7.7,4
43759_0,16.9,265.0,81.0,92,34,22,2,8.0,4
43793_0,18.1,167.0,80.0,135,34,26,2,7.9,4
43807_0,14.4,486.0,88.0,781,21,18,2,7.4,4
43845_0,13.9,581.0,91.0,435,31,22,4,6.3,4
44062_0,12.3,678.0,89.0,955,21,21,5,7.1,4
44126_0,7.0,331.0,57.0,2096,21,14,0,8.0,4
44141_0,17.6,367.0,81.0,367,22,20,2,7.0,4
44233_0,16.9,302.0,81.0,106,24,27,2,7.6,4
44251_0,15.6,544.0,81.0,345,22,26,2,6.8,4
44328_0,13.0,624.0,88.0,728,31,17,4,6.4,4
44366_0,3.4,723.0,68.0,2616,33,7,13,5.8,4
44372_0,12.9,627.0,88.0,808,22,17,3,6.4,4
44514_0,11.7,709.0,84.0,1134,21,22,6,6.9,4
44572_0,17.6,159.0,77.0,100,24,18,2,7.8,4
44643_0,16.9,306.0,83.0,111,34,28,2,7.7,4
44720_0,6.4,419.0,60.0,2093,34,15,2,7.9,4
44823_0,17.6,273.0,79.0,141,34,26,2,7.6,4
45039_0,17.2,181.0,80.0,59,34,39,2,7.7,4
45079_0,16.5,244.0,84.0,222,24,26,2,8.0,4
45192_0,13.3,599.0,90.0,701,31,20,4,6.7,4
45267_0,17.3,221.0,80.0,80,34,18,2,7.7,4
45276_0,15.4,369.0,86.0,499,31,29,2,7.7,4
45290_0,9.5,1048.0,80.0,1567,22,8,9,5.7,4
45291_0,18.8,188.0,81.0,127,24,25,2,7.9,4
45326_0,16.2,393.0,81.0,95,21,20,2,7.1,4
45373_0,16.0,304.0,86.0,332,31,23,2,7.3,4
45411_0,12.5,497.0,80.0,1353,32,13,5,6.3,4
45517_0,0.4000000000000057,692.0,59.0,3375,31,7,0,5.9,4
45566_0,17.2,346.0,82.0,135,34,22,2,7.8,4
45572_0,17.0,180.0,78.0,60,34,37,2,7.8,4
45591_0,14.3,508.0,81.0,1021,21,16,4,7.0,4
45598_0,16.3,385.0,79.0,65,34,19,5,6.6,4
45717_0,16.4,293.0,84.0,41,24,25,2,7.2,4
45780_0,14.6,461.0,87.0,600,34,27,2,7.6,4
45784_0,7.1,907.0,77.0,2011,42,5,9,5.7,4
45799_0,17.3,174.0,82.0,57,34,42,2,7.6,4
45830_0,14.2,516.0,88.0,659,41,22,3,6.9,4
45836_0,14.9,461.0,89.0,510,31,24,2,7.2,4
45842_0,16.8,246.0,81.0,78,24,20,2,7.8,4
46060_0,17.4,185.0,81.0,156,34,26,4,6.9,4
46080_0,14.4,362.0,88.0,443,21,26,2,6.9,4
46319_0,16.4,192.0,78.0,96,34,27,4,7.0,4
46412_0,16.7,448.0,83.0,229,21,25,2,6.9,4
46449_0,6.1,865.0,76.0,2258,41,4,13,5.4,4
46515_0,7.0,724.0,75.0,2116,32,3,7,5.7,4
46557_0,17.0,362.0,82.0,128,34,24,2,7.3,4
46658_0,17.0,197.0,82.0,66,24,16,2,7.6,4
46670_0,17.8,154.0,80.0,95,31,22,2,7.9,4
46717_0,17.2,335.0,82.0,128,34,22,3,7.1,4
46736_0,14.5,471.0,90.0,471,22,21,2,7.3,4
46747_0,14.7,255.0,89.0,216,21,28,2,7.6,4
46761_0,14.6,450.0,91.0,424,32,22,2,7.1,4
46820_0,15.7,526.0,82.0,315,21,21,3,6.2,4
46938_0,5.8,288.0,57.0,2324,31,13,4,7.5,4
47626_0,14.3,554.0,92.0,297,22,25,4,6.7,4
47718_0,5.6,775.0,72.0,2241,21,4,5,6.4,4
47811_0,1.9,655.0,65.0,3138,22,5,0,5.6,4
47998_0,8.4,918.0,80.0,1953,12,6,8,5.6,4
48047_0,0.5,706.0,61.0,2956,32,7,10,5.8,5
48050_0,17.0,195.0,83.0,133,34,26,2,7.6,5
48099_0,5.9,329.0,57.0,2236,31,12,2,8.0,5
48245_0,15.9,211.0,79.0,217,34,24,2,7.4,5
48360_0,8.9,284.0,57.0,1845,21,14,1,7.8,5
48385_0,15.3,324.0,82.0,524,21,31,2,6.4,5
48468_0,8.9,622.0,80.0,1816,22,14,7,5.8,5
48510_0,16.9,420.0,83.0,190,31,26,2,6.8,5
48573_0,14.8,275.0,88.0,319,21,33,2,7.1,5
48700_0,19.2,247.0,79.0,254,31,23,3,7.5,5
48744_0,14.0,532.0,88.0,613,22,18,2,6.9,5
48839_0,14.7,328.0,81.0,615,21,22,2,7.2,5
48850_0,7.1,960.0,78.0,2096,12,6,8,5.7,5
49111_0,18.4,216.0,79.0,166,34,23,2,7.9,5
49188_0,16.5,247.0,82.0,26,34,37,5,7.1,5
49261_0,14.8,437.0,87.0,588,34,27,2,7.5,5
49373_0,15.0,267.0,91.0,196,34,26,2,7.4,5
49383_0,17.0,284.0,83.0,97,24,28,2,7.5,5
49408_0,6.8,740.0,74.0,2145,22,7,8,5.9,5
49614_0,8.2,699.0,78.0,1945,31,9,8,5.4,5
49670_0,17.0,177.0,81.0,120,34,22,2,7.8,5
49683_0,13.8,364.0,90.0,371,31,24,5,6.6,5
49905_0,16.3,426.0,82.0,244,22,21,2,6.6,5
49935_0,17.9,156.0,75.0,97,34,30,2,7.6,5
