sample_id,bio01_temp,bio12_precip,bio15_precip_season,elevation,landforms,soil_clay,soil_oc,soil_ph,label
3_0,17.1,1323.0,17.0,51,34,21,2,5.9,5
29_0,15.8,1216.0,18.0,72,24,16,2,6.1,2
61_0,15.9,1226.0,19.0,73,24,18,2,6.1,3
70_0,14.4,1205.0,16.0,85,24,10,1,6.2,99
74_0,16.4,1318.0,20.0,47,34,26,2,6.4,1
95_0,16.1,1335.0,22.0,61,34,23,2,6.2,99
103_0,14.6,1204.0,16.0,90,34,13,2,6.0,5
108_0,17.0,1359.0,21.0,40,34,46,3,6.2,5
151_0,15.6,1247.0,20.0,66,41,16,2,6.1,1
173_0,15.5,1249.0,19.0,67,34,33,2,6.3,1
175_0,16.8,1318.0,21.0,49,24,31,8,6.7,3
176_0,16.6,1353.0,20.0,50,24,17,2,5.9,2
186_0,16.1,1263.0,20.0,64,34,22,2,6.0,5
188_0,16.1,1285.0,21.0,59,34,33,2,6.5,1
210_0,16.7,1351.0,21.0,51,34,34,3,5.9,3
218_0,15.9,1393.0,20.0,102,42,15,3,5.3,3
219_0,15.9,1285.0,20.0,86,24,15,7,5.7,3
220_0,16.5,1352.0,20.0,49,34,17,2,5.8,1
222_0,15.8,1237.0,20.0,69,24,11,2,6.0,5
241_0,14.8,1220.0,18.0,83,41,12,2,6.0,5
242_0,16.0,1251.0,20.0,64,31,36,4,6.0,5
249_0,15.9,1230.0,18.0,69,24,20,2,5.6,1
250_0,14.2,1199.0,16.0,139,21,15,2,5.8,5
323_0,15.7,1218.0,18.0,71,34,22,4,5.9,3
339_0,17.1,1394.0,21.0,46,34,26,5,6.1,5
342_0,16.0,1253.0,19.0,62,24,25,3,6.3,5
347_0,16.2,1266.0,19.0,57,34,35,5,6.2,99
353_0,14.3,1193.0,17.0,181,31,17,4,5.5,2
359_0,16.0,1289.0,20.0,58,34,18,2,6.0,5
368_0,16.2,1277.0,20.0,71,24,25,4,6.3,5
390_0,15.9,1263.0,20.0,66,24,39,3,6.2,1
398_0,17.0,1365.0,21.0,42,24,22,3,6.1,5
416_0,14.8,1234.0,19.0,82,24,10,2,6.0,5
438_0,17.1,1337.0,21.0,39,41,56,3,6.0,5
439_0,16.3,1289.0,20.0,51,24,31,6,6.3,3
443_0,14.1,1205.0,16.0,118,31,17,3,6.2,99
468_0,17.0,1410.0,21.0,83,21,15,3,5.8,2
472_0,16.5,1266.0,20.0,61,24,20,2,5.8,5
498_0,15.2,1217.0,18.0,77,24,23,3,6.5,99
521_0,16.1,1399.0,20.0,96,21,11,2,5.4,5
532_0,15.9,1228.0,18.0,70,24,24,3,5.7,3
548_0,16.2,1280.0,20.0,67,34,27,6,6.1,5
553_0,16.7,1375.0,21.0,45,34,23,2,6.0,99
555_0,16.6,1271.0,19.0,59,24,22,3,5.9,1
557_0,16.7,1310.0,19.0,60,24,26,5,5.4,5
562_0,14.8,1222.0,19.0,82,34,12,2,6.3,5
569_0,16.3,1270.0,20.0,55,41,24,8,5.6,3
581_0,14.8,1229.0,18.0,74,34,18,2,6.1,3
591_0,16.2,1286.0,19.0,77,31,25,2,5.3,5
599_0,16.0,1281.0,20.0,59,24,15,3,5.8,5
600_0,15.3,1254.0,18.0,78,34,31,10,6.5,5
614_0,16.1,1266.0,19.0,63,24,13,2,5.7,5
617_0,16.9,1347.0,21.0,39,41,36,3,6.2,5
638_0,15.8,1268.0,20.0,74,34,31,5,6.4,5
642_0,16.4,1274.0,20.0,68,24,18,2,5.8,3
656_0,16.0,1284.0,21.0,58,24,46,4,6.1,1
657_0,14.9,1211.0,17.0,86,34,27,10,5.7,5
681_0,16.2,1340.0,20.0,56,41,15,2,5.8,3
688_0,15.9,1299.0,20.0,92,24,14,2,5.4,5
695_0,16.1,1341.0,22.0,53,24,30,6,6.2,3
701_0,15.2,1251.0,18.0,70,41,37,4,6.3,3
712_0,15.6,1212.0,18.0,75,34,36,1,6.3,5
722_0,15.7,1246.0,20.0,68,34,27,10,6.3,5
723_0,16.1,1286.0,20.0,54,41,16,2,5.5,3
725_0,15.2,1256.0,18.0,79,34,30,10,6.4,5
736_0,15.5,1249.0,19.0,68,34,41,2,6.2,5
743_0,16.3,1385.0,21.0,65,41,13,2,5.6,3
756_0,15.4,1246.0,19.0,89,34,21,2,5.8,2
762_0,16.0,1270.0,21.0,61,34,47,2,6.0,3
804_0,15.3,1252.0,18.0,75,24,28,10,6.4,5
832_0,13.9,1194.0,16.0,164,21,14,4,5.9,5
834_0,15.4,1211.0,18.0,73,34,21,2,6.8,2
876_0,16.3,1392.0,20.0,85,21,13,2,5.2,2
877_0,15.9,1228.0,19.0,63,41,28,3,5.6,5
885_0,17.3,1386.0,22.0,37,24,20,2,5.8,3
914_0,17.0,1376.0,21.0,42,34,33,3,5.8,1
936_0,16.1,1285.0,19.0,66,21,18,3,5.4,2
956_0,13.4,1172.0,16.0,226,31,15,2,5.9,5
957_0,15.9,1285.0,20.0,82,24,17,7,5.6,3
983_0,14.8,1227.0,18.0,78,34,21,2,6.1,5
993_0,16.9,1315.0,20.0,44,41,45,4,6.1,5
998_0,16.0,1315.0,22.0,72,24,27,10,6.9,1
1004_0,15.9,1231.0,20.0,65,34,29,4,6.1,1
1009_0,16.0,1229.0,19.0,72,24,24,2,5.6,5
1017_0,16.0,1258.0,19.0,64,41,18,2,5.8,5
1029_0,16.8,1356.0,21.0,49,21,36,3,6.2,1
1038_0,14.9,1256.0,18.0,78,24,12,2,5.7,3
1040_0,17.1,1333.0,20.0,46,24,22,10,5.5,3
1042_0,17.1,1333.0,20.0,37,34,36,2,6.7,5
1045_0,16.2,1278.0,20.0,59,41,23,5,5.8,3
1054_0,16.5,1350.0,20.0,48,41,29,3,6.0,3
1084_0,15.9,1227.0,19.0,74,34,25,2,6.1,3
1096_0,15.4,1250.0,19.0,67,34,34,4,5.8,5
1098_0,16.2,1351.0,21.0,52,34,36,2,6.1,5
1105_0,15.7,1211.0,18.0,78,34,14,2,5.7,5
1108_0,16.5,1312.0,20.0,47,24,28,5,6.0,3
1124_0,16.2,1354.0,21.0,51,34,37,3,6.3,5
1131_0,17.0,1387.0,21.0,40,24,26,5,6.2,99
1138_0,16.1,1254.0,20.0,77,34,14,2,6.1,5
1139_0,16.3,1282.0,20.0,69,31,29,4,6.0,3
1147_0,14.9,1241.0,18.0,76,24,12,2,6.1,3
1153_0,17.2,1391.0,21.0,40,34,36,8,6.1,3
1179_0,16.4,1373.0,20.0,50,24,42,2,5.9,99
1180_0,17.1,1322.0,17.0,48,24,20,2,5.8,99
1195_0,17.1,1358.0,22.0,40,24,40,4,6.3,1
1197_0,14.8,1231.0,18.0,79,34,22,2,5.6,3
1208_0,16.0,1296.0,20.0,61,34,26,4,5.9,1
1215_0,16.2,1296.0,20.0,77,42,17,2,5.4,3
1216_0,15.9,1263.0,20.0,63,41,32,3,6.7,5
1225_0,15.2,1256.0,18.0,87,41,28,10,6.9,5
1238_0,13.8,1186.0,16.0,182,21,14,4,5.8,1
1250_0,16.1,1312.0,21.0,56,34,33,4,6.1,1
1279_0,16.7,1335.0,21.0,44,34,28,2,6.0,5
1282_0,15.9,1254.0,20.0,68,24,31,2,6.5,5
1285_0,14.8,1210.0,17.0,88,34,27,7,6.2,5
1289_0,16.5,1320.0,20.0,45,34,46,9,6.3,3
1313_0,16.2,1287.0,19.0,94,24,24,3,5.7,5
1316_0,15.6,1244.0,19.0,70,24,33,4,6.5,5
1327_0,15.5,1249.0,19.0,68,34,41,5,5.9,5
1335_0,17.0,1391.0,21.0,43,34,27,7,5.7,99
1338_0,15.9,1231.0,19.0,69,24,25,4,6.3,5
1346_0,16.3,1351.0,20.0,54,24,23,2,6.1,5
1356_0,16.4,1329.0,20.0,49,34,40,4,6.1,3
1387_0,16.0,1262.0,21.0,64,24,23,2,5.8,2
1391_0,16.5,1311.0,20.0,50,24,27,6,6.2,5
1396_0,15.9,1224.0,19.0,73,24,22,2,5.9,1
1398_0,15.5,1249.0,19.0,66,41,26,2,6.1,1
1407_0,16.1,1307.0,20.0,88,31,26,4,5.7,5
1413_0,16.3,1288.0,20.0,55,24,36,8,6.4,2
1423_0,17.0,1363.0,22.0,40,41,46,4,6.6,5
1434_0,16.6,1307.0,20.0,53,34,26,6,5.6,5
1446_0,15.3,1203.0,18.0,76,34,23,4,6.0,5
1453_0,15.2,1245.0,19.0,77,24,20,2,5.8,3
1454_0,16.0,1264.0,19.0,62,21,19,2,5.6,2
1459_0,14.8,1237.0,18.0,77,34,14,2,6.0,1
1463_0,14.6,1205.0,16.0,86,34,21,2,5.9,3
1475_0,16.0,1251.0,20.0,64,24,37,3,6.0,99
1476_0,17.3,1384.0,22.0,36,34,39,2,6.1,5
1477_0,13.5,1177.0,16.0,202,21,13,4,5.7,5
1489_0,15.9,1323.0,20.0,66,34,13,2,6.0,1
1492_0,15.3,1205.0,18.0,77,41,23,4,6.2,3
1503_0,15.4,1221.0,18.0,72,34,19,2,6.1,5
1511_0,14.9,1196.0,17.0,124,21,16,2,5.7,3
1535_0,17.3,1389.0,22.0,38,34,21,2,6.0,5
1544_0,16.2,1277.0,20.0,53,24,17,2,5.7,3
1555_0,16.0,1260.0,20.0,64,34,24,2,6.3,3
1557_0,16.8,1360.0,21.0,45,34,44,4,5.9,5
1559_0,16.1,1267.0,19.0,57,24,18,2,6.0,2
1575_0,16.9,1334.0,21.0,42,24,29,2,5.9,3
1608_0,16.4,1343.0,20.0,52,24,20,3,6.1,3
1618_0,17.0,1316.0,19.0,54,24,16,6,5.7,5
1621_0,17.4,1385.0,21.0,38,24,16,2,5.8,5
1629_0,16.3,1373.0,20.0,49,24,27,2,6.2,3
1634_0,13.7,1188.0,16.0,186,21,15,3,5.5,5
1664_0,16.4,1312.0,20.0,54,34,29,8,6.6,5
1710_0,15.8,1229.0,19.0,64,41,14,3,6.0,5
1719_0,15.5,1217.0,18.0,86,34,15,2,6.2,5
1726_0,17.1,1402.0,21.0,55,34,29,8,5.6,3
1757_0,16.0,1315.0,20.0,94,41,28,4,5.7,5
1769_0,17.2,1399.0,22.0,38,24,20,2,5.8,99
1793_0,16.5,1261.0,20.0,59,34,28,2,6.5,3
1798_0,16.4,1350.0,20.0,48,24,27,4,6.0,3
1799_0,16.9,1395.0,21.0,42,24,18,2,5.8,3
1821_0,16.8,1315.0,20.0,54,24,20,5,6.4,5
1823_0,16.8,1300.0,19.0,57,24,19,2,5.6,99
1836_0,17.0,1395.0,21.0,38,34,16,3,5.8,2
1846_0,15.4,1256.0,19.0,70,24,25,3,6.3,3
1857_0,14.0,1186.0,16.0,195,21,15,4,5.6,5
1871_0,16.2,1289.0,19.0,92,24,26,2,5.4,5
1872_0,16.7,1269.0,19.0,60,41,21,2,5.8,5
1874_0,16.0,1294.0,21.0,60,24,29,3,5.9,3
1877_0,15.7,1216.0,18.0,75,24,23,2,5.8,5
1886_0,16.8,1359.0,21.0,42,24,40,9,5.9,2
1890_0,15.6,1246.0,19.0,70,24,18,2,6.0,3
1902_0,16.0,1268.0,20.0,67,24,19,2,6.2,3
1920_0,15.9,1223.0,19.0,88,34,24,4,6.1,5
1945_0,15.4,1204.0,18.0,81,24,24,2,5.9,1
1950_0,14.7,1195.0,17.0,144,21,15,3,5.9,5
1958_0,17.1,1381.0,22.0,38,34,24,2,6.0,3
1985_0,17.0,1286.0,18.0,60,34,26,5,6.2,3
1995_0,14.7,1206.0,17.0,86,24,11,2,6.0,5
2027_0,15.9,1247.0,20.0,72,34,24,5,5.7,5
2030_0,16.5,1271.0,20.0,66,34,19,3,5.9,2
2043_0,15.0,1216.0,17.0,153,21,15,4,5.9,2
2064_0,16.1,1344.0,21.0,53,24,25,2,6.5,5
2106_0,15.0,1256.0,18.0,79,24,12,2,5.7,1
2110_0,16.6,1351.0,21.0,50,41,27,3,6.1,3
2113_0,16.0,1259.0,20.0,63,24,45,4,6.1,5
2130_0,14.9,1216.0,17.0,155,21,18,2,5.7,3
2145_0,16.0,1285.0,21.0,59,24,39,3,6.0,3
2148_0,15.4,1250.0,19.0,71,34,19,2,6.0,5
2177_0,16.0,1345.0,21.0,69,41,19,6,5.4,5
2188_0,16.7,1315.0,20.0,55,21,29,7,6.6,1
2193_0,16.3,1285.0,19.0,84,31,25,6,5.5,2
2196_0,16.0,1312.0,21.0,69,34,26,3,6.3,5
2197_0,17.1,1364.0,22.0,41,24,21,2,5.8,5
2199_0,16.1,1344.0,21.0,58,24,17,2,6.0,5
2209_0,16.1,1287.0,20.0,56,34,27,4,6.5,2
2210_0,14.9,1220.0,17.0,94,24,20,3,5.6,5
2229_0,15.6,1208.0,18.0,72,24,20,2,5.7,5
2241_0,16.0,1297.0,21.0,61,41,21,2,6.1,5
2251_0,14.5,1203.0,16.0,86,34,16,2,6.1,5
2285_0,16.1,1335.0,21.0,73,41,18,2,5.7,3
2296_0,16.4,1346.0,20.0,60,21,30,4,6.3,3
2317_0,16.3,1346.0,20.0,42,41,25,10,7.0,5
2321_0,16.0,1297.0,20.0,101,24,19,2,5.3,5
2330_0,15.7,1261.0,19.0,66,34,28,2,6.6,2
2337_0,16.6,1336.0,20.0,57,24,29,9,6.1,3
2339_0,16.7,1380.0,20.0,46,34,33,3,6.1,1
2354_0,16.4,1415.0,21.0,101,21,14,2,5.3,5
2371_0,15.7,1241.0,20.0,64,34,19,2,5.8,3
2375_0,16.0,1246.0,20.0,77,34,13,2,5.8,5
2385_0,16.9,1317.0,20.0,45,41,25,10,6.3,5
2387_0,15.5,1228.0,17.0,68,24,19,2,6.5,5
2393_0,16.0,1234.0,19.0,70,34,20,3,6.0,3
2399_0,17.1,1387.0,22.0,40,24,16,2,5.5,5
2403_0,17.2,1394.0,22.0,35,34,36,3,6.6,5
2415_0,17.1,1331.0,21.0,38,34,36,3,5.6,5
2420_0,15.7,1215.0,18.0,99,31,12,2,5.4,5
2428_0,17.0,1329.0,21.0,48,21,25,10,6.8,5
2429_0,16.1,1240.0,20.0,70,34,21,3,5.9,1
2438_0,16.3,1356.0,20.0,52,34,33,2,6.2,5
2439_0,16.8,1283.0,19.0,57,34,21,4,6.1,5
2461_0,16.4,1356.0,20.0,52,24,21,2,5.9,5
2483_0,16.0,1258.0,20.0,65,24,32,2,6.0,3
2486_0,16.5,1326.0,20.0,45,24,34,2,6.1,1
2500_0,16.9,1316.0,20.0,60,24,19,4,6.1,5
2502_0,15.4,1260.0,18.0,72,34,30,2,6.4,5
2505_0,14.6,1206.0,16.0,84,24,17,2,6.1,5
2515_0,15.2,1255.0,17.0,78,24,20,2,5.8,3
2525_0,16.2,1290.0,20.0,55,41,25,5,5.5,5
2534_0,14.8,1231.0,18.0,82,34,19,3,6.2,3
2542_0,16.0,1303.0,20.0,103,24,21,3,5.1,5
2577_0,15.4,1251.0,19.0,71,34,26,2,6.0,99
2600_0,15.5,1248.0,19.0,70,24,13,2,5.8,5
2611_0,16.9,1402.0,21.0,49,34,14,2,5.7,3
2613_0,16.0,1277.0,21.0,61,34,41,3,5.9,5
2614_0,16.0,1286.0,20.0,78,34,18,2,5.5,3
2621_0,15.5,1211.0,18.0,76,34,17,2,6.0,5
2660_0,16.6,1269.0,20.0,59,24,16,2,5.9,1
2662_0,16.0,1304.0,20.0,89,41,20,2,5.5,5
2690_0,14.9,1208.0,18.0,104,31,16,2,6.0,5
2711_0,16.5,1263.0,20.0,60,24,24,3,5.9,3
2736_0,17.0,1349.0,18.0,41,34,42,5,5.8,5
2739_0,15.7,1228.0,17.0,78,34,14,3,5.7,2
2746_0,15.1,1248.0,18.0,73,24,42,2,5.8,1
2748_0,16.8,1351.0,21.0,45,24,31,3,6.0,2
2757_0,17.1,1330.0,20.0,36,34,36,10,6.0,3
2786_0,16.0,1282.0,21.0,60,41,42,3,6.1,1
2800_0,15.7,1219.0,18.0,73,24,20,3,6.1,2
2840_0,15.2,1222.0,17.0,114,34,17,3,5.8,5
2842_0,16.6,1312.0,20.0,50,24,25,8,6.0,3
2852_0,16.1,1283.0,21.0,60,24,37,3,6.3,3
2853_0,16.4,1357.0,20.0,53,34,21,2,5.2,5
2854_0,16.1,1332.0,20.0,63,24,14,2,5.7,5
2857_0,16.5,1290.0,20.0,56,24,17,2,5.8,5
2868_0,16.4,1352.0,20.0,53,24,21,2,6.0,3
2870_0,15.8,1219.0,19.0,75,24,19,2,5.9,5
2871_0,16.3,1327.0,20.0,48,34,29,3,6.3,5
2877_0,17.2,1398.0,21.0,36,24,28,2,5.7,3
2881_0,16.1,1286.0,20.0,56,42,27,4,6.0,1
2882_0,15.4,1251.0,19.0,72,24,14,2,5.8,5
2898_0,15.2,1215.0,17.0,79,24,25,3,6.3,5
2902_0,16.1,1268.0,21.0,63,34,38,3,6.0,5
2917_0,14.1,1190.0,16.0,196,21,16,4,5.7,5
2935_0,16.0,1237.0,19.0,66,34,31,2,5.7,5
2943_0,17.3,1377.0,21.0,39,24,13,2,5.9,3
2953_0,16.3,1284.0,20.0,78,21,28,2,5.5,5
2961_0,16.9,1329.0,21.0,42,41,29,3,5.8,5
2982_0,16.0,1326.0,21.0,58,34,27,2,6.5,5
2984_0,16.2,1286.0,20.0,61,34,21,2,5.5,5
2997_0,15.7,1254.0,19.0,69,24,24,2,6.0,3
2999_0,16.1,1286.0,21.0,62,24,23,3,6.1,3
3012_0,15.8,1233.0,18.0,70,34,24,2,5.8,5
3031_0,15.4,1254.0,19.0,68,34,35,3,6.1,5
3038_0,16.1,1296.0,19.0,98,24,16,3,5.1,3
3045_0,16.0,1276.0,19.0,63,34,20,2,5.7,3
3050_0,17.2,1392.0,22.0,37,24,27,4,6.1,3
3061_0,15.8,1254.0,20.0,67,24,33,2,6.2,5
3064_0,16.8,1339.0,21.0,46,24,28,2,5.7,3
3083_0,17.0,1340.0,18.0,41,41,29,2,6.0,5
3096_0,15.2,1254.0,18.0,69,34,41,4,6.1,5
3107_0,16.8,1322.0,20.0,49,24,23,10,6.2,5
3108_0,15.9,1383.0,20.0,110,24,17,2,5.4,1
3146_0,14.9,1235.0,18.0,80,24,20,2,6.0,3
3151_0,16.0,1243.0,20.0,84,34,18,5,5.5,5
3159_0,15.5,1247.0,19.0,88,34,15,2,5.8,5
3189_0,16.3,1317.0,20.0,54,34,14,4,5.4,5
3191_0,16.0,1255.0,20.0,61,34,34,2,5.7,3
3200_0,15.8,1268.0,20.0,69,34,28,4,7.1,5
3202_0,16.7,1309.0,19.0,58,24,26,5,5.4,5
3214_0,16.0,1317.0,21.0,55,24,24,2,5.7,3
3215_0,15.9,1229.0,19.0,74,24,20,3,5.7,99
3226_0,17.3,1382.0,22.0,35,41,23,4,6.1,5
3241_0,15.6,1225.0,17.0,72,41,28,6,5.8,5
3242_0,17.2,1388.0,22.0,35,41,25,2,6.0,99
3249_0,16.5,1264.0,20.0,62,34,25,3,5.7,5
3255_0,14.9,1236.0,17.0,79,34,36,4,6.5,3
3301_0,14.7,1205.0,17.0,87,34,21,2,5.9,5
3302_0,16.1,1252.0,20.0,65,34,29,4,6.1,5
3308_0,16.1,1271.0,20.0,71,41,22,4,5.6,2
3323_0,16.4,1277.0,20.0,68,24,17,2,5.8,99
3339_0,16.1,1274.0,20.0,65,24,19,3,5.7,2
3370_0,16.1,1296.0,20.0,78,34,26,3,5.7,5
3371_0,15.7,1253.0,20.0,68,41,41,2,6.1,5
3373_0,16.7,1411.0,21.0,76,21,16,4,5.2,1
3384_0,16.4,1304.0,20.0,55,24,38,8,6.6,5
3389_0,16.9,1315.0,19.0,39,41,27,8,6.1,5
3397_0,16.8,1317.0,20.0,56,34,28,8,6.1,5
3457_0,17.1,1301.0,17.0,44,24,41,3,6.0,2
3462_0,14.6,1202.0,17.0,181,21,15,2,5.6,5
3464_0,13.9,1171.0,16.0,196,34,15,3,6.2,5
3477_0,16.1,1282.0,20.0,81,24,27,4,5.4,5
3479_0,16.1,1293.0,20.0,87,24,28,4,5.7,5
3495_0,16.2,1351.0,21.0,50,34,21,2,6.1,5
3498_0,15.7,1212.0,18.0,75,24,18,2,6.0,5
3541_0,16.5,1377.0,20.0,46,24,29,3,5.9,1
3550_0,16.0,1301.0,20.0,62,24,16,2,6.1,5
3552_0,14.8,1231.0,18.0,83,34,20,3,6.0,3
3561_0,16.2,1346.0,20.0,53,34,21,2,6.0,3
3568_0,16.2,1286.0,20.0,63,24,15,2,6.0,5
3569_0,16.0,1287.0,20.0,64,34,27,3,6.0,1
3573_0,16.0,1314.0,22.0,77,24,26,9,6.6,3
3578_0,16.3,1315.0,20.0,54,34,29,6,6.2,99
3581_0,16.1,1277.0,20.0,74,34,23,4,5.8,5
3593_0,16.7,1382.0,20.0,47,24,22,4,5.6,5
3602_0,16.5,1336.0,20.0,60,24,23,8,5.9,5
3609_0,15.5,1250.0,19.0,69,24,20,2,6.0,5
3610_0,14.9,1204.0,17.0,85,34,28,6,5.6,5
3613_0,16.8,1365.0,21.0,49,24,17,2,5.7,2
3621_0,15.3,1287.0,19.0,169,41,16,2,5.3,3
3647_0,16.8,1314.0,19.0,54,24,34,9,6.3,1
3658_0,16.0,1272.0,19.0,61,24,24,2,5.9,1
3659_0,17.2,1378.0,22.0,36,24,17,2,5.5,1
3662_0,16.5,1275.0,20.0,59,34,15,2,5.7,1
3665_0,16.9,1328.0,21.0,43,34,30,2,6.0,5
3669_0,15.6,1250.0,19.0,70,41,36,5,5.8,5
3713_0,16.0,1262.0,20.0,61,34,42,3,6.1,5
3723_0,16.0,1303.0,20.0,62,24,12,2,5.9,3
3733_0,15.8,1219.0,18.0,78,24,26,4,6.2,99
3742_0,14.6,1208.0,16.0,89,24,26,2,5.8,1
3744_0,15.9,1319.0,20.0,68,24,12,2,6.2,99
3752_0,15.1,1218.0,17.0,85,41,24,3,6.1,1
3763_0,16.0,1270.0,20.0,74,24,18,2,6.2,1
3774_0,14.7,1208.0,17.0,88,24,18,2,5.9,5
3790_0,15.9,1240.0,20.0,63,41,29,3,6.3,1
3799_0,16.6,1361.0,20.0,49,24,19,2,5.9,3
3806_0,15.9,1385.0,20.0,102,42,13,2,5.6,5
3811_0,16.1,1277.0,21.0,56,34,30,10,7.1,1
3813_0,16.1,1271.0,19.0,54,24,20,2,5.7,2
3816_0,16.6,1381.0,20.0,53,41,27,4,5.5,1
3831_0,16.9,1323.0,20.0,47,34,25,6,6.3,5
3833_0,14.0,1152.0,16.0,124,41,14,2,6.1,5
3834_0,16.4,1304.0,20.0,50,41,33,7,6.2,5
3853_0,14.8,1209.0,17.0,83,34,28,3,6.5,3
3867_0,16.8,1265.0,19.0,56,24,28,3,6.0,1
3876_0,17.2,1300.0,17.0,50,34,35,6,6.0,5
3907_0,17.1,1335.0,21.0,40,24,20,2,6.0,3
3910_0,17.3,1384.0,22.0,34,41,46,2,5.9,5
3920_0,16.1,1256.0,20.0,68,24,26,4,6.0,3
3933_0,17.0,1330.0,20.0,42,34,37,2,5.7,5
3936_0,15.6,1219.0,18.0,83,24,17,2,5.7,2
3944_0,15.7,1223.0,18.0,71,34,33,4,6.1,5
3970_0,16.0,1289.0,20.0,60,41,29,5,5.9,3
3979_0,14.5,1198.0,17.0,148,21,16,5,5.7,5
4000_0,16.8,1344.0,21.0,44,34,37,2,5.7,5
4003_0,15.9,1258.0,20.0,68,24,34,3,6.0,3
4015_0,16.1,1288.0,19.0,101,24,26,3,6.0,1
4036_0,16.8,1266.0,20.0,59,34,28,3,6.0,1
4043_0,16.9,1386.0,21.0,45,24,19,2,5.9,5
4059_0,16.9,1367.0,21.0,42,24,20,2,5.7,5
4079_0,15.4,1244.0,18.0,110,21,16,3,5.9,3
4080_0,16.0,1322.0,21.0,53,24,23,3,6.3,5
4082_0,14.8,1205.0,17.0,84,21,24,4,6.1,5
4083_0,17.0,1376.0,22.0,40,24,23,2,6.2,5
4102_0,16.1,1252.0,20.0,68,24,17,2,5.7,5
4105_0,16.0,1281.0,20.0,66,24,33,10,6.3,3
4113_0,15.1,1254.0,18.0,69,34,39,2,6.3,3
4119_0,16.0,1311.0,21.0,59,24,16,2,5.8,5
4132_0,16.2,1264.0,20.0,53,34,30,3,6.0,3
4172_0,14.8,1202.0,17.0,143,31,16,2,5.9,5
4225_0,15.4,1213.0,18.0,79,24,18,2,5.8,5
4265_0,17.1,1305.0,18.0,49,41,24,5,6.2,5
4268_0,16.1,1296.0,20.0,83,41,31,3,5.5,3
4272_0,14.7,1207.0,16.0,86,34,27,4,6.2,5
4282_0,16.0,1271.0,20.0,63,41,25,4,5.6,2
4316_0,14.7,1241.0,18.0,142,21,13,3,5.4,5
4318_0,16.8,1405.0,21.0,64,21,19,3,5.3,3
4323_0,16.4,1304.0,20.0,53,24,37,6,6.4,5
4332_0,15.6,1260.0,19.0,70,34,38,3,6.0,99
4335_0,15.9,1226.0,18.0,73,24,17,2,5.8,99
4339_0,15.4,1253.0,19.0,70,34,38,2,6.6,5
4373_0,15.7,1245.0,20.0,66,34,16,2,5.9,5
4388_0,17.3,1386.0,22.0,35,24,43,4,5.9,3
4414_0,15.5,1219.0,17.0,66,41,30,5,6.4,5
4415_0,15.6,1248.0,19.0,68,34,14,3,6.1,3
4434_0,16.0,1283.0,21.0,60,24,44,3,6.0,2
4462_0,16.0,1315.0,21.0,68,34,30,8,6.1,5
4471_0,16.0,1416.0,20.0,122,21,13,2,5.3,99
4479_0,16.4,1280.0,20.0,56,34,14,2,5.6,5
4487_0,16.0,1232.0,19.0,72,34,18,4,6.0,1
4517_0,16.7,1342.0,21.0,45,34,31,3,6.5,1
4533_0,16.1,1273.0,20.0,52,34,15,2,5.9,5
4551_0,14.1,1189.0,16.0,108,31,19,2,6.2,1
4552_0,14.9,1237.0,17.0,127,32,16,3,5.4,1
4604_0,15.3,1219.0,18.0,84,24,15,3,5.8,3
4620_0,16.2,1274.0,20.0,52,24,24,3,5.9,3
4639_0,15.4,1249.0,19.0,72,34,17,2,6.2,3
4675_0,14.8,1223.0,17.0,171,21,19,3,5.8,1
4706_0,15.5,1250.0,19.0,65,34,28,2,6.7,3
4732_0,17.1,1334.0,21.0,40,41,42,3,6.0,5
4738_0,17.2,1367.0,22.0,38,34,27,3,6.1,3
4763_0,16.0,1329.0,21.0,67,24,22,5,5.9,1
4765_0,15.9,1247.0,19.0,62,34,19,2,6.2,3
4777_0,16.0,1302.0,21.0,58,24,31,3,6.2,5
4783_0,15.6,1210.0,18.0,72,24,24,2,5.8,3
4799_0,16.0,1265.0,19.0,65,24,16,2,5.9,5
4801_0,17.3,1387.0,21.0,37,41,27,2,5.7,5
4802_0,16.8,1356.0,21.0,47,24,36,4,5.9,5
4810_0,14.0,1205.0,16.0,128,21,15,2,5.7,2
4811_0,16.1,1328.0,21.0,66,34,24,6,6.4,3
4843_0,15.7,1244.0,19.0,74,24,29,9,5.4,5
4844_0,15.0,1204.0,17.0,83,24,24,2,5.9,5
4853_0,17.3,1384.0,22.0,35,34,37,3,6.1,1
4865_0,15.6,1220.0,18.0,73,24,12,2,6.2,3
4909_0,15.7,1235.0,19.0,107,21,13,2,5.3,3
4917_0,16.9,1339.0,21.0,42,34,37,4,6.1,5
4928_0,15.9,1234.0,18.0,71,34,29,4,5.7,1
4929_0,16.3,1359.0,20.0,53,24,39,4,5.9,5
4942_0,16.0,1271.0,21.0,68,24,16,2,6.0,1
4943_0,14.9,1237.0,18.0,76,34,37,3,6.4,5
4968_0,16.1,1303.0,21.0,61,24,16,2,6.1,2
4972_0,15.9,1230.0,19.0,70,24,23,2,5.9,3
4998_0,15.8,1266.0,20.0,64,34,32,2,6.3,5
5013_0,14.9,1244.0,18.0,75,41,33,2,6.4,5
5017_0,14.4,1205.0,16.0,100,21,16,2,6.1,5
5031_0,16.1,1258.0,20.0,71,24,14,2,5.8,5
5042_0,16.0,1314.0,20.0,57,41,18,5,5.7,3
5043_0,15.9,1356.0,20.0,106,21,17,2,5.4,5
5052_0,16.6,1309.0,20.0,53,24,31,7,6.0,1
5056_0,16.0,1321.0,20.0,116,24,16,2,5.4,2
5064_0,14.9,1214.0,17.0,82,24,15,2,6.1,5
5066_0,14.1,1181.0,16.0,191,21,15,4,5.7,1
5082_0,16.1,1302.0,22.0,60,41,33,4,5.8,3
5117_0,14.9,1240.0,18.0,74,34,15,2,6.4,5
5118_0,14.1,1190.0,16.0,141,41,15,5,5.8,2
5135_0,17.3,1385.0,22.0,37,34,22,5,5.5,2
5142_0,16.1,1263.0,20.0,51,34,18,2,6.1,3
5145_0,16.1,1285.0,20.0,57,24,12,2,5.7,1
5148_0,16.0,1347.0,21.0,82,24,19,2,5.6,5
5151_0,16.0,1291.0,20.0,64,41,33,4,5.8,99
5152_0,16.8,1312.0,20.0,53,34,27,6,5.9,1
5160_0,16.0,1291.0,21.0,60,24,28,2,6.1,5
5165_0,16.0,1249.0,19.0,66,24,24,3,5.8,1
5166_0,16.8,1316.0,19.0,60,24,19,6,5.7,3
5183_0,17.1,1386.0,22.0,41,24,18,2,5.9,5
5187_0,15.8,1243.0,20.0,71,21,30,4,6.1,1
5192_0,16.1,1323.0,22.0,57,24,18,2,5.9,5
5207_0,17.0,1304.0,18.0,56,24,19,2,5.7,5
5217_0,16.0,1287.0,20.0,65,34,12,2,5.9,3
5233_0,16.1,1254.0,20.0,66,24,23,4,6.0,5
5234_0,16.1,1250.0,20.0,68,24,17,2,5.8,5
5252_0,15.8,1225.0,19.0,69,24,13,2,6.0,99
5257_0,16.0,1277.0,20.0,73,24,26,10,6.5,5
5263_0,15.8,1243.0,20.0,63,24,24,3,6.1,5
5277_0,16.2,1277.0,20.0,51,24,14,2,5.5,3
5311_0,17.0,1330.0,21.0,42,24,28,2,6.3,5
5318_0,14.2,1192.0,16.0,158,22,16,4,5.7,5
5333_0,16.1,1254.0,20.0,62,34,21,3,5.9,5
5337_0,16.8,1314.0,20.0,52,24,20,7,6.0,5
5346_0,15.9,1225.0,19.0,69,24,24,2,5.7,5
5347_0,15.9,1332.0,20.0,125,21,19,3,5.6,2
5362_0,15.6,1206.0,18.0,74,24,26,2,5.6,5
5368_0,16.0,1311.0,20.0,60,24,14,2,6.0,3
5448_0,15.9,1349.0,20.0,109,21,12,3,5.2,2
5453_0,16.1,1313.0,20.0,99,31,30,2,5.3,5
5457_0,16.1,1263.0,19.0,62,24,23,2,5.4,3
5472_0,16.0,1264.0,20.0,56,34,22,6,5.7,1
5487_0,15.4,1213.0,18.0,80,24,14,2,5.8,3
5520_0,17.2,1368.0,22.0,35,24,32,2,6.1,5
5541_0,16.2,1311.0,21.0,73,31,16,2,5.5,3
5543_0,15.6,1216.0,18.0,76,24,26,2,5.5,3
5544_0,16.5,1371.0,20.0,48,41,35,3,6.0,3
5548_0,14.9,1220.0,17.0,87,34,19,2,6.1,5
5555_0,16.6,1265.0,20.0,62,24,19,2,5.7,3
5566_0,17.1,1331.0,21.0,42,34,33,2,6.1,3
5567_0,15.1,1196.0,17.0,78,24,18,2,6.4,5
5573_0,14.2,1211.0,17.0,152,32,18,5,5.9,5
5574_0,15.5,1271.0,19.0,65,34,29,10,6.9,5
5576_0,16.9,1356.0,21.0,44,24,43,3,6.2,5
5587_0,16.0,1320.0,20.0,115,21,32,2,5.6,1
5597_0,16.1,1280.0,20.0,53,34,29,4,6.0,3
5620_0,17.1,1331.0,21.0,42,34,15,2,5.3,5
5629_0,16.7,1314.0,20.0,54,24,30,6,6.5,3
5649_0,16.5,1297.0,20.0,54,34,24,3,5.8,5
5678_0,15.4,1257.0,18.0,75,24,13,2,5.8,3
5696_0,16.3,1365.0,20.0,49,24,38,3,6.1,1
5700_0,17.0,1372.0,21.0,44,24,20,2,6.0,3
5702_0,17.1,1331.0,21.0,39,34,39,5,6.0,5
5705_0,16.9,1307.0,19.0,59,34,31,10,6.7,5
5706_0,16.9,1321.0,20.0,51,41,24,6,5.6,2
5714_0,15.3,1208.0,18.0,75,24,26,2,6.7,5
5716_0,16.1,1287.0,20.0,54,34,17,2,5.9,3
5717_0,14.7,1204.0,17.0,107,31,18,3,5.7,5
5726_0,14.8,1182.0,17.0,96,41,16,2,6.0,3
5740_0,15.8,1246.0,20.0,65,34,31,3,6.5,2
5743_0,15.4,1263.0,18.0,73,24,19,2,6.1,5
5749_0,16.0,1231.0,19.0,69,34,21,4,5.7,1
5763_0,15.6,1246.0,20.0,69,24,18,3,6.1,3
5765_0,16.0,1277.0,20.0,66,24,34,6,6.0,5
5776_0,15.7,1212.0,18.0,75,34,25,3,6.0,99
5777_0,17.1,1324.0,17.0,48,34,30,2,6.0,1
5787_0,17.2,1359.0,22.0,38,34,17,2,5.9,5
5795_0,15.1,1248.0,17.0,79,34,38,2,6.1,5
5806_0,15.3,1210.0,18.0,80,34,25,5,5.4,3
5811_0,17.0,1289.0,18.0,52,34,40,2,6.8,1
5815_0,16.5,1325.0,20.0,47,34,41,2,6.2,5
5832_0,16.2,1289.0,19.0,95,24,26,4,5.3,5
5838_0,16.0,1282.0,20.0,68,42,15,2,5.7,5
5873_0,15.1,1253.0,18.0,75,34,16,2,5.7,3
5885_0,14.6,1207.0,16.0,88,34,21,2,6.2,99
5911_0,16.0,1293.0,21.0,57,34,30,2,6.7,3
5921_0,16.3,1278.0,20.0,58,41,21,5,5.7,5
5922_0,17.2,1403.0,22.0,40,24,16,2,5.8,1
5930_0,15.8,1360.0,20.0,98,41,15,2,5.1,5
5954_0,16.0,1275.0,21.0,63,24,31,3,5.9,2
5955_0,15.3,1207.0,18.0,71,41,22,2,6.5,3
5975_0,14.9,1214.0,17.0,126,21,14,2,5.4,3
5982_0,16.8,1353.0,21.0,48,34,44,3,5.9,3
5990_0,16.1,1342.0,20.0,53,41,14,2,5.7,3
6000_0,15.4,1259.0,19.0,70,24,18,2,6.1,3
6004_0,16.1,1259.0,20.0,65,34,43,4,6.4,1
6029_0,16.1,1298.0,20.0,59,41,22,2,5.6,5
6051_0,15.5,1251.0,19.0,67,34,41,4,6.3,99
6060_0,16.1,1280.0,20.0,75,41,20,3,5.6,5
6061_0,15.7,1232.0,19.0,72,34,18,3,5.7,5
6064_0,15.8,1219.0,18.0,74,24,19,2,6.1,5
6079_0,16.8,1273.0,19.0,58,34,23,4,5.7,1
6084_0,15.5,1248.0,19.0,69,24,12,2,6.0,5
6088_0,16.2,1335.0,20.0,50,34,17,2,5.9,2
6091_0,16.9,1367.0,21.0,42,24,21,2,5.8,2
6092_0,15.7,1244.0,20.0,64,34,39,4,5.9,3
6116_0,15.1,1250.0,18.0,77,24,12,2,5.9,2
6121_0,16.1,1312.0,20.0,54,41,20,3,5.7,1
6122_0,14.7,1209.0,17.0,89,24,18,2,6.0,5
6143_0,17.0,1321.0,20.0,53,24,32,3,6.1,5
6155_0,16.8,1264.0,19.0,59,24,20,2,5.8,3
6166_0,16.6,1306.0,20.0,53,41,20,3,5.5,5
6167_0,16.4,1296.0,20.0,57,24,16,2,5.8,1
6179_0,16.8,1285.0,19.0,58,24,22,2,5.8,3
6210_0,15.1,1255.0,18.0,75,34,36,3,5.9,5
6232_0,16.9,1336.0,21.0,50,34,34,4,6.0,5
6233_0,17.2,1398.0,22.0,38,24,24,2,5.8,99
6236_0,15.0,1224.0,17.0,85,24,21,2,5.8,5
6240_0,16.8,1358.0,21.0,47,34,42,3,5.9,5
6257_0,15.3,1204.0,18.0,75,24,20,2,6.0,5
6275_0,17.3,1381.0,22.0,37,24,18,2,5.6,5
6281_0,16.9,1272.0,18.0,54,34,21,2,5.8,5
6288_0,16.0,1283.0,21.0,59,41,36,3,6.2,5
6290_0,16.0,1283.0,21.0,59,24,43,4,6.2,3
6313_0,16.5,1382.0,20.0,55,34,15,2,5.8,3
6352_0,15.7,1251.0,19.0,65,34,44,3,5.8,1
6368_0,16.0,1281.0,20.0,63,24,17,2,5.6,5
6389_0,14.2,1177.0,16.0,172,21,14,2,6.0,5
6399_0,15.9,1229.0,19.0,74,24,19,2,6.2,1
6422_0,15.5,1250.0,19.0,68,24,37,3,6.1,5
6440_0,17.1,1339.0,21.0,38,24,40,6,6.5,1
6444_0,16.4,1308.0,20.0,48,34,27,8,6.2,5
6460_0,16.1,1316.0,22.0,69,24,20,5,5.5,5
6465_0,15.7,1259.0,18.0,124,21,19,5,5.4,2
6478_0,17.0,1284.0,18.0,53,24,36,4,6.0,5
6504_0,14.9,1201.0,17.0,122,31,16,2,5.8,99
6507_0,16.1,1299.0,20.0,83,34,27,3,5.6,5
6534_0,16.3,1363.0,20.0,46,24,28,2,6.0,3
6540_0,15.8,1217.0,19.0,75,24,24,3,6.1,5
6551_0,16.0,1239.0,20.0,77,24,16,3,5.8,2
6552_0,16.3,1359.0,20.0,49,41,33,2,6.0,3
6577_0,17.0,1335.0,21.0,42,41,48,3,6.1,3
6581_0,16.0,1295.0,21.0,57,24,20,2,6.2,5
6582_0,16.0,1265.0,20.0,64,41,26,4,6.6,3
6593_0,15.2,1256.0,18.0,81,24,30,10,6.9,5
6659_0,16.0,1244.0,19.0,65,34,12,2,6.1,2
6692_0,15.1,1252.0,18.0,76,41,37,3,6.3,5
6698_0,15.9,1227.0,19.0,77,34,25,5,5.4,1
6706_0,15.6,1211.0,18.0,73,24,23,2,6.4,5
6709_0,15.9,1258.0,20.0,67,34,41,4,6.0,5
6755_0,16.7,1317.0,20.0,47,21,36,2,6.2,1
6762_0,16.5,1312.0,20.0,52,34,27,6,6.7,5
6773_0,16.2,1302.0,20.0,51,24,20,2,5.7,5
6775_0,15.9,1236.0,19.0,66,34,24,2,6.1,99
6776_0,16.1,1322.0,20.0,61,24,14,2,5.6,2
6786_0,16.1,1266.0,19.0,64,41,19,2,5.7,5
6800_0,16.6,1304.0,20.0,55,24,17,2,5.7,5
6808_0,15.0,1211.0,17.0,81,24,19,2,6.1,5
6832_0,16.8,1269.0,19.0,61,34,16,2,5.9,5
6843_0,16.4,1361.0,20.0,47,24,41,5,6.0,5
6846_0,15.2,1253.0,18.0,70,24,38,4,6.6,1
6869_0,16.4,1265.0,20.0,60,24,15,2,5.6,2
6900_0,16.9,1316.0,19.0,57,31,25,7,6.3,5
6905_0,14.7,1218.0,19.0,100,34,24,6,5.7,99
6907_0,16.1,1295.0,20.0,54,24,21,2,6.1,1
6909_0,16.5,1264.0,19.0,62,24,16,2,5.6,3
6918_0,16.8,1268.0,19.0,64,24,18,3,6.1,5
6942_0,16.6,1311.0,20.0,48,41,30,7,5.8,5
6966_0,15.9,1220.0,19.0,76,34,22,3,6.0,3
6973_0,17.3,1384.0,22.0,35,34,44,2,6.3,3
6984_0,17.0,1314.0,19.0,46,41,40,3,6.1,5
6988_0,17.2,1330.0,21.0,40,34,40,2,5.8,5
7022_0,14.9,1219.0,17.0,163,21,18,2,5.6,5
7031_0,15.4,1254.0,19.0,70,24,34,3,6.5,1
7038_0,13.6,1197.0,16.0,187,21,13,4,5.4,3
7047_0,15.5,1210.0,18.0,75,24,27,3,6.0,5
7069_0,17.0,1396.0,21.0,40,24,23,3,5.6,2
7072_0,14.8,1229.0,19.0,84,24,12,2,5.9,3
7074_0,14.5,1203.0,16.0,99,41,21,4,5.9,3
7086_0,16.8,1316.0,20.0,54,34,35,10,6.0,1
7096_0,16.1,1266.0,19.0,62,34,20,3,6.0,5
7101_0,16.1,1269.0,19.0,60,34,22,4,5.4,3
7103_0,16.0,1310.0,21.0,55,34,32,2,6.1,2
7115_0,15.8,1222.0,19.0,68,34,20,3,5.8,2
7137_0,15.9,1257.0,19.0,62,34,29,4,6.4,3
7159_0,17.2,1386.0,21.0,38,24,29,2,5.7,1
7166_0,13.7,1159.0,16.0,179,21,13,3,5.8,3
7174_0,15.2,1216.0,18.0,80,24,27,3,5.7,3
7186_0,16.8,1327.0,21.0,45,24,33,2,5.8,2
7190_0,16.4,1349.0,20.0,49,24,23,2,6.0,5
7200_0,16.4,1336.0,20.0,50,24,26,2,5.8,3
7202_0,16.4,1360.0,20.0,56,34,30,3,5.6,1
7213_0,16.4,1376.0,20.0,50,34,19,2,6.1,3
7235_0,16.5,1271.0,20.0,59,24,26,2,5.3,5
7248_0,16.7,1316.0,20.0,46,24,24,2,6.0,2
7251_0,16.8,1322.0,20.0,42,34,24,3,6.0,1
7263_0,16.5,1315.0,20.0,45,34,41,3,6.3,1
7283_0,16.1,1333.0,22.0,53,24,33,2,5.8,3
7284_0,16.4,1265.0,20.0,61,24,18,3,5.6,2
7290_0,15.6,1262.0,19.0,72,24,20,2,6.3,3
7298_0,15.1,1246.0,18.0,73,41,28,3,6.1,3
7299_0,16.4,1378.0,20.0,49,24,15,2,5.9,5
7332_0,16.7,1336.0,21.0,46,24,39,2,5.8,5
7337_0,16.0,1266.0,21.0,66,34,19,2,6.1,5
7338_0,16.0,1241.0,20.0,73,34,15,2,6.2,1
7341_0,16.8,1350.0,21.0,45,24,47,4,6.0,5
7366_0,16.8,1359.0,21.0,44,41,40,4,5.9,5
7369_0,15.2,1249.0,18.0,74,24,9,2,5.8,3
7375_0,17.3,1387.0,21.0,45,24,27,5,5.8,5
7383_0,17.1,1378.0,22.0,44,24,17,2,5.8,3
7386_0,14.6,1203.0,16.0,85,41,21,2,5.8,5
7388_0,14.6,1205.0,16.0,85,41,24,2,5.9,5
7389_0,16.0,1272.0,21.0,60,24,29,2,6.1,5
7400_0,17.0,1397.0,21.0,48,34,26,4,5.9,5
7402_0,17.3,1390.0,22.0,36,34,26,2,5.9,5
7425_0,13.9,1205.0,16.0,185,31,15,3,5.7,3
7438_0,16.1,1305.0,22.0,61,24,20,2,6.2,5
7447_0,13.9,1171.0,16.0,203,24,15,3,5.9,5
7457_0,16.8,1342.0,21.0,44,34,34,2,6.3,5
7470_0,17.0,1356.0,21.0,40,24,46,3,5.9,5
7478_0,17.1,1332.0,20.0,49,24,25,8,6.3,5
7487_0,14.8,1209.0,16.0,83,34,31,4,6.1,5
7496_0,15.7,1251.0,20.0,64,34,41,4,5.8,99
7500_0,15.4,1262.0,18.0,72,24,14,2,6.1,99
7525_0,14.6,1199.0,17.0,162,41,14,2,5.5,3
7528_0,13.9,1168.0,16.0,195,22,19,5,6.1,5
7533_0,16.6,1269.0,19.0,62,34,15,2,5.6,5
7545_0,13.8,1205.0,16.0,151,32,15,2,5.8,5
7559_0,16.1,1289.0,21.0,56,41,28,10,5.9,1
7563_0,15.3,1286.0,18.0,180,24,18,3,5.4,5
7583_0,16.3,1370.0,20.0,49,34,14,2,6.2,2
7587_0,16.1,1265.0,19.0,58,34,17,2,5.7,5
7591_0,15.8,1263.0,19.0,59,41,25,0,7.5,5
7594_0,16.2,1316.0,20.0,57,24,13,2,5.9,99
7606_0,17.2,1398.0,22.0,40,24,20,2,6.1,1
7607_0,16.9,1354.0,22.0,43,24,37,2,6.0,3
7612_0,17.1,1334.0,19.0,41,34,25,2,6.0,99
7643_0,16.0,1298.0,20.0,61,34,11,2,5.8,3
7655_0,16.0,1239.0,19.0,67,24,23,2,5.9,5
7662_0,16.1,1326.0,22.0,57,24,21,2,6.1,99
7670_0,17.0,1292.0,18.0,50,34,42,5,6.6,5
7703_0,14.9,1204.0,17.0,83,41,20,2,6.4,3
7706_0,15.2,1249.0,18.0,75,24,9,2,5.8,3
7715_0,16.1,1254.0,20.0,67,24,15,2,5.8,99
7731_0,17.3,1394.0,22.0,36,24,22,2,5.8,1
7738_0,16.0,1313.0,20.0,102,21,30,3,5.8,5
7809_0,13.7,1144.0,16.0,159,31,14,2,6.0,3
7812_0,15.8,1227.0,19.0,65,34,15,2,6.2,99
7815_0,17.0,1363.0,22.0,39,34,36,2,6.1,5
7820_0,15.8,1225.0,19.0,67,41,23,3,5.6,5
7829_0,16.6,1342.0,21.0,48,24,25,3,5.8,5
7830_0,15.4,1251.0,19.0,71,24,16,3,6.0,2
7836_0,16.0,1266.0,20.0,64,34,35,2,6.1,1
7864_0,15.1,1221.0,17.0,84,24,21,2,6.3,5
7868_0,15.2,1202.0,18.0,72,34,20,5,6.3,5
7878_0,16.0,1290.0,21.0,54,34,28,3,6.2,5
7880_0,16.1,1264.0,20.0,69,24,16,3,5.6,5
7923_0,16.1,1266.0,20.0,73,24,18,2,5.5,5
7935_0,16.0,1282.0,21.0,60,34,41,4,6.3,5
7949_0,16.9,1378.0,21.0,44,24,22,2,6.0,5
7951_0,16.1,1256.0,21.0,63,32,38,2,6.1,5
7957_0,16.8,1315.0,20.0,50,24,31,6,6.4,3
7964_0,16.1,1262.0,20.0,71,41,22,4,5.8,5
7966_0,16.1,1345.0,21.0,53,41,39,5,6.2,3
7969_0,16.0,1242.0,20.0,62,34,16,2,6.1,5
7970_0,15.5,1249.0,19.0,69,24,35,4,6.2,3
7977_0,16.9,1318.0,20.0,44,24,26,2,5.8,3
7981_0,16.8,1359.0,21.0,47,24,37,4,5.9,99
7990_0,16.1,1265.0,19.0,55,34,20,2,5.7,5
7996_0,16.0,1322.0,21.0,55,24,29,2,6.1,5
7997_0,16.6,1320.0,20.0,47,24,23,2,5.9,5
8007_0,16.1,1320.0,20.0,98,24,20,2,5.6,5
8015_0,15.9,1249.0,18.0,68,24,13,2,5.9,3
8016_0,15.4,1270.0,18.0,80,41,26,3,6.0,3
8018_0,15.9,1234.0,20.0,63,24,20,3,6.2,5
8024_0,16.8,1315.0,20.0,52,24,21,6,6.3,5
8027_0,16.9,1365.0,21.0,44,34,37,3,6.5,5
8030_0,16.3,1418.0,21.0,103,21,16,2,5.4,5
8031_0,16.0,1347.0,21.0,66,24,29,7,6.6,1
8036_0,15.6,1249.0,19.0,66,34,42,4,6.1,2
8055_0,16.2,1272.0,19.0,62,34,27,7,6.0,5
8057_0,16.7,1330.0,21.0,48,21,25,10,6.1,5
8100_0,16.0,1338.0,21.0,61,34,25,10,7.0,3
8103_0,15.2,1207.0,18.0,71,34,25,3,6.6,5
8104_0,15.6,1227.0,17.0,70,34,14,2,5.9,5
8105_0,16.3,1279.0,20.0,54,34,31,8,6.3,5
8106_0,16.1,1278.0,21.0,60,24,24,2,5.9,2
8109_0,16.1,1302.0,22.0,63,34,25,2,6.4,1
8123_0,15.5,1255.0,19.0,69,34,41,3,6.2,5
8150_0,14.6,1204.0,16.0,78,34,17,2,6.3,1
8172_0,14.8,1226.0,18.0,79,34,13,2,6.5,5
8175_0,15.1,1197.0,18.0,83,24,18,2,6.1,5
8201_0,16.7,1315.0,20.0,49,24,14,2,5.4,5
8209_0,16.3,1271.0,20.0,50,24,18,2,6.1,5
8214_0,14.8,1182.0,17.0,123,31,18,2,6.2,5
8267_0,17.1,1300.0,18.0,50,34,44,4,6.1,3
8269_0,16.8,1265.0,19.0,67,24,15,2,5.7,2
8271_0,16.0,1302.0,21.0,62,24,32,2,6.1,5
8272_0,16.0,1286.0,20.0,82,34,14,2,6.2,3
8280_0,15.2,1202.0,18.0,79,31,15,2,6.0,5
8283_0,16.3,1281.0,20.0,53,34,23,2,5.4,3
8295_0,16.3,1397.0,20.0,107,21,12,3,5.2,3
8359_0,14.7,1216.0,19.0,89,34,21,3,6.2,1
8375_0,16.0,1305.0,20.0,64,24,14,2,5.8,5
8381_0,15.2,1213.0,17.0,108,41,16,2,5.9,5
8404_0,16.1,1269.0,20.0,62,24,24,3,5.6,5
8409_0,16.1,1255.0,20.0,63,24,21,3,5.7,3
8449_0,16.6,1416.0,21.0,66,34,24,10,5.6,99
8453_0,17.0,1373.0,22.0,42,34,22,2,5.9,1
8454_0,15.9,1233.0,20.0,64,24,13,2,6.0,5
8459_0,17.3,1385.0,22.0,34,34,45,4,6.0,1
8473_0,15.5,1259.0,19.0,70,24,16,2,6.2,5
8490_0,16.0,1248.0,19.0,63,34,22,4,5.8,3
8493_0,16.1,1266.0,19.0,61,24,20,2,5.9,3
8514_0,15.8,1232.0,20.0,65,34,15,3,6.3,1
8518_0,16.0,1279.0,21.0,61,24,37,3,6.1,5
8528_0,16.2,1262.0,20.0,49,34,27,5,6.2,1
8530_0,16.0,1280.0,20.0,61,24,17,2,6.0,5
8533_0,14.5,1203.0,16.0,83,34,18,2,5.9,1
8581_0,14.7,1215.0,17.0,186,21,18,3,6.1,5
8582_0,15.7,1222.0,18.0,71,41,28,4,6.2,2
8592_0,16.4,1325.0,20.0,47,34,44,4,6.1,1
8595_0,15.7,1219.0,18.0,78,34,26,4,5.7,1
8612_0,16.8,1266.0,20.0,61,34,30,2,5.9,5
8660_0,16.9,1393.0,21.0,42,34,18,2,5.7,3
8661_0,15.0,1221.0,17.0,152,21,17,2,5.5,1
8664_0,16.0,1265.0,21.0,62,24,23,2,6.0,5
8668_0,15.6,1248.0,19.0,70,24,11,2,5.9,5
8673_0,16.0,1242.0,20.0,63,41,16,2,6.1,2
8675_0,15.4,1252.0,18.0,70,31,27,3,6.4,5
8686_0,13.2,1164.0,16.0,243,21,14,5,5.9,3
8688_0,17.2,1398.0,22.0,40,41,18,2,5.8,5
8740_0,16.0,1288.0,20.0,63,24,14,2,6.1,1
8746_0,14.7,1220.0,18.0,212,21,15,4,5.1,99
8751_0,17.0,1283.0,18.0,60,34,32,4,6.1,5
8752_0,17.1,1315.0,17.0,49,24,17,2,5.8,5
8756_0,15.3,1251.0,18.0,75,34,12,2,6.2,3
8759_0,14.1,1198.0,16.0,147,21,17,7,6.0,5
8764_0,16.2,1262.0,20.0,50,41,35,5,6.3,3
8792_0,16.1,1272.0,21.0,60,24,31,2,6.0,5
8812_0,17.1,1397.0,22.0,36,34,27,2,6.0,5
8813_0,14.8,1229.0,18.0,78,34,26,2,6.0,3
8818_0,16.5,1362.0,21.0,49,34,16,2,5.8,5
8843_0,16.1,1317.0,20.0,58,24,14,2,6.0,3
8851_0,16.1,1250.0,20.0,70,24,17,2,5.7,3
8866_0,16.2,1285.0,19.0,93,21,26,3,5.7,3
8916_0,16.5,1325.0,20.0,45,34,42,3,6.4,1
8927_0,14.5,1199.0,17.0,172,21,16,4,5.3,3
8958_0,17.2,1398.0,22.0,37,24,21,2,5.9,5
8968_0,17.0,1375.0,22.0,44,24,20,2,5.7,5
8991_0,15.5,1225.0,19.0,112,34,14,2,5.5,2
9029_0,14.2,1179.0,17.0,212,21,13,3,5.5,3
9039_0,16.1,1274.0,20.0,62,24,20,3,6.3,3
9043_0,14.7,1199.0,17.0,162,22,15,2,5.8,2
9064_0,16.0,1328.0,21.0,70,34,23,10,6.2,3
9067_0,17.0,1323.0,20.0,46,21,24,4,6.0,1
9074_0,16.0,1294.0,21.0,73,24,21,7,6.6,5
9075_0,16.9,1323.0,20.0,49,24,25,6,6.4,5
9084_0,14.0,1212.0,16.0,129,31,13,2,5.8,99
9103_0,16.6,1369.0,21.0,46,24,24,2,5.8,5
9114_0,16.8,1309.0,19.0,56,34,24,5,5.4,1
9119_0,17.1,1329.0,20.0,41,41,24,3,5.8,5
9121_0,16.1,1282.0,20.0,55,34,29,2,6.1,99
9128_0,16.0,1232.0,19.0,68,41,19,2,5.8,3
9136_0,16.7,1270.0,19.0,56,34,23,3,6.4,5
9148_0,16.7,1344.0,21.0,45,34,34,2,6.2,1
9154_0,16.2,1338.0,20.0,51,34,21,2,6.1,3
9165_0,16.9,1353.0,21.0,46,24,42,2,6.0,5
9178_0,17.0,1300.0,18.0,55,24,18,2,5.7,5
9179_0,17.1,1330.0,21.0,42,24,27,2,6.1,5
9189_0,14.6,1206.0,17.0,174,41,17,2,5.8,1
9196_0,16.0,1282.0,20.0,68,34,32,10,6.1,5
9198_0,17.2,1391.0,22.0,36,24,28,2,6.0,5
9234_0,16.1,1254.0,20.0,64,24,19,4,5.7,5
9239_0,16.1,1291.0,20.0,95,31,25,4,5.3,3
9243_0,17.0,1379.0,22.0,44,34,34,3,6.0,5
9258_0,15.9,1247.0,19.0,58,34,26,2,6.2,5
9261_0,16.0,1343.0,20.0,80,41,21,6,5.7,5
9262_0,15.6,1207.0,18.0,76,34,19,3,5.7,5
9266_0,17.1,1333.0,18.0,47,24,16,2,5.8,3
9273_0,16.7,1345.0,21.0,47,24,32,3,6.0,3
9286_0,16.8,1378.0,21.0,45,24,16,2,5.6,3
9294_0,14.8,1206.0,17.0,156,31,18,2,5.7,1
9311_0,14.1,1204.0,16.0,191,21,14,3,5.3,5
9330_0,15.7,1261.0,19.0,67,34,32,2,6.6,5
9332_0,14.5,1199.0,17.0,142,31,17,4,5.8,5
9343_0,17.0,1347.0,18.0,42,24,25,2,5.7,1
9377_0,16.1,1252.0,20.0,74,24,16,2,5.9,3
9381_0,17.1,1334.0,21.0,38,34,36,3,6.2,5
9393_0,14.6,1213.0,17.0,152,31,17,4,5.7,99
9400_0,17.2,1394.0,21.0,36,24,46,4,6.0,5
9417_0,16.3,1372.0,20.0,48,41,29,2,6.0,3
9418_0,16.0,1379.0,20.0,95,41,16,2,5.3,1
9420_0,16.0,1309.0,21.0,55,34,32,2,6.5,5
9432_0,16.0,1319.0,21.0,65,34,33,4,5.9,5
9442_0,16.0,1284.0,20.0,77,34,15,2,5.5,2
9451_0,16.3,1282.0,20.0,71,34,27,3,6.1,5
9486_0,16.3,1297.0,20.0,57,34,36,5,6.4,1
9496_0,16.7,1374.0,21.0,47,24,40,3,6.1,5
9507_0,16.0,1303.0,21.0,56,34,20,3,5.9,1
9510_0,15.0,1241.0,17.0,79,34,32,2,6.2,1
9522_0,15.1,1206.0,17.0,105,21,16,2,6.0,3
9538_0,16.2,1296.0,20.0,95,24,29,3,5.5,3
9574_0,16.0,1256.0,19.0,64,34,11,2,5.7,5
9583_0,16.0,1325.0,20.0,57,34,16,2,6.1,3
9594_0,15.8,1258.0,20.0,67,24,45,3,6.1,2
9604_0,16.8,1312.0,20.0,46,34,30,10,5.5,5
9616_0,16.9,1366.0,21.0,40,41,40,4,6.5,5
9637_0,16.2,1295.0,20.0,73,34,15,2,5.6,3
9650_0,15.4,1259.0,18.0,78,24,20,2,6.0,5
9652_0,16.9,1316.0,20.0,42,31,25,2,5.9,2
9657_0,17.0,1382.0,22.0,38,34,21,2,5.6,2
9671_0,15.7,1223.0,18.0,72,24,34,4,5.2,2
9685_0,15.0,1245.0,18.0,76,24,39,2,6.2,99
9691_0,16.0,1250.0,20.0,63,24,40,5,6.2,5
9693_0,16.4,1308.0,20.0,54,34,35,7,7.1,2
9710_0,16.8,1314.0,20.0,49,34,21,5,6.0,5
9716_0,16.1,1286.0,21.0,66,24,22,4,6.3,3
9721_0,15.6,1267.0,19.0,72,24,17,2,6.0,3
9731_0,16.2,1356.0,21.0,50,41,40,3,6.1,2
9737_0,15.0,1246.0,18.0,77,34,14,2,6.1,99
9757_0,16.9,1366.0,21.0,42,34,27,2,6.3,5
9765_0,16.5,1314.0,20.0,45,24,30,3,6.4,5
9786_0,17.3,1379.0,22.0,36,24,21,2,5.8,5
9789_0,16.2,1278.0,20.0,58,34,29,7,6.5,5
9792_0,16.1,1255.0,21.0,58,34,23,2,6.2,5
9799_0,14.6,1203.0,16.0,90,24,19,4,5.9,3
9811_0,15.5,1268.0,19.0,73,24,26,2,6.8,5
9820_0,13.9,1180.0,16.0,219,21,14,3,5.7,5
9829_0,16.9,1393.0,21.0,38,24,20,2,6.1,1
9833_0,16.9,1304.0,19.0,51,41,25,4,6.1,5
9847_0,15.6,1275.0,19.0,82,41,21,5,6.0,1
9862_0,16.7,1395.0,21.0,45,34,18,2,6.3,1
9948_0,15.1,1253.0,18.0,71,24,40,1,6.4,3
9956_0,16.3,1298.0,20.0,53,41,24,6,6.3,2
9961_0,16.9,1364.0,21.0,47,24,24,2,6.1,5
9964_0,17.0,1352.0,22.0,40,21,42,4,6.5,5
9977_0,16.0,1242.0,20.0,64,34,19,3,5.9,5
9978_0,15.7,1208.0,18.0,77,24,20,2,6.3,5
9984_0,14.7,1203.0,16.0,79,24,18,2,6.7,2
10000_0,16.2,1266.0,20.0,61,34,31,7,6.0,3
10017_0,16.1,1267.0,20.0,76,34,14,2,6.0,5
10031_0,16.1,1320.0,22.0,57,24,36,3,5.8,5
10035_0,15.9,1335.0,20.0,123,24,14,2,5.3,2
10040_0,14.6,1204.0,16.0,87,34,19,3,6.3,3
10044_0,15.3,1243.0,18.0,72,41,37,2,5.6,3
10046_0,16.4,1382.0,20.0,53,34,13,2,5.8,2
10055_0,15.0,1209.0,17.0,83,24,28,4,6.1,5
10064_0,17.3,1389.0,22.0,36,24,27,2,6.0,5
10100_0,15.7,1234.0,19.0,73,24,19,2,5.8,1
10103_0,16.0,1239.0,19.0,67,24,19,2,5.8,5
10104_0,16.4,1269.0,20.0,63,24,16,3,5.7,3
10105_0,16.6,1317.0,20.0,45,24,40,4,6.0,3
10128_0,15.9,1264.0,20.0,67,24,40,4,5.8,3
10135_0,16.0,1245.0,19.0,64,41,25,3,5.7,99
10153_0,16.4,1366.0,20.0,54,34,34,2,6.1,5
10158_0,17.1,1316.0,17.0,49,34,15,3,5.3,2
10166_0,16.0,1306.0,21.0,59,34,34,4,5.9,1
10176_0,16.0,1279.0,20.0,63,24,18,2,5.9,3
10185_0,16.1,1313.0,20.0,56,24,19,2,6.0,3
10189_0,16.6,1271.0,20.0,58,34,18,2,5.8,5
10242_0,16.9,1342.0,21.0,48,34,26,4,6.0,1
10271_0,16.1,1263.0,19.0,54,34,17,2,6.0,99
10278_0,15.1,1254.0,18.0,71,41,40,3,6.4,5
10288_0,16.0,1288.0,20.0,61,24,15,2,5.9,99
10300_0,17.0,1367.0,22.0,43,24,46,3,6.2,3
10301_0,15.2,1196.0,18.0,81,24,17,2,6.2,5
10303_0,15.8,1224.0,18.0,70,24,24,2,6.1,5
10309_0,15.0,1244.0,18.0,77,34,36,3,6.2,5
10310_0,16.1,1271.0,21.0,59,34,33,2,6.4,5
10330_0,17.3,1385.0,21.0,37,24,20,2,6.0,1
10336_0,15.6,1282.0,19.0,79,34,28,8,6.3,5
10342_0,16.0,1290.0,20.0,80,34,15,2,5.7,5
10362_0,15.5,1210.0,18.0,75,34,32,2,5.7,3
10371_0,14.8,1201.0,17.0,123,32,16,4,5.4,2
10405_0,16.0,1272.0,21.0,60,24,30,2,5.9,99
10413_0,16.0,1269.0,20.0,64,34,31,2,6.1,1
10426_0,16.0,1246.0,19.0,60,24,24,3,5.8,5
10427_0,16.2,1264.0,20.0,55,24,23,2,6.5,5
10430_0,16.1,1265.0,19.0,58,34,20,3,5.4,3
10445_0,17.2,1376.0,22.0,38,24,19,2,5.6,5
10451_0,16.9,1299.0,19.0,62,24,19,2,5.5,3
10466_0,16.5,1360.0,20.0,50,34,19,2,5.8,3
10469_0,14.3,1207.0,16.0,121,21,16,3,5.8,5
10505_0,15.3,1255.0,17.0,77,24,19,2,6.0,3
10511_0,17.2,1334.0,21.0,41,41,47,2,5.8,1
10538_0,16.8,1369.0,21.0,47,24,18,2,5.8,3
10549_0,16.0,1313.0,21.0,58,34,35,4,6.5,5
10561_0,16.1,1318.0,22.0,55,31,29,8,6.0,5
10565_0,14.9,1204.0,17.0,86,41,29,5,5.9,1
10568_0,16.9,1387.0,21.0,41,41,19,2,6.1,3
10571_0,16.2,1350.0,21.0,52,24,33,3,6.0,99
10576_0,17.2,1347.0,22.0,37,34,37,3,6.3,5
10583_0,16.0,1259.0,21.0,64,41,40,4,5.6,3
10623_0,16.9,1393.0,21.0,46,24,17,2,5.8,3
10634_0,15.9,1225.0,19.0,73,24,20,3,5.6,5
10642_0,16.5,1272.0,20.0,65,41,21,2,5.6,5
10643_0,16.1,1248.0,20.0,64,21,36,5,5.8,5
10654_0,15.8,1214.0,19.0,74,34,16,2,6.2,3
10678_0,17.1,1365.0,22.0,39,24,31,2,6.2,5
10680_0,16.0,1298.0,20.0,81,34,14,2,5.7,3
10685_0,15.3,1254.0,18.0,75,34,35,9,7.2,5
10699_0,15.1,1246.0,18.0,71,24,25,4,6.2,1
10703_0,16.7,1272.0,20.0,66,34,22,2,5.6,2
10706_0,15.7,1244.0,20.0,63,34,21,2,6.2,5
10725_0,16.3,1359.0,21.0,49,41,34,4,6.0,99
10726_0,15.9,1254.0,20.0,65,24,20,2,5.9,5
10729_0,16.0,1231.0,19.0,69,34,22,3,5.8,5
10733_0,15.9,1235.0,19.0,68,24,25,3,5.8,1
10734_0,16.5,1339.0,20.0,59,24,25,7,6.1,5
10748_0,16.1,1260.0,21.0,61,24,40,4,6.3,5
10752_0,17.2,1387.0,21.0,38,24,35,2,6.3,1
10776_0,16.9,1327.0,20.0,48,41,24,5,6.3,3
10790_0,16.0,1229.0,19.0,72,34,23,4,5.8,5
10797_0,13.7,1184.0,16.0,216,21,12,4,5.7,5
10809_0,16.9,1326.0,21.0,51,24,21,6,5.7,3
10813_0,16.4,1350.0,20.0,53,34,27,2,5.9,5
10814_0,15.1,1253.0,18.0,73,41,12,2,5.9,5
10816_0,16.9,1397.0,21.0,42,34,15,2,6.0,1
10822_0,16.1,1275.0,20.0,52,41,30,3,5.6,5
10838_0,16.7,1293.0,20.0,55,34,17,2,5.7,1
10891_0,17.0,1328.0,17.0,46,34,40,2,5.8,2
10908_0,14.1,1184.0,16.0,169,21,15,3,5.7,2
10914_0,15.9,1228.0,19.0,73,24,25,2,5.8,3
10925_0,16.8,1350.0,21.0,48,24,40,3,5.9,3
10927_0,16.6,1376.0,20.0,45,41,31,2,6.4,3
10964_0,16.0,1281.0,20.0,67,34,24,7,6.2,5
10972_0,16.5,1331.0,20.0,40,41,28,0,7.6,5
10987_0,14.9,1240.0,18.0,76,34,12,2,6.4,5
10993_0,15.9,1249.0,20.0,64,41,44,3,5.8,2
10996_0,16.0,1237.0,19.0,70,34,22,3,6.5,1
11001_0,16.7,1322.0,20.0,60,41,28,10,5.9,5
11008_0,16.0,1267.0,20.0,62,24,21,2,6.0,5
11009_0,17.3,1388.0,22.0,35,34,33,2,5.9,5
11028_0,13.6,1158.0,16.0,217,21,15,3,5.4,5
11074_0,17.1,1349.0,21.0,38,24,38,9,6.2,3
11096_0,15.5,1272.0,18.0,71,34,30,5,6.1,1
11103_0,13.4,1153.0,16.0,210,22,16,2,6.0,5
11149_0,14.3,1205.0,16.0,102,34,23,5,5.4,3
11152_0,16.3,1364.0,20.0,49,41,27,2,6.0,2
11169_0,17.2,1349.0,22.0,35,34,27,3,5.8,1
11174_0,16.3,1278.0,20.0,56,34,32,6,6.7,3
11187_0,16.5,1337.0,21.0,48,24,19,2,6.1,5
11197_0,14.7,1210.0,17.0,88,34,22,3,6.2,5
11200_0,15.5,1249.0,19.0,67,24,38,3,6.4,2
11218_0,13.9,1163.0,16.0,156,42,17,3,5.9,5
11233_0,16.0,1241.0,20.0,65,41,28,3,5.8,3
11260_0,16.3,1361.0,20.0,48,34,34,2,5.9,1
11263_0,17.2,1385.0,21.0,37,34,23,2,5.8,1
11283_0,15.9,1252.0,20.0,66,24,40,4,6.0,3
11292_0,17.1,1403.0,22.0,48,34,16,4,5.2,1
11298_0,15.3,1248.0,19.0,75,24,21,2,6.2,5
11317_0,13.9,1194.0,16.0,169,41,15,3,5.7,3
11319_0,17.3,1388.0,22.0,39,34,34,3,5.9,1
11325_0,16.2,1350.0,21.0,49,34,44,4,5.8,5
11327_0,14.8,1226.0,18.0,81,34,36,2,6.1,5
11343_0,15.9,1326.0,20.0,65,24,13,2,6.0,5
11348_0,16.1,1304.0,22.0,51,34,23,10,7.6,2
11355_0,13.9,1208.0,16.0,160,21,14,3,5.3,3
11363_0,16.9,1285.0,19.0,62,34,28,4,6.1,5
11394_0,16.0,1232.0,19.0,71,24,23,3,6.1,3
11398_0,17.0,1393.0,21.0,44,34,19,7,5.6,5
11401_0,16.5,1311.0,20.0,53,24,28,7,6.1,5
11410_0,15.8,1254.0,20.0,68,24,30,2,6.0,2
11420_0,15.9,1262.0,20.0,66,34,38,4,6.3,3
11428_0,14.0,1183.0,17.0,197,22,15,3,5.6,1
11430_0,16.8,1370.0,21.0,53,41,29,4,5.3,5
11437_0,16.4,1306.0,20.0,54,34,27,9,6.3,1
11443_0,16.6,1268.0,20.0,62,24,17,2,5.4,5
11461_0,16.5,1278.0,20.0,60,31,20,2,5.4,1
11482_0,16.9,1312.0,19.0,57,24,17,3,5.8,5
11499_0,15.9,1285.0,19.0,79,24,16,2,5.4,5
11500_0,15.1,1253.0,18.0,75,34,17,2,5.9,1
11501_0,14.8,1218.0,17.0,88,34,25,3,5.8,5
11508_0,15.6,1215.0,18.0,73,34,12,4,5.9,5
11526_0,17.1,1300.0,17.0,52,24,24,2,5.8,5
11527_0,15.7,1301.0,20.0,128,21,14,2,5.2,99
11534_0,16.0,1269.0,20.0,69,34,29,3,6.1,5
11544_0,13.6,1179.0,16.0,160,31,16,4,6.0,3
11553_0,16.0,1244.0,19.0,67,24,18,3,5.7,2
11562_0,17.1,1330.0,21.0,37,41,39,4,6.2,2
11574_0,15.7,1251.0,20.0,66,24,36,2,6.1,5
11581_0,16.3,1367.0,21.0,47,41,32,3,5.7,3
11583_0,14.9,1243.0,18.0,74,34,18,2,6.0,3
11586_0,16.8,1314.0,20.0,56,34,35,7,6.3,1
11587_0,15.5,1208.0,18.0,76,34,25,3,6.0,3
11602_0,16.4,1291.0,20.0,53,32,31,7,5.7,99
11615_0,16.8,1396.0,21.0,45,41,13,2,5.7,5
11622_0,15.6,1247.0,19.0,67,24,15,2,6.2,3
11629_0,16.1,1288.0,21.0,62,24,23,2,6.7,5
11633_0,16.0,1236.0,19.0,71,34,20,2,6.3,5
11652_0,15.8,1258.0,20.0,67,34,27,2,6.0,1
11681_0,16.3,1380.0,20.0,55,41,14,2,5.6,2
11690_0,17.2,1386.0,21.0,40,24,34,2,5.9,3
11693_0,15.6,1219.0,18.0,72,34,15,3,6.0,2
11706_0,15.5,1249.0,19.0,75,34,30,6,5.8,5
11754_0,13.3,1146.0,16.0,169,41,14,2,5.8,5
11765_0,16.1,1251.0,20.0,65,34,19,3,5.9,2
11795_0,16.1,1245.0,20.0,61,34,27,4,5.8,1
11799_0,15.1,1200.0,17.0,82,34,27,2,6.1,5
11800_0,15.8,1223.0,19.0,70,34,30,3,5.7,5
11804_0,16.9,1320.0,20.0,50,24,25,6,6.2,99
11815_0,15.3,1249.0,19.0,70,34,19,4,6.2,5
11819_0,16.1,1269.0,20.0,53,24,19,2,6.0,1
11829_0,16.1,1275.0,20.0,68,34,22,2,5.7,5
11848_0,16.0,1285.0,21.0,61,24,20,2,6.2,3
11851_0,14.8,1217.0,17.0,86,34,23,3,5.9,2
11860_0,16.8,1350.0,21.0,45,24,41,3,6.0,5
11862_0,16.0,1312.0,20.0,113,24,22,3,5.7,5
11896_0,14.8,1229.0,19.0,84,24,14,2,5.8,5
11901_0,15.4,1208.0,18.0,69,24,16,2,6.0,5
11917_0,15.9,1385.0,20.0,108,34,14,2,5.1,1
11926_0,15.6,1248.0,19.0,66,24,16,2,5.9,5
11933_0,14.5,1202.0,16.0,82,34,16,2,5.9,1
11934_0,15.6,1263.0,19.0,68,34,36,3,6.3,3
11942_0,15.9,1386.0,20.0,109,24,15,4,5.2,5
11947_0,15.5,1212.0,18.0,76,24,17,2,5.8,5
11963_0,16.0,1261.0,20.0,65,34,24,2,5.7,5
12006_0,15.4,1256.0,18.0,70,24,23,2,6.0,99
12009_0,16.0,1318.0,21.0,61,24,26,4,6.4,5
12034_0,16.2,1277.0,20.0,52,41,20,2,5.9,5
12039_0,15.0,1217.0,17.0,131,21,16,2,5.8,3
12048_0,16.5,1265.0,19.0,63,24,19,2,5.6,3
12049_0,13.8,1195.0,16.0,152,21,16,2,6.0,5
12051_0,16.1,1286.0,21.0,59,34,29,4,6.3,1
12059_0,16.3,1359.0,21.0,55,34,38,5,5.8,5
12089_0,14.1,1178.0,16.0,178,22,13,2,5.9,5
12099_0,16.9,1312.0,19.0,54,24,15,2,5.5,5
12111_0,17.3,1380.0,21.0,47,34,18,2,5.4,5
12112_0,16.0,1257.0,19.0,60,34,21,2,5.8,3
12117_0,15.0,1224.0,17.0,86,41,25,2,5.7,5
12125_0,14.8,1229.0,19.0,84,24,12,2,5.8,5
12127_0,15.9,1223.0,19.0,80,34,24,8,5.4,3
12142_0,16.3,1280.0,20.0,54,34,27,8,6.0,5
12143_0,16.2,1268.0,20.0,54,34,19,2,6.0,3
12144_0,17.1,1398.0,22.0,38,24,17,2,5.9,5
12165_0,15.5,1212.0,18.0,74,24,19,2,5.8,5
12178_0,16.1,1281.0,21.0,60,34,29,10,6.3,3
12179_0,16.9,1359.0,21.0,45,34,27,2,5.8,3
12195_0,15.2,1244.0,18.0,73,24,13,2,6.0,3
12196_0,13.9,1179.0,16.0,200,21,16,3,5.9,1
12198_0,16.1,1277.0,20.0,57,34,22,2,5.6,3
12220_0,15.4,1211.0,18.0,76,34,20,2,5.8,2
12226_0,16.1,1276.0,20.0,70,24,16,2,5.4,5
12231_0,15.2,1213.0,17.0,96,21,18,2,6.1,3
12232_0,15.3,1262.0,18.0,76,24,18,2,5.8,5
12243_0,16.1,1344.0,21.0,53,34,20,2,6.2,5
12245_0,14.1,1180.0,16.0,167,42,15,2,5.9,5
12248_0,14.0,1187.0,16.0,119,21,15,2,6.1,5
12252_0,17.0,1395.0,21.0,36,34,21,2,5.6,5
12265_0,17.0,1331.0,19.0,44,34,50,6,6.4,3
12269_0,16.1,1240.0,20.0,71,34,23,3,5.9,3
12286_0,15.7,1243.0,20.0,71,34,24,10,5.8,3
12289_0,14.3,1194.0,16.0,185,21,21,4,5.6,1
12291_0,16.7,1375.0,21.0,47,34,22,2,6.0,5
12296_0,15.1,1253.0,18.0,75,24,38,2,6.0,3
12306_0,16.1,1263.0,19.0,58,24,18,3,5.3,5
12308_0,17.2,1401.0,22.0,39,24,21,2,5.7,5
12313_0,16.0,1325.0,21.0,56,24,26,3,6.2,3
12330_0,17.1,1325.0,17.0,50,24,16,2,5.8,5
12334_0,17.1,1336.0,18.0,43,34,19,3,5.7,3
12344_0,16.1,1250.0,20.0,80,24,13,2,5.8,5
12380_0,16.1,1245.0,20.0,66,34,17,2,6.0,3
12381_0,17.2,1360.0,22.0,40,34,17,2,5.7,5
12406_0,15.0,1242.0,18.0,76,24,30,2,6.0,99
12439_0,15.7,1218.0,18.0,70,34,27,2,6.2,3
12440_0,16.0,1342.0,21.0,57,34,26,7,6.7,5
12445_0,16.1,1311.0,22.0,65,24,25,5,6.1,99
12484_0,16.4,1323.0,20.0,46,34,27,4,6.0,3
12491_0,16.1,1297.0,20.0,57,24,19,4,5.5,1
12498_0,15.6,1206.0,18.0,75,24,23,2,5.8,5
12525_0,16.8,1351.0,21.0,48,34,43,2,6.1,1
12549_0,15.8,1214.0,18.0,72,41,18,2,5.8,3
12564_0,16.2,1354.0,21.0,50,34,45,4,6.0,1
12566_0,17.0,1395.0,21.0,39,34,29,3,6.0,5
12577_0,14.0,1186.0,16.0,147,31,15,2,6.0,3
12580_0,15.6,1246.0,19.0,75,34,33,6,6.0,5
12581_0,15.9,1216.0,19.0,75,24,26,3,6.1,3
12584_0,15.9,1231.0,19.0,64,24,16,2,6.0,2
12609_0,16.1,1265.0,20.0,75,34,16,3,5.5,2
12623_0,16.0,1288.0,21.0,62,24,28,2,5.8,2
12624_0,13.2,1181.0,16.0,259,22,16,4,5.6,1
12636_0,17.1,1315.0,18.0,64,34,30,10,6.4,5
12647_0,16.0,1289.0,21.0,61,24,33,3,5.9,5
12657_0,15.0,1238.0,18.0,92,34,14,2,5.6,3
12660_0,16.2,1270.0,20.0,55,24,21,2,6.0,5
12670_0,17.1,1362.0,22.0,40,34,39,3,5.9,1
12687_0,16.0,1292.0,21.0,59,34,28,3,6.7,3
12694_0,15.6,1217.0,18.0,71,24,19,3,6.0,2
12706_0,16.1,1246.0,20.0,61,34,25,4,5.5,99
12719_0,16.3,1277.0,20.0,54,34,30,7,6.2,5
12738_0,14.1,1183.0,17.0,193,21,15,2,5.8,1
12751_0,13.9,1172.0,16.0,227,24,14,3,5.6,1
12752_0,15.6,1224.0,18.0,131,21,11,4,5.3,5
12780_0,16.0,1266.0,20.0,67,24,20,2,6.0,5
12791_0,16.1,1244.0,20.0,67,24,15,3,5.7,5
12804_0,16.9,1395.0,21.0,47,24,33,6,5.7,3
12810_0,16.0,1253.0,20.0,62,24,39,5,5.5,5
12813_0,15.9,1334.0,20.0,90,31,15,2,5.7,99
12815_0,15.3,1225.0,18.0,85,41,13,2,6.0,5
12827_0,16.1,1270.0,19.0,59,41,20,4,5.5,3
12832_0,15.6,1244.0,19.0,70,24,17,2,5.9,5
12834_0,16.1,1265.0,19.0,63,24,19,2,5.8,5
12841_0,15.8,1254.0,20.0,68,34,38,3,6.4,3
12848_0,16.3,1360.0,21.0,48,24,39,2,6.1,3
12849_0,17.1,1313.0,18.0,49,41,27,7,6.0,2
12866_0,16.1,1283.0,21.0,63,24,19,2,6.4,2
12868_0,16.6,1316.0,20.0,45,34,39,4,6.0,3
12896_0,15.9,1269.0,20.0,79,24,31,5,6.2,5
12901_0,15.5,1262.0,19.0,74,24,28,3,5.6,3
12930_0,16.9,1386.0,21.0,43,34,19,2,5.7,3
12931_0,15.9,1248.0,20.0,74,34,33,4,5.9,2
12934_0,14.8,1235.0,19.0,80,34,14,2,6.1,3
12935_0,15.0,1246.0,18.0,77,24,40,2,6.3,5
12936_0,17.3,1371.0,22.0,37,34,26,2,5.9,5
12939_0,16.0,1330.0,21.0,64,34,30,5,6.1,1
12946_0,16.1,1271.0,19.0,54,34,20,2,5.9,99
12947_0,15.9,1228.0,19.0,73,24,19,3,5.8,5
12953_0,15.2,1263.0,18.0,190,21,16,3,5.6,2
12960_0,15.8,1227.0,19.0,70,24,12,2,6.1,3
12962_0,15.5,1248.0,19.0,69,24,18,2,6.0,3
12967_0,14.8,1230.0,18.0,78,24,14,2,6.0,5
12978_0,15.7,1253.0,20.0,66,34,33,3,5.9,2
12979_0,16.5,1306.0,20.0,52,24,20,3,5.4,1
13003_0,17.2,1331.0,21.0,40,24,25,2,6.0,3
13008_0,17.1,1361.0,22.0,39,24,28,2,6.4,5
13012_0,15.7,1212.0,18.0,71,34,29,3,5.6,3
13042_0,16.0,1267.0,21.0,62,41,40,3,5.9,5
13044_0,15.3,1257.0,17.0,75,24,16,2,5.8,5
13052_0,16.6,1264.0,20.0,61,34,18,3,5.7,1
13053_0,16.9,1358.0,17.0,63,24,14,4,5.0,2
13058_0,15.6,1214.0,18.0,74,41,13,2,6.0,5
13060_0,16.8,1316.0,20.0,49,34,26,4,6.5,2
13062_0,15.6,1245.0,20.0,67,24,16,2,5.9,5
13064_0,15.5,1249.0,19.0,69,41,13,2,6.1,1
13069_0,16.1,1276.0,20.0,63,34,28,4,6.4,1
13079_0,13.6,1193.0,16.0,227,21,14,3,6.0,3
13088_0,14.3,1187.0,17.0,171,22,15,5,5.7,5
13103_0,15.9,1250.0,19.0,70,24,12,2,6.0,5
13112_0,15.1,1253.0,18.0,74,41,16,2,5.9,5
13117_0,15.8,1216.0,19.0,70,24,20,2,6.1,5
13151_0,17.3,1381.0,21.0,46,24,24,4,5.6,1
13153_0,14.4,1202.0,16.0,88,34,16,2,6.1,3
13162_0,16.8,1314.0,20.0,45,41,28,5,6.0,1
13173_0,15.5,1207.0,18.0,79,24,21,2,6.1,1
13176_0,17.1,1329.0,20.0,44,24,28,10,6.1,99
13182_0,14.3,1176.0,17.0,176,21,14,2,5.5,5
13193_0,15.5,1249.0,19.0,67,34,36,4,5.6,3
13197_0,16.1,1403.0,20.0,114,21,14,2,5.3,2
13213_0,14.9,1235.0,18.0,79,24,18,2,6.2,2
13228_0,16.1,1259.0,21.0,63,24,36,3,6.1,1
13230_0,16.7,1348.0,21.0,50,34,34,2,5.8,1
13232_0,13.6,1152.0,16.0,168,31,15,2,5.4,1
13233_0,14.9,1239.0,18.0,76,34,24,2,6.3,5
13314_0,17.2,1395.0,22.0,36,34,32,4,6.3,3
13317_0,16.2,1321.0,20.0,54,34,16,2,6.0,3
13325_0,16.7,1418.0,21.0,107,31,13,5,5.3,2
13336_0,16.0,1281.0,20.0,64,34,20,2,5.9,1
13368_0,16.2,1393.0,20.0,68,34,18,2,5.5,1
13411_0,16.8,1355.0,21.0,44,34,41,3,6.0,5
13426_0,16.8,1367.0,21.0,55,24,18,3,5.6,2
13448_0,16.3,1373.0,20.0,46,34,32,3,6.3,5
13471_0,16.4,1362.0,20.0,47,24,40,5,5.8,1
13472_0,15.7,1216.0,19.0,93,41,17,3,5.4,3
13477_0,16.1,1272.0,20.0,53,24,29,2,6.0,5
13480_0,17.0,1346.0,21.0,47,24,38,4,6.2,5
13525_0,14.7,1209.0,17.0,88,24,18,2,5.9,1
13534_0,16.0,1301.0,21.0,62,34,33,2,6.1,5
13543_0,14.6,1205.0,17.0,182,21,15,2,5.8,5
13577_0,16.0,1308.0,21.0,58,34,29,2,6.8,1
13586_0,16.4,1376.0,20.0,52,24,14,2,5.7,2
13592_0,14.9,1246.0,18.0,138,21,14,5,5.1,3
13593_0,16.4,1377.0,20.0,49,24,16,2,5.8,3
13621_0,14.7,1204.0,17.0,80,34,17,2,5.9,3
13631_0,15.7,1209.0,18.0,78,34,14,2,6.1,3
13636_0,16.9,1321.0,20.0,52,24,25,4,5.9,3
13663_0,16.2,1277.0,20.0,69,21,23,4,6.7,5
13678_0,16.8,1265.0,19.0,57,41,31,5,6.1,3
13680_0,16.0,1384.0,20.0,90,21,17,3,5.4,3
13687_0,14.0,1199.0,16.0,150,41,14,4,5.8,1
13696_0,16.8,1354.0,21.0,43,24,44,4,5.7,5
13720_0,16.1,1264.0,19.0,59,34,29,4,6.2,3
13729_0,14.8,1226.0,18.0,79,34,25,2,6.0,99
13763_0,15.3,1250.0,19.0,72,24,20,3,6.1,1
13787_0,15.9,1263.0,20.0,67,24,30,2,6.3,2
13808_0,15.7,1267.0,19.0,76,21,23,2,6.3,1
13817_0,16.2,1291.0,19.0,89,24,25,2,6.1,3
13819_0,16.1,1289.0,21.0,55,41,24,0,7.6,5
13826_0,17.3,1390.0,21.0,37,34,18,2,5.8,5
13832_0,16.0,1287.0,20.0,64,24,19,2,5.8,3
13838_0,15.2,1254.0,17.0,78,24,20,2,5.7,5
13877_0,16.3,1277.0,20.0,53,34,30,7,6.3,1
13894_0,16.1,1291.0,21.0,61,34,23,2,6.4,2
13899_0,16.4,1353.0,20.0,52,24,18,2,5.7,1
13914_0,16.0,1237.0,20.0,72,34,20,2,6.2,5
13916_0,15.7,1259.0,20.0,68,34,42,3,6.1,3
13945_0,14.4,1210.0,17.0,193,21,19,4,5.5,3
13946_0,15.9,1259.0,20.0,62,21,44,4,5.7,5
13949_0,17.1,1398.0,21.0,43,34,22,4,5.6,99
13959_0,15.4,1252.0,19.0,69,34,16,2,5.7,5
13969_0,15.8,1223.0,19.0,74,24,19,2,6.0,5
13973_0,16.3,1367.0,20.0,50,24,31,2,6.0,2
14005_0,16.0,1303.0,21.0,61,34,16,2,6.1,3
14029_0,16.7,1338.0,20.0,44,41,25,2,5.8,5
14031_0,16.2,1269.0,20.0,58,34,28,7,6.4,3
14036_0,15.3,1202.0,18.0,75,24,23,4,5.5,1
14060_0,15.6,1219.0,19.0,103,24,14,2,5.4,5
14103_0,16.8,1350.0,21.0,45,34,38,2,6.1,5
14104_0,16.5,1308.0,20.0,52,24,21,3,5.6,1
14113_0,15.4,1257.0,18.0,75,24,25,2,5.6,3
14125_0,14.8,1216.0,17.0,100,41,24,6,5.9,2
14128_0,15.0,1244.0,18.0,80,34,12,2,6.0,5
14131_0,16.3,1280.0,20.0,62,34,16,2,5.9,5
14181_0,16.1,1288.0,21.0,59,24,37,3,6.6,5
14220_0,16.0,1281.0,21.0,60,34,40,5,6.0,3
14229_0,16.0,1261.0,19.0,63,34,20,2,5.6,3
14244_0,15.3,1248.0,19.0,74,24,21,2,6.2,5
14245_0,15.9,1236.0,20.0,64,41,22,4,6.3,3
14252_0,16.5,1312.0,20.0,49,34,29,10,6.0,3
14262_0,14.6,1205.0,17.0,87,34,19,2,6.1,5
14277_0,16.1,1258.0,19.0,60,24,18,2,6.0,5
14278_0,17.0,1339.0,19.0,41,24,14,2,5.8,99
14293_0,16.2,1300.0,20.0,51,34,16,3,5.6,5
14300_0,16.6,1316.0,20.0,44,24,39,5,5.9,1
14316_0,14.9,1248.0,18.0,82,41,38,4,5.7,5
14368_0,15.1,1239.0,18.0,98,32,15,2,5.4,5
14377_0,17.0,1358.0,21.0,40,34,37,4,6.3,5
14381_0,15.9,1257.0,20.0,68,34,42,5,5.7,5
14384_0,15.7,1259.0,19.0,69,24,18,2,6.0,5
14397_0,16.0,1276.0,21.0,59,24,37,3,5.9,3
14404_0,15.8,1246.0,20.0,63,34,37,4,6.0,3
14421_0,16.0,1286.0,20.0,61,34,20,3,6.2,5
14427_0,14.0,1202.0,16.0,181,31,14,3,5.5,1
14449_0,16.1,1275.0,19.0,57,24,21,2,6.2,5
14459_0,16.1,1250.0,20.0,63,24,14,2,6.0,3
14477_0,16.6,1340.0,20.0,46,24,38,4,6.2,5
14494_0,16.2,1416.0,20.0,116,21,16,4,4.9,99
14498_0,16.8,1377.0,21.0,48,34,17,2,5.8,5
14509_0,16.1,1251.0,20.0,72,24,15,2,5.6,5
14520_0,15.8,1235.0,17.0,70,24,14,2,5.8,5
14547_0,15.7,1248.0,19.0,66,34,33,3,6.1,5
14552_0,16.0,1298.0,21.0,69,34,13,2,5.9,5
14563_0,16.2,1286.0,20.0,57,24,25,2,6.2,5
14569_0,15.3,1203.0,18.0,78,24,20,3,6.0,5
14578_0,16.9,1316.0,20.0,50,24,21,3,6.1,5
14589_0,16.1,1322.0,20.0,57,24,13,2,5.9,5
14596_0,16.7,1314.0,20.0,60,24,29,5,6.4,5
14604_0,15.8,1244.0,20.0,62,24,34,3,5.8,3
14608_0,16.5,1383.0,20.0,49,34,14,2,6.0,3
14619_0,15.9,1218.0,19.0,70,24,18,2,6.0,5
14623_0,15.7,1239.0,19.0,67,24,15,2,5.8,1
14655_0,16.1,1311.0,20.0,61,34,17,2,5.5,3
14665_0,15.9,1246.0,18.0,63,34,15,2,5.8,5
14666_0,16.1,1283.0,21.0,62,24,27,3,6.3,1
14685_0,16.9,1326.0,21.0,52,24,19,6,5.9,3
14690_0,15.9,1246.0,19.0,62,41,14,2,5.8,99
14728_0,15.9,1259.0,20.0,122,21,13,3,5.2,5
14737_0,17.0,1330.0,21.0,43,24,27,2,5.7,2
14739_0,16.2,1391.0,20.0,77,31,16,2,5.1,5
14744_0,16.8,1348.0,21.0,44,24,33,2,6.1,5
14747_0,16.1,1282.0,20.0,77,21,17,2,5.4,5
14755_0,16.0,1294.0,20.0,66,34,15,2,6.1,3
14757_0,16.8,1317.0,20.0,37,42,28,10,6.7,1
14760_0,16.8,1272.0,19.0,59,34,29,3,5.8,5
14761_0,14.9,1190.0,17.0,111,41,19,4,5.8,5
14763_0,16.9,1278.0,18.0,58,24,20,1,5.6,5
14788_0,16.5,1285.0,20.0,57,41,27,9,5.9,2
14790_0,15.9,1250.0,20.0,64,24,44,6,5.6,5
14797_0,16.1,1279.0,20.0,56,34,35,3,6.0,5
14803_0,15.9,1286.0,20.0,86,34,13,2,5.6,3
14811_0,16.9,1359.0,21.0,45,24,25,2,5.8,3
14838_0,15.9,1262.0,19.0,63,41,28,4,5.8,2
14840_0,14.9,1240.0,18.0,76,34,25,2,6.7,1
14855_0,16.9,1373.0,21.0,44,24,23,2,6.2,3
14866_0,15.7,1217.0,18.0,75,24,24,2,5.9,3
14870_0,16.3,1278.0,20.0,57,41,21,6,5.7,5
14891_0,16.1,1332.0,20.0,62,34,15,2,5.7,5
14901_0,16.6,1387.0,21.0,55,34,14,2,6.0,5
14903_0,16.1,1270.0,19.0,63,24,19,2,5.8,1
14938_0,15.4,1260.0,18.0,78,24,17,2,5.8,5
14951_0,16.8,1355.0,21.0,45,41,23,2,6.0,3
14952_0,15.3,1252.0,18.0,73,34,32,4,6.5,1
14958_0,16.9,1335.0,21.0,43,24,44,4,6.2,99
14972_0,16.0,1323.0,20.0,101,41,19,2,6.0,5
14973_0,16.0,1236.0,19.0,73,41,18,3,5.9,99
14987_0,15.2,1254.0,17.0,75,34,18,2,5.9,2
15011_0,16.0,1296.0,21.0,56,42,24,3,5.6,3
15020_0,13.8,1171.0,16.0,179,31,16,4,5.9,3
15027_0,13.9,1184.0,16.0,179,21,17,4,6.0,5
15062_0,16.3,1379.0,20.0,55,34,19,2,6.1,5
15075_0,14.3,1200.0,17.0,195,22,22,5,5.5,5
15100_0,16.0,1366.0,20.0,76,34,17,2,5.9,3
15104_0,15.2,1197.0,18.0,82,24,13,2,6.3,5
15111_0,16.4,1341.0,20.0,51,21,26,3,6.3,99
15128_0,15.8,1251.0,20.0,65,34,38,4,6.2,5
15133_0,16.0,1283.0,20.0,84,31,19,2,5.2,5
15135_0,16.0,1286.0,21.0,58,34,47,3,5.4,5
15138_0,16.1,1269.0,20.0,60,34,21,2,6.1,3
15145_0,16.1,1257.0,20.0,71,34,25,10,6.0,5
15146_0,17.0,1334.0,21.0,38,34,38,4,6.0,5
15171_0,16.0,1235.0,20.0,71,24,19,3,6.2,1
15179_0,16.9,1341.0,21.0,43,34,32,4,6.1,5
15182_0,15.9,1282.0,20.0,93,24,16,3,5.3,5
15193_0,16.7,1271.0,20.0,63,24,20,2,5.9,2
15210_0,17.0,1397.0,21.0,43,34,30,2,5.6,5
15213_0,14.7,1209.0,17.0,90,34,20,2,6.3,5
15219_0,16.3,1354.0,21.0,49,41,41,2,6.1,5
15234_0,16.3,1355.0,21.0,54,34,44,2,5.9,3
15237_0,16.9,1377.0,22.0,44,24,17,2,6.2,5
15270_0,15.8,1257.0,20.0,67,34,42,5,5.9,5
15322_0,15.2,1255.0,18.0,71,24,42,5,6.8,5
15350_0,17.0,1339.0,19.0,43,24,18,2,5.6,5
15356_0,15.9,1229.0,19.0,64,34,18,3,5.8,5
15361_0,13.6,1179.0,16.0,160,21,16,2,5.9,5
15364_0,13.2,1177.0,16.0,261,21,14,3,5.7,3
15367_0,16.0,1322.0,20.0,122,24,15,2,5.2,5
15388_0,15.6,1248.0,19.0,66,24,12,2,6.0,3
15393_0,16.8,1323.0,21.0,43,34,42,4,6.0,5
15402_0,15.8,1215.0,19.0,79,34,14,2,5.5,5
15427_0,16.1,1278.0,20.0,68,34,26,4,5.8,3
15430_0,14.9,1203.0,17.0,79,34,18,2,6.6,1
15439_0,15.9,1228.0,18.0,70,41,23,3,6.2,5
15449_0,15.9,1283.0,20.0,95,34,13,2,5.5,3
15457_0,15.9,1223.0,19.0,75,34,30,3,6.0,5
15465_0,15.4,1253.0,18.0,70,24,38,2,5.9,5
15476_0,15.4,1257.0,18.0,70,34,34,2,6.1,5
15482_0,17.0,1366.0,22.0,41,34,43,3,6.6,1
15483_0,16.0,1281.0,20.0,74,24,30,9,6.8,5
15490_0,14.8,1227.0,18.0,78,34,29,2,6.2,3
15496_0,16.6,1315.0,20.0,42,24,35,3,6.5,2
15501_0,17.0,1283.0,18.0,54,24,29,3,6.0,1
15509_0,14.9,1246.0,18.0,75,34,21,2,6.0,3
15516_0,15.8,1231.0,19.0,65,34,11,2,5.9,5
15539_0,15.8,1333.0,20.0,119,31,14,2,5.3,1
15553_0,17.1,1363.0,22.0,38,34,31,4,6.2,1
15554_0,16.0,1256.0,21.0,60,24,34,2,6.0,5
15556_0,17.2,1380.0,21.0,37,34,15,2,6.1,99
15558_0,16.3,1278.0,20.0,48,24,17,2,5.8,2
15562_0,16.7,1348.0,21.0,48,34,18,2,5.9,3
15583_0,14.1,1178.0,16.0,143,31,13,3,6.3,5
15585_0,17.1,1303.0,18.0,49,34,27,2,6.0,5
15593_0,14.1,1195.0,16.0,176,21,13,3,5.5,3
15594_0,15.5,1212.0,17.0,74,34,22,3,6.3,5
15604_0,16.1,1270.0,20.0,64,24,21,2,6.0,5
15605_0,16.6,1289.0,19.0,63,21,21,3,5.3,1
15627_0,17.1,1393.0,22.0,40,34,40,3,6.0,5
15630_0,14.7,1206.0,16.0,85,41,20,3,6.0,2
15633_0,16.1,1275.0,19.0,54,34,23,2,6.1,5
15640_0,16.8,1314.0,20.0,51,34,23,6,6.4,5
15641_0,16.1,1262.0,19.0,62,34,21,2,6.0,2
15649_0,14.6,1199.0,17.0,160,31,15,2,5.6,5
15654_0,16.1,1282.0,21.0,60,34,43,4,5.5,3
15659_0,17.1,1343.0,19.0,47,34,25,3,5.7,5
15660_0,16.4,1359.0,20.0,50,34,35,3,6.2,5
15662_0,16.0,1345.0,21.0,56,41,32,8,6.5,5
15675_0,16.0,1363.0,20.0,74,31,16,2,6.0,5
15680_0,17.1,1328.0,20.0,41,34,42,2,6.1,5
15683_0,16.1,1331.0,21.0,55,41,18,2,6.0,1
15684_0,16.3,1328.0,20.0,50,34,23,2,6.0,5
15685_0,15.8,1378.0,20.0,112,21,14,2,5.4,3
15744_0,15.0,1244.0,18.0,77,24,11,2,6.0,3
15748_0,16.2,1359.0,21.0,53,24,32,3,6.3,5
15779_0,16.0,1242.0,19.0,68,24,18,3,5.8,5
15806_0,15.5,1249.0,19.0,67,34,30,2,6.7,2
15812_0,16.6,1343.0,21.0,52,24,23,2,5.8,99
15813_0,16.3,1271.0,20.0,60,42,18,3,5.3,5
15816_0,17.2,1392.0,22.0,35,34,31,3,6.0,1
15821_0,16.1,1271.0,20.0,75,34,25,4,6.5,5
15828_0,16.6,1377.0,20.0,47,34,33,4,5.9,5
15829_0,15.8,1217.0,19.0,91,21,12,2,5.5,3
15840_0,17.1,1396.0,22.0,40,24,30,3,5.8,1
15858_0,15.5,1215.0,18.0,71,24,26,3,6.2,1
15859_0,17.2,1311.0,17.0,48,24,23,2,5.6,1
15866_0,16.0,1309.0,20.0,61,34,15,2,5.8,5
15868_0,17.0,1355.0,22.0,39,34,38,5,6.3,1
15876_0,15.9,1378.0,20.0,99,21,15,2,5.7,5
15881_0,15.8,1245.0,20.0,67,24,22,2,6.2,5
15914_0,15.4,1210.0,18.0,78,24,22,2,6.1,1
15918_0,16.8,1320.0,20.0,57,24,24,6,5.7,5
15920_0,15.8,1213.0,18.0,74,41,19,3,6.1,99
15926_0,14.9,1244.0,18.0,77,21,36,4,5.9,2
15929_0,16.1,1271.0,19.0,62,34,23,2,5.8,5
15940_0,15.7,1243.0,20.0,75,24,26,6,5.4,5
15945_0,16.5,1339.0,20.0,50,24,19,2,5.9,3
15961_0,15.6,1219.0,18.0,70,41,16,3,5.9,1
15968_0,16.0,1262.0,20.0,63,34,17,2,5.8,5
15973_0,17.4,1386.0,22.0,37,34,23,2,5.8,5
15977_0,17.3,1387.0,22.0,36,24,41,2,5.9,5
16001_0,16.1,1246.0,20.0,67,34,27,4,5.6,5
16013_0,15.0,1221.0,17.0,81,34,28,2,6.0,3
16018_0,16.5,1266.0,20.0,57,34,17,2,5.7,5
16025_0,16.5,1314.0,20.0,45,24,28,2,6.4,5
16063_0,16.9,1315.0,20.0,45,24,37,2,5.7,5
16081_0,15.5,1207.0,18.0,78,34,14,2,6.0,1
16110_0,16.8,1348.0,21.0,47,34,35,3,5.8,5
16111_0,15.4,1254.0,18.0,70,34,38,4,6.3,3
16118_0,15.2,1253.0,18.0,72,24,34,4,6.6,5
16146_0,16.8,1265.0,20.0,69,24,29,3,5.7,1
16151_0,16.7,1338.0,20.0,45,24,27,2,6.0,5
16178_0,16.8,1270.0,20.0,66,24,21,2,5.7,5
16200_0,15.9,1290.0,20.0,109,21,14,2,5.2,3
16246_0,16.8,1383.0,21.0,43,34,20,2,6.1,3
16255_0,15.0,1239.0,18.0,77,41,19,2,5.8,2
16263_0,17.0,1302.0,18.0,54,41,19,2,5.8,2
16269_0,15.2,1253.0,18.0,72,34,40,3,6.2,5
16348_0,15.2,1249.0,18.0,73,41,10,2,6.0,99
16358_0,16.9,1303.0,19.0,56,34,21,2,6.0,5
16367_0,16.9,1393.0,21.0,39,24,25,2,6.0,5
16369_0,14.5,1203.0,16.0,91,41,10,2,5.9,5
16370_0,15.9,1228.0,19.0,67,24,19,2,5.8,1
16392_0,15.4,1259.0,18.0,72,41,23,2,6.0,1
16402_0,16.4,1277.0,20.0,68,34,14,2,5.5,3
16406_0,15.0,1248.0,18.0,82,24,31,7,5.8,5
16416_0,16.2,1272.0,20.0,48,24,14,2,5.9,5
16430_0,15.1,1251.0,18.0,76,34,12,2,6.0,3
16437_0,16.1,1322.0,21.0,60,31,35,4,6.0,5
16454_0,16.8,1347.0,21.0,46,24,20,3,6.0,5
16461_0,17.2,1383.0,21.0,41,34,15,2,6.0,5
16501_0,15.6,1247.0,20.0,76,41,36,7,5.5,3
16513_0,16.1,1317.0,20.0,62,24,12,3,6.0,99
16544_0,16.1,1308.0,20.0,53,34,15,2,5.8,5
16558_0,15.9,1389.0,20.0,111,24,13,2,5.4,5
16564_0,15.3,1252.0,18.0,68,24,26,10,6.7,5
16566_0,16.8,1351.0,21.0,52,24,22,3,5.6,99
16576_0,16.1,1260.0,20.0,63,34,20,3,6.1,99
16597_0,16.1,1279.0,21.0,60,24,39,4,5.7,5
16602_0,16.1,1244.0,20.0,66,34,29,5,6.4,5
16611_0,16.0,1290.0,21.0,59,24,25,0,6.7,1
16614_0,16.0,1279.0,20.0,68,34,34,10,5.9,5
16647_0,17.0,1319.0,19.0,48,24,15,2,5.8,5
16657_0,17.0,1380.0,22.0,42,24,24,2,5.9,5
16662_0,16.7,1271.0,20.0,63,34,19,3,5.3,5
16680_0,16.0,1294.0,21.0,61,24,27,4,6.0,3
16681_0,16.8,1348.0,21.0,49,24,39,2,5.8,5
16718_0,16.7,1343.0,21.0,46,24,26,3,5.6,3
16723_0,16.9,1338.0,21.0,43,24,27,2,6.0,3
16746_0,16.1,1249.0,20.0,66,24,13,2,5.8,5
16763_0,15.8,1334.0,20.0,87,34,17,2,5.8,3
16766_0,16.2,1349.0,21.0,43,41,27,10,6.9,5
16767_0,16.5,1312.0,20.0,48,34,29,10,6.4,2
16779_0,16.5,1327.0,20.0,58,24,21,3,6.1,5
16780_0,14.8,1219.0,17.0,86,41,21,3,6.6,5
16783_0,16.8,1351.0,21.0,46,34,38,2,6.2,2
16808_0,16.0,1331.0,21.0,71,24,27,5,6.5,5
16822_0,16.0,1276.0,20.0,62,41,21,3,5.6,1
16842_0,15.9,1233.0,19.0,69,41,18,2,5.9,3
16855_0,15.2,1255.0,18.0,67,41,43,7,6.3,1
16857_0,16.2,1355.0,21.0,55,41,24,2,5.5,1
16861_0,15.7,1249.0,20.0,65,34,33,4,6.3,5
16869_0,15.4,1250.0,19.0,72,24,12,2,5.8,2
16871_0,15.7,1218.0,18.0,70,34,23,3,6.3,99
16880_0,15.8,1256.0,20.0,67,24,45,4,5.8,2
16894_0,17.4,1380.0,22.0,32,34,45,2,6.1,5
16904_0,14.9,1235.0,18.0,82,34,14,2,5.8,2
16909_0,16.0,1283.0,20.0,73,34,28,6,6.1,3
16913_0,17.0,1368.0,22.0,41,34,43,3,6.3,2
16915_0,15.9,1222.0,19.0,75,34,21,3,6.0,5
16922_0,16.1,1301.0,22.0,61,34,35,3,6.2,1
16939_0,15.2,1215.0,17.0,81,41,28,1,6.2,5
16940_0,15.5,1271.0,18.0,79,41,31,4,6.0,3
16960_0,16.0,1268.0,21.0,64,34,18,2,5.7,5
16974_0,16.3,1402.0,21.0,100,21,15,2,5.4,5
16979_0,16.1,1260.0,21.0,58,41,36,2,6.6,3
16981_0,17.0,1405.0,21.0,98,22,17,4,5.3,5
16983_0,16.1,1265.0,19.0,68,24,15,2,5.7,99
16984_0,15.0,1208.0,18.0,117,21,18,2,5.8,5
17003_0,16.0,1306.0,20.0,94,41,25,4,5.4,5
17009_0,17.0,1375.0,22.0,43,24,43,4,6.0,1
17011_0,15.7,1217.0,18.0,73,24,31,5,6.1,5
17019_0,16.1,1255.0,20.0,69,24,20,3,5.7,5
17022_0,17.0,1319.0,20.0,44,24,18,2,5.7,1
17033_0,14.4,1179.0,17.0,139,21,15,3,6.0,5
17047_0,14.3,1176.0,17.0,180,31,15,2,5.8,1
17078_0,17.0,1352.0,21.0,44,24,42,2,5.8,5
17093_0,15.5,1264.0,18.0,71,34,28,5,6.9,3
17111_0,14.8,1222.0,17.0,178,31,16,3,5.5,5
17112_0,16.8,1324.0,20.0,46,24,24,7,6.0,1
17123_0,16.1,1278.0,20.0,62,41,29,4,5.8,5
17135_0,16.1,1264.0,20.0,67,24,17,2,5.8,5
17185_0,16.5,1269.0,20.0,64,24,17,2,5.6,5
17192_0,16.1,1330.0,20.0,62,24,17,2,5.6,1
17240_0,16.1,1244.0,20.0,74,34,16,2,5.8,3
17277_0,15.3,1244.0,19.0,73,24,26,3,6.2,3
17283_0,15.8,1334.0,20.0,121,21,21,2,5.3,5
17335_0,16.0,1324.0,21.0,65,21,30,4,6.0,5
17343_0,15.9,1235.0,20.0,61,24,18,3,6.1,5
17361_0,15.4,1211.0,18.0,82,34,15,3,5.6,99
17369_0,16.8,1264.0,19.0,63,24,15,3,5.9,5
17371_0,17.1,1324.0,19.0,41,34,44,5,6.6,5
17414_0,17.3,1382.0,21.0,35,24,32,4,6.0,5
17422_0,16.3,1307.0,20.0,57,41,20,4,5.3,1
17430_0,16.9,1342.0,17.0,61,21,14,3,4.8,5
17436_0,16.1,1322.0,20.0,91,21,13,2,5.3,1
17439_0,15.0,1212.0,17.0,85,24,29,4,5.9,2
17459_0,16.2,1281.0,20.0,61,24,17,3,5.7,1
17463_0,16.8,1267.0,20.0,62,34,14,3,5.6,3
17466_0,15.9,1235.0,20.0,64,34,13,3,6.5,5
17477_0,16.7,1395.0,21.0,51,34,18,2,5.8,5
17505_0,16.7,1363.0,21.0,46,34,21,2,5.8,2
17506_0,15.6,1291.0,19.0,130,21,14,2,5.5,5
17534_0,14.9,1237.0,18.0,78,34,36,3,6.4,3
17542_0,15.9,1264.0,20.0,68,24,17,2,5.8,5
17544_0,14.9,1230.0,18.0,117,21,15,3,5.4,1
17545_0,16.0,1315.0,20.0,63,24,11,2,5.8,3
17555_0,16.6,1327.0,20.0,54,24,26,10,6.1,2
17560_0,15.6,1248.0,19.0,70,24,23,2,6.1,3
17566_0,16.4,1265.0,20.0,62,34,30,5,6.5,3
17567_0,16.8,1362.0,21.0,45,24,43,2,5.7,99
17581_0,16.0,1317.0,20.0,106,24,13,2,5.5,99
17585_0,16.1,1258.0,20.0,66,41,29,4,6.7,3
17638_0,16.7,1312.0,20.0,53,34,27,6,6.6,5
17668_0,15.5,1224.0,17.0,71,34,27,4,6.1,1
17682_0,16.0,1260.0,20.0,64,24,22,2,6.1,1
17706_0,15.6,1235.0,17.0,69,24,18,2,5.9,3
17715_0,15.5,1248.0,19.0,70,24,19,3,6.4,5
17724_0,15.9,1228.0,19.0,69,34,12,2,5.8,5
17726_0,15.4,1240.0,18.0,98,41,13,2,5.5,1
17736_0,16.1,1288.0,19.0,96,21,23,3,5.2,5
17741_0,15.9,1232.0,20.0,62,41,23,3,6.1,2
17749_0,16.2,1349.0,21.0,50,41,40,6,6.0,5
17752_0,15.6,1207.0,18.0,73,34,25,2,6.0,5
17758_0,15.8,1238.0,20.0,63,34,12,2,6.1,3
17759_0,16.7,1338.0,21.0,43,24,30,2,6.2,1
17762_0,16.5,1411.0,21.0,82,42,18,4,5.8,5
17778_0,15.6,1247.0,19.0,71,24,13,2,6.0,3
17796_0,15.8,1223.0,19.0,69,41,22,2,6.0,5
17801_0,15.6,1211.0,18.0,74,41,22,2,5.8,3
17802_0,16.9,1352.0,17.0,65,24,18,5,5.0,5
17814_0,15.9,1302.0,20.0,98,24,17,2,5.3,3
17824_0,16.5,1270.0,20.0,66,24,17,2,6.0,2
17828_0,16.0,1242.0,20.0,62,34,22,3,5.9,5
17846_0,15.2,1210.0,18.0,87,34,25,7,5.3,5
17853_0,16.3,1290.0,20.0,55,34,32,5,5.9,5
17866_0,15.4,1252.0,19.0,69,34,14,2,6.1,3
17873_0,16.4,1265.0,20.0,60,24,15,2,5.7,1
17897_0,17.1,1331.0,21.0,45,24,22,3,5.8,5
17907_0,16.1,1259.0,21.0,66,24,16,2,5.9,3
17959_0,14.9,1241.0,18.0,76,24,41,2,6.5,3
17967_0,16.1,1306.0,20.0,92,41,34,3,6.1,5
17970_0,16.0,1273.0,20.0,65,24,34,5,6.4,5
17974_0,16.8,1316.0,20.0,61,24,24,7,6.3,99
17977_0,16.3,1277.0,20.0,54,24,31,6,5.9,1
17980_0,16.0,1294.0,20.0,61,34,20,7,6.0,3
17985_0,15.6,1249.0,19.0,69,24,14,2,6.2,3
17990_0,16.2,1314.0,20.0,57,34,20,2,5.4,5
17994_0,16.6,1359.0,21.0,48,34,25,3,6.4,3
17997_0,16.0,1296.0,21.0,57,41,26,3,6.2,5
18022_0,16.0,1289.0,20.0,64,24,18,3,6.1,3
18033_0,16.0,1277.0,20.0,75,34,24,9,6.0,1
18038_0,16.2,1285.0,20.0,54,34,17,4,5.3,5
18039_0,15.7,1220.0,18.0,74,24,35,4,6.1,5
18055_0,16.7,1411.0,21.0,75,24,15,2,5.6,1
18068_0,17.2,1396.0,21.0,46,34,24,5,5.7,1
18069_0,15.7,1208.0,18.0,74,24,21,8,6.9,5
18074_0,15.0,1249.0,18.0,74,24,38,5,5.7,3
18086_0,16.1,1265.0,21.0,62,34,41,3,6.1,5
18106_0,15.3,1253.0,18.0,73,24,36,3,6.0,5
18113_0,15.1,1205.0,17.0,76,34,25,3,6.3,5
18119_0,17.2,1360.0,22.0,39,24,22,3,5.9,5
18134_0,17.0,1395.0,21.0,40,24,33,3,6.2,1
18135_0,17.3,1388.0,22.0,33,24,29,3,6.0,5
18137_0,15.4,1251.0,19.0,68,34,34,3,6.2,5
18139_0,15.4,1208.0,18.0,73,34,19,2,6.4,1
18146_0,15.8,1241.0,20.0,65,34,26,8,6.5,1
18147_0,15.0,1211.0,18.0,103,21,17,2,6.0,3
18173_0,13.7,1153.0,16.0,161,21,14,2,5.8,1
18177_0,16.0,1268.0,19.0,61,34,18,3,5.9,3
18190_0,14.6,1202.0,16.0,85,41,18,3,6.4,5
18195_0,14.4,1214.0,16.0,131,31,18,2,5.9,99
18220_0,17.0,1383.0,21.0,37,41,26,2,6.3,5
18231_0,16.6,1384.0,20.0,42,41,30,7,6.3,99
18241_0,14.4,1174.0,17.0,97,41,15,2,6.2,1
18245_0,17.0,1392.0,22.0,41,24,38,4,5.7,1
18255_0,17.1,1320.0,18.0,48,24,16,2,5.6,3
18283_0,14.9,1252.0,18.0,81,41,21,3,5.7,3
18314_0,16.3,1277.0,20.0,66,24,13,2,5.7,5
18321_0,14.7,1211.0,18.0,91,24,20,2,5.8,3
18322_0,15.4,1201.0,18.0,78,24,22,4,6.0,5
18325_0,15.5,1212.0,18.0,78,24,21,2,5.9,5
18354_0,14.8,1229.0,18.0,78,34,15,2,6.3,1
18355_0,16.0,1272.0,19.0,62,34,28,7,6.0,5
18362_0,16.0,1320.0,21.0,62,24,26,3,6.2,5
18368_0,15.0,1201.0,17.0,79,24,13,2,6.0,3
18380_0,15.3,1258.0,18.0,79,24,23,3,5.6,5
18393_0,15.9,1237.0,19.0,65,24,31,2,5.9,3
18401_0,16.1,1278.0,20.0,55,24,22,2,6.4,2
18416_0,16.1,1396.0,20.0,86,21,19,2,5.5,2
18422_0,15.5,1249.0,19.0,66,41,16,2,6.0,5
18428_0,16.5,1268.0,20.0,59,24,22,3,6.4,1
18448_0,16.9,1322.0,20.0,54,34,22,6,5.9,99
18461_0,16.1,1255.0,20.0,67,24,22,2,6.0,99
18463_0,14.2,1181.0,16.0,141,31,15,3,5.9,5
18464_0,16.0,1282.0,21.0,62,24,30,2,6.5,5
18474_0,15.4,1253.0,18.0,70,24,12,2,6.0,5
18480_0,16.8,1363.0,21.0,48,24,18,2,6.0,5
18491_0,15.1,1253.0,18.0,74,24,12,2,6.1,3
18492_0,16.0,1272.0,21.0,60,34,45,4,5.9,1
18498_0,15.8,1214.0,19.0,75,34,20,2,6.2,3
18503_0,16.7,1365.0,21.0,50,24,17,2,5.8,5
18507_0,17.1,1314.0,18.0,43,24,39,4,6.4,99
18516_0,16.1,1247.0,20.0,79,24,15,2,5.8,3
18518_0,15.0,1242.0,18.0,76,24,12,2,6.2,1
18524_0,16.5,1334.0,20.0,57,34,28,6,6.1,5
18528_0,16.8,1382.0,21.0,40,34,35,2,6.4,1
18540_0,16.4,1362.0,20.0,49,34,38,3,6.0,3
18550_0,15.5,1280.0,18.0,81,24,22,5,6.4,99
18556_0,16.1,1254.0,20.0,64,34,31,10,5.3,5
18559_0,14.6,1206.0,16.0,92,34,11,2,6.1,2
18583_0,16.9,1309.0,20.0,58,24,32,6,6.2,3
18586_0,16.6,1419.0,21.0,84,21,17,2,5.9,5
18594_0,15.8,1265.0,19.0,69,24,28,4,6.6,5
18595_0,16.1,1310.0,22.0,61,24,21,2,6.0,5
18598_0,17.1,1397.0,21.0,42,41,27,2,6.0,3
18603_0,15.9,1249.0,19.0,67,34,10,2,6.0,5
18625_0,16.8,1391.0,21.0,42,41,26,3,6.0,5
18627_0,17.2,1384.0,21.0,38,34,30,5,6.1,3
18630_0,17.3,1387.0,21.0,39,34,26,2,5.7,3
18657_0,15.7,1212.0,18.0,77,24,19,3,6.2,5
18669_0,17.0,1395.0,21.0,38,24,26,3,6.0,2
18676_0,16.9,1323.0,20.0,45,34,29,7,6.1,5
18684_0,16.3,1281.0,20.0,58,34,33,7,6.2,3
18687_0,16.0,1232.0,19.0,63,24,26,4,5.9,5
18700_0,15.6,1214.0,18.0,75,24,25,3,5.9,3
18701_0,14.1,1209.0,16.0,129,31,13,3,5.5,1
18705_0,16.8,1310.0,19.0,54,24,29,7,6.2,2
18721_0,14.8,1225.0,18.0,82,41,15,2,6.4,3
18725_0,16.1,1269.0,20.0,61,24,26,3,6.2,5
18753_0,16.1,1265.0,19.0,56,41,34,5,5.7,99
18760_0,16.1,1291.0,21.0,61,24,18,2,6.1,5
18768_0,17.0,1399.0,21.0,48,24,26,5,5.8,1
18774_0,16.8,1393.0,21.0,44,24,21,3,5.8,5
18792_0,15.5,1267.0,18.0,71,34,35,3,6.4,3
18803_0,15.6,1221.0,18.0,73,24,17,3,5.9,3
18807_0,16.8,1313.0,20.0,46,24,28,7,6.4,1
18813_0,16.5,1317.0,20.0,45,34,35,2,6.6,5
18819_0,15.0,1212.0,17.0,82,24,19,2,6.1,5
18822_0,15.5,1250.0,19.0,69,34,39,3,5.9,5
18837_0,16.4,1351.0,20.0,49,24,22,2,5.8,1
18853_0,13.6,1145.0,16.0,134,42,15,3,6.1,3
18856_0,16.0,1230.0,19.0,71,24,14,3,5.7,5
18862_0,15.3,1204.0,18.0,76,24,20,2,6.1,5
18873_0,16.6,1297.0,20.0,59,24,16,2,5.7,3
18892_0,16.8,1362.0,21.0,47,24,18,2,5.8,5
18901_0,17.3,1389.0,22.0,33,24,36,5,6.1,5
18925_0,15.0,1223.0,17.0,82,24,19,2,6.1,5
18926_0,15.2,1244.0,18.0,75,24,10,2,5.7,2
18928_0,16.2,1284.0,20.0,60,24,15,2,5.8,1
18933_0,15.1,1204.0,17.0,82,41,21,2,5.9,5
18934_0,15.5,1250.0,19.0,70,34,10,2,6.1,1
18937_0,14.8,1235.0,19.0,82,24,14,2,6.0,3
18943_0,16.0,1284.0,19.0,96,21,16,2,5.5,5
18950_0,16.0,1268.0,20.0,65,34,16,3,5.7,5
18964_0,15.7,1239.0,19.0,72,34,20,2,6.1,2
18968_0,14.8,1229.0,18.0,80,41,25,3,6.4,3
18970_0,15.7,1212.0,19.0,99,24,30,3,5.8,3
18977_0,16.5,1272.0,20.0,66,24,20,3,6.1,5
18982_0,16.8,1352.0,21.0,47,24,24,2,6.2,5
19001_0,14.8,1235.0,19.0,83,24,13,2,5.9,5
19007_0,16.1,1347.0,21.0,64,24,24,4,6.2,5
19039_0,16.1,1263.0,20.0,63,24,16,2,5.8,99
19069_0,16.7,1428.0,21.0,109,21,13,3,5.3,5
19082_0,14.5,1204.0,17.0,123,31,17,5,5.5,3
19090_0,15.5,1236.0,19.0,108,21,13,2,5.5,3
19099_0,15.9,1261.0,19.0,62,34,23,2,6.3,5
19104_0,16.2,1330.0,20.0,52,34,20,2,6.0,5
19124_0,16.1,1278.0,20.0,64,24,29,2,6.1,5
19130_0,16.0,1320.0,21.0,52,42,30,3,5.8,3
19149_0,16.4,1278.0,20.0,68,24,13,2,5.8,5
19152_0,16.6,1361.0,21.0,49,24,17,2,5.9,2
19154_0,17.1,1365.0,22.0,39,24,40,4,5.9,5
19159_0,15.8,1395.0,19.0,123,21,11,2,5.3,99
19172_0,15.9,1237.0,19.0,68,34,20,2,5.7,3
19180_0,16.0,1280.0,20.0,79,41,20,4,5.8,1
19182_0,15.8,1290.0,20.0,105,21,13,2,5.6,5
19183_0,15.6,1213.0,18.0,73,24,35,3,5.9,5
19191_0,15.1,1240.0,18.0,72,24,19,2,6.0,5
19222_0,16.6,1321.0,20.0,47,24,33,2,6.4,1
19224_0,17.0,1378.0,22.0,43,24,26,3,5.9,5
19244_0,15.7,1263.0,19.0,72,24,38,3,6.3,3
19257_0,13.3,1147.0,16.0,218,22,14,2,5.4,99
19258_0,16.1,1278.0,20.0,67,34,17,2,5.9,99
19263_0,14.2,1203.0,16.0,143,32,14,5,5.6,2
19278_0,16.2,1288.0,20.0,86,21,20,2,5.2,1
19295_0,17.1,1372.0,22.0,39,24,19,2,5.9,2
19303_0,16.7,1266.0,20.0,63,24,16,3,5.8,5
19309_0,17.1,1327.0,20.0,45,24,20,2,5.7,5
19313_0,16.2,1297.0,20.0,84,41,27,4,5.2,3
19323_0,15.8,1221.0,19.0,69,34,15,3,5.7,3
19326_0,15.9,1338.0,20.0,98,41,12,2,5.4,5
19334_0,16.8,1347.0,21.0,44,34,23,2,6.0,5
19343_0,15.3,1202.0,18.0,81,24,14,2,5.8,2
19347_0,16.9,1393.0,21.0,39,24,29,2,6.0,3
19363_0,15.8,1215.0,19.0,71,41,19,3,6.1,99
19384_0,16.9,1351.0,21.0,43,24,45,4,6.1,99
19391_0,15.1,1252.0,18.0,75,24,39,3,6.8,1
19394_0,16.4,1310.0,20.0,49,34,30,8,6.4,5
19397_0,16.7,1365.0,21.0,48,34,19,2,5.7,3
19402_0,16.5,1303.0,20.0,53,24,31,2,5.7,3
19406_0,14.8,1220.0,19.0,89,24,17,2,5.8,99
19407_0,16.1,1294.0,22.0,61,24,28,2,6.3,5
19433_0,15.9,1233.0,19.0,75,24,15,2,5.8,3
19450_0,16.0,1233.0,19.0,68,24,18,2,5.5,5
19470_0,15.6,1209.0,18.0,76,24,14,2,6.2,5
19472_0,15.5,1225.0,18.0,71,24,14,2,6.0,3
19474_0,15.4,1252.0,19.0,69,41,41,3,5.8,3
19491_0,16.7,1343.0,21.0,49,24,18,2,5.7,5
19518_0,16.1,1359.0,21.0,63,41,22,3,5.5,3
19526_0,15.6,1285.0,19.0,73,34,20,2,5.6,3
19530_0,16.0,1329.0,21.0,80,31,12,3,5.2,2
19544_0,16.0,1305.0,20.0,63,34,13,2,5.8,5
19550_0,17.0,1383.0,22.0,40,24,25,2,5.6,1
19576_0,16.4,1363.0,20.0,51,24,39,3,6.0,99
19602_0,16.5,1326.0,20.0,46,41,41,7,6.3,1
19610_0,15.6,1207.0,18.0,73,34,25,2,6.0,2
19615_0,15.5,1249.0,19.0,68,24,16,3,6.1,5
19616_0,17.1,1379.0,22.0,41,34,25,3,5.9,5
19632_0,17.3,1393.0,22.0,39,31,25,9,5.8,3
19639_0,16.1,1279.0,20.0,53,34,19,4,5.5,5
19669_0,16.9,1364.0,21.0,46,24,28,3,5.9,5
19678_0,16.1,1245.0,20.0,68,24,22,3,6.4,2
19679_0,16.2,1295.0,20.0,52,24,19,2,5.9,5
19680_0,16.0,1255.0,20.0,61,24,29,2,6.0,5
19707_0,16.1,1341.0,21.0,54,34,17,2,6.0,3
19709_0,16.1,1248.0,19.0,63,24,17,2,5.8,5
19713_0,13.8,1184.0,16.0,181,32,14,4,5.8,5
19729_0,14.8,1213.0,16.0,91,24,26,10,5.4,3
19748_0,15.8,1246.0,20.0,62,34,14,2,6.0,1
19753_0,16.7,1334.0,21.0,42,34,42,4,6.4,3
19763_0,17.1,1331.0,19.0,36,34,45,4,6.1,5
19768_0,15.3,1252.0,18.0,71,24,32,4,6.2,5
19827_0,16.3,1355.0,21.0,53,24,26,2,6.1,5
19828_0,15.9,1286.0,20.0,88,24,17,2,5.7,99
19846_0,17.1,1388.0,22.0,40,34,20,2,5.5,5
19867_0,16.1,1302.0,22.0,60,24,32,3,5.7,5
19872_0,16.9,1313.0,19.0,56,21,21,4,5.6,99
19899_0,15.4,1249.0,19.0,72,34,13,2,5.7,1
19907_0,16.1,1274.0,20.0,63,34,35,4,6.8,5
19927_0,16.0,1258.0,19.0,62,24,15,2,5.9,5
19935_0,17.1,1332.0,20.0,50,24,27,7,6.1,5
19936_0,16.5,1270.0,20.0,60,34,16,2,5.8,3
19954_0,16.8,1394.0,21.0,46,34,14,2,6.1,5
19956_0,16.0,1260.0,20.0,65,24,20,2,5.9,1
19992_0,15.7,1252.0,20.0,66,34,29,4,6.5,3
20005_0,16.6,1333.0,20.0,56,34,31,10,6.5,5
20024_0,14.3,1190.0,16.0,122,31,15,4,6.0,1
20030_0,16.1,1261.0,19.0,58,24,18,2,5.9,5
20076_0,16.0,1281.0,21.0,67,34,29,2,6.2,5
20079_0,15.9,1221.0,19.0,74,24,19,2,5.9,5
20114_0,15.4,1252.0,19.0,72,24,13,2,5.9,3
20119_0,14.9,1231.0,18.0,79,24,31,2,6.3,5
20121_0,17.1,1388.0,22.0,40,24,18,2,6.0,5
20131_0,17.1,1332.0,19.0,44,34,48,4,5.7,5
20154_0,16.9,1335.0,21.0,55,24,23,5,5.5,5
20181_0,16.3,1291.0,20.0,56,34,32,7,6.1,5
20214_0,14.8,1223.0,19.0,80,24,18,2,5.9,5
20217_0,16.8,1338.0,21.0,45,41,34,3,5.9,3
20237_0,16.7,1334.0,20.0,44,24,30,2,6.3,1
20272_0,15.7,1214.0,18.0,103,21,19,2,5.5,1
20273_0,16.0,1347.0,20.0,72,34,16,2,5.8,5
20294_0,16.6,1381.0,20.0,58,24,23,4,5.2,5
20313_0,14.5,1206.0,16.0,92,41,21,4,6.3,5
20316_0,17.1,1321.0,17.0,53,24,26,3,5.7,3
20319_0,15.1,1242.0,18.0,75,34,19,2,6.1,5
20323_0,16.6,1317.0,20.0,46,24,43,4,6.3,5
20336_0,14.9,1215.0,17.0,86,41,24,2,6.2,5
20340_0,16.1,1307.0,20.0,59,34,16,3,5.5,5
20342_0,16.1,1243.0,20.0,67,34,26,4,5.7,1
20345_0,15.7,1273.0,19.0,69,34,30,4,6.9,5
20378_0,15.0,1241.0,18.0,75,24,36,3,6.3,3
20389_0,16.1,1269.0,20.0,54,41,30,2,5.9,5
20399_0,17.0,1332.0,18.0,44,24,21,4,6.1,3
20412_0,15.7,1260.0,19.0,71,24,18,2,5.8,3
20436_0,16.1,1289.0,20.0,77,21,24,4,5.4,3
20443_0,16.0,1240.0,19.0,68,34,19,4,5.9,1
20448_0,16.0,1276.0,21.0,66,34,31,2,5.5,3
20456_0,16.0,1236.0,19.0,72,41,25,3,5.8,5
20463_0,15.9,1223.0,19.0,76,24,20,2,6.0,3
20471_0,15.8,1231.0,20.0,64,24,15,2,6.1,3
20477_0,15.9,1268.0,20.0,67,24,32,4,6.2,3
20487_0,16.5,1383.0,20.0,48,24,19,2,6.2,99
20506_0,15.2,1253.0,17.0,76,34,22,2,5.9,5
20507_0,15.9,1266.0,20.0,65,34,30,10,5.7,2
20508_0,15.8,1221.0,19.0,66,34,14,2,6.1,2
20509_0,15.3,1201.0,18.0,81,24,26,3,5.7,5
20524_0,16.1,1264.0,19.0,65,24,23,3,5.9,5
20531_0,16.2,1353.0,20.0,53,41,26,3,6.0,5
20534_0,16.6,1414.0,21.0,58,34,16,2,5.6,1
20535_0,16.5,1340.0,20.0,52,31,34,4,6.6,5
20549_0,16.0,1312.0,21.0,60,24,26,2,6.6,3
20553_0,15.0,1239.0,18.0,85,34,16,2,5.8,3
20577_0,15.3,1208.0,18.0,77,41,23,2,6.3,3
20592_0,16.0,1303.0,21.0,67,24,12,2,5.9,5
20596_0,16.0,1278.0,21.0,63,34,35,2,6.4,3
20605_0,15.4,1248.0,19.0,77,24,22,3,6.0,5
20611_0,17.0,1393.0,22.0,42,34,26,3,5.8,3
20646_0,16.1,1349.0,21.0,61,21,16,2,5.8,1
20706_0,17.0,1338.0,18.0,47,34,33,3,6.5,5
20745_0,16.9,1296.0,19.0,56,24,19,2,5.7,5
20750_0,15.6,1263.0,19.0,75,24,20,3,5.8,1
20752_0,16.9,1308.0,19.0,53,24,19,2,5.7,5
20757_0,17.0,1329.0,21.0,43,34,30,3,6.2,2
20759_0,17.0,1345.0,18.0,49,41,19,2,5.7,99
20774_0,17.0,1314.0,20.0,53,24,40,5,6.2,2
20775_0,16.7,1266.0,20.0,63,24,14,2,5.7,5
20788_0,15.8,1339.0,20.0,99,21,14,2,5.4,5
20795_0,16.8,1387.0,21.0,52,24,37,5,6.0,5
20796_0,16.2,1285.0,20.0,61,24,18,2,6.0,2
20797_0,16.0,1328.0,20.0,68,24,11,2,6.1,5
20800_0,16.2,1279.0,20.0,56,24,15,2,5.9,1
20843_0,16.2,1282.0,20.0,53,34,18,2,5.8,5
20849_0,17.3,1375.0,22.0,36,34,21,2,6.0,3
20852_0,14.1,1206.0,16.0,180,22,17,4,5.5,1
20931_0,17.1,1389.0,22.0,40,24,23,2,5.7,5
20940_0,15.8,1229.0,19.0,88,31,13,3,5.4,2
20952_0,15.7,1210.0,18.0,82,34,14,2,5.4,5
20964_0,16.3,1299.0,20.0,50,24,22,2,5.8,1
20985_0,16.0,1306.0,20.0,61,41,15,2,6.0,1
20997_0,16.9,1339.0,21.0,42,24,25,2,6.3,5
21004_0,16.0,1241.0,20.0,62,24,31,2,5.9,3
21007_0,16.0,1318.0,21.0,65,34,17,4,5.4,5
21010_0,16.0,1330.0,20.0,118,21,16,3,5.4,3
21022_0,16.9,1309.0,19.0,55,41,23,5,6.5,5
21031_0,15.9,1368.0,20.0,91,24,18,2,5.3,5
21043_0,16.0,1262.0,19.0,64,24,27,2,5.7,1
21046_0,15.7,1243.0,20.0,66,24,19,3,6.0,5
21047_0,15.9,1330.0,21.0,102,21,27,10,5.9,3
21049_0,13.2,1170.0,16.0,253,21,14,4,5.6,1
21072_0,15.4,1208.0,18.0,70,24,28,3,5.7,3
21077_0,16.0,1232.0,19.0,74,24,17,2,5.9,5
21082_0,15.7,1255.0,20.0,67,41,27,2,6.0,1
21085_0,16.0,1251.0,20.0,63,34,23,2,5.7,5
21110_0,16.0,1263.0,21.0,61,34,28,2,6.0,1
21119_0,17.2,1333.0,21.0,40,34,38,2,6.1,5
21126_0,17.1,1388.0,22.0,41,34,26,2,6.0,1
21131_0,17.0,1312.0,18.0,54,34,28,5,6.2,5
21133_0,16.1,1265.0,19.0,54,24,36,2,5.8,99
21146_0,15.3,1203.0,18.0,77,34,26,4,5.9,3
21154_0,16.0,1278.0,21.0,61,24,36,2,6.4,5
21170_0,13.3,1150.0,16.0,216,21,15,2,5.6,5
21177_0,16.8,1295.0,19.0,55,24,19,2,5.9,3
21202_0,16.2,1355.0,20.0,51,24,23,2,5.7,3
21204_0,17.0,1292.0,18.0,52,24,36,3,6.2,3
21237_0,15.4,1255.0,18.0,74,24,16,2,6.1,3
21241_0,16.3,1362.0,21.0,50,24,31,2,6.2,3
21244_0,16.0,1410.0,20.0,114,21,12,2,5.2,5
21271_0,14.9,1238.0,18.0,76,41,32,3,6.1,1
21303_0,17.2,1387.0,21.0,44,34,31,4,5.8,3
21334_0,16.0,1281.0,21.0,59,41,33,2,6.0,3
21338_0,16.1,1291.0,22.0,59,24,33,2,6.4,5
21339_0,14.9,1202.0,17.0,142,31,16,3,5.9,5
21344_0,16.4,1274.0,20.0,66,41,19,2,5.8,5
21345_0,16.1,1270.0,20.0,69,34,33,4,5.8,5
21348_0,15.9,1380.0,20.0,93,31,16,2,5.6,5
21358_0,16.2,1269.0,20.0,55,24,21,2,5.8,3
21379_0,16.2,1269.0,20.0,51,34,19,2,5.9,99
21382_0,17.2,1388.0,22.0,34,34,32,2,5.9,5
21400_0,16.2,1296.0,19.0,92,24,21,2,5.8,5
21407_0,16.8,1313.0,20.0,51,24,24,7,6.5,1
21414_0,16.9,1346.0,21.0,44,24,42,4,6.2,5
21442_0,17.0,1334.0,19.0,42,34,48,6,5.8,1
21469_0,14.8,1210.0,16.0,82,34,20,4,5.9,5
21478_0,16.1,1267.0,19.0,63,34,21,4,5.8,5
21501_0,15.8,1233.0,18.0,68,34,17,2,5.9,5
21507_0,17.3,1392.0,22.0,36,24,23,3,6.0,3
21547_0,17.0,1400.0,21.0,67,31,15,3,5.2,3
21548_0,15.4,1249.0,19.0,76,34,31,6,5.9,2
21563_0,16.2,1324.0,20.0,48,34,30,5,6.2,3
21578_0,15.7,1223.0,18.0,72,34,17,3,5.7,5
21593_0,15.4,1252.0,19.0,69,34,12,2,6.0,3
21604_0,16.9,1333.0,21.0,41,41,39,5,5.6,5
21616_0,15.1,1227.0,18.0,87,34,16,2,5.9,1
21644_0,16.0,1275.0,19.0,62,24,16,3,5.9,5
21653_0,16.3,1409.0,21.0,111,24,12,2,5.1,1
21667_0,17.3,1365.0,22.0,37,24,17,2,5.7,1
21679_0,16.8,1327.0,20.0,48,41,23,2,5.9,5
21696_0,14.2,1200.0,17.0,180,31,25,4,5.9,3
21697_0,17.3,1385.0,22.0,36,41,18,3,5.6,3
21703_0,16.0,1265.0,20.0,68,24,20,2,5.9,5
21705_0,17.0,1287.0,18.0,55,24,23,2,5.7,5
21707_0,16.0,1293.0,20.0,64,41,19,2,6.0,5
21715_0,16.9,1365.0,21.0,44,24,34,4,6.1,1
21718_0,17.1,1333.0,18.0,44,24,16,2,5.8,5
21737_0,16.0,1330.0,20.0,95,41,13,2,5.3,5
21743_0,14.3,1210.0,17.0,146,21,16,9,5.8,5
21753_0,16.0,1255.0,19.0,61,24,15,2,5.8,3
21756_0,16.4,1313.0,20.0,56,24,31,6,6.5,5
21773_0,14.7,1214.0,18.0,80,34,14,2,6.0,5
21800_0,16.1,1291.0,21.0,54,41,35,2,6.5,5
21843_0,15.4,1242.0,19.0,95,34,13,2,5.5,3
21852_0,17.3,1377.0,22.0,37,24,18,2,5.9,5
21859_0,15.9,1396.0,20.0,108,21,12,2,5.2,2
21867_0,15.8,1266.0,20.0,67,24,31,2,6.5,5
21868_0,17.1,1308.0,18.0,49,24,27,2,6.0,5
21886_0,16.0,1282.0,20.0,58,24,16,2,5.9,5
21900_0,16.1,1284.0,20.0,70,21,30,2,6.3,5
21910_0,16.1,1290.0,21.0,60,34,37,4,6.4,5
21913_0,16.0,1237.0,20.0,72,24,28,4,6.2,99
21915_0,15.6,1214.0,18.0,75,34,23,3,5.4,3
21919_0,16.6,1278.0,19.0,58,24,14,2,5.5,3
21940_0,16.1,1283.0,21.0,62,34,28,2,6.1,5
21952_0,16.3,1338.0,20.0,52,41,39,8,6.1,3
21970_0,16.5,1297.0,20.0,54,24,18,2,5.6,5
21975_0,15.4,1249.0,19.0,67,24,12,2,6.1,1
22001_0,16.0,1306.0,21.0,58,34,28,3,6.3,1
22012_0,15.8,1222.0,18.0,71,34,22,2,5.6,5
22043_0,16.0,1244.0,19.0,67,24,21,2,5.8,5
22053_0,16.1,1250.0,20.0,60,34,29,4,6.3,2
22071_0,15.8,1231.0,20.0,68,24,12,2,5.9,5
22082_0,16.8,1355.0,21.0,47,24,44,2,6.1,3
22092_0,15.1,1253.0,18.0,75,34,36,3,6.6,5
22111_0,15.0,1206.0,17.0,82,24,17,2,5.9,5
22132_0,14.8,1227.0,18.0,83,24,9,2,6.4,99
22140_0,15.4,1205.0,18.0,78,24,27,2,5.8,5
22164_0,16.4,1264.0,20.0,60,41,19,2,5.5,3
22212_0,16.5,1340.0,20.0,48,34,16,3,6.2,5
22219_0,15.4,1259.0,18.0,74,34,28,2,6.0,3
22221_0,16.4,1387.0,21.0,62,34,15,3,5.8,1
22229_0,15.8,1214.0,19.0,75,24,17,3,5.9,3
22243_0,16.1,1269.0,20.0,61,34,20,3,6.2,3
22248_0,16.8,1344.0,21.0,43,41,40,4,6.0,3
22254_0,16.5,1334.0,20.0,57,24,26,9,6.0,3
22263_0,16.3,1325.0,20.0,48,24,24,3,6.1,3
22274_0,16.3,1330.0,20.0,51,34,27,2,6.1,3
22278_0,16.1,1301.0,22.0,60,24,24,2,6.1,5
22288_0,16.3,1265.0,20.0,57,41,28,5,6.5,5
22294_0,17.0,1371.0,21.0,42,34,16,2,5.7,5
22295_0,15.5,1205.0,18.0,78,21,33,4,5.4,2
22298_0,16.0,1231.0,19.0,79,24,23,4,6.0,1
22299_0,13.9,1171.0,16.0,190,21,14,3,5.7,3
22307_0,15.9,1269.0,20.0,69,34,16,2,6.1,99
22316_0,17.1,1359.0,22.0,40,41,34,2,5.9,1
22327_0,17.3,1390.0,21.0,38,24,23,2,5.9,1
22335_0,13.4,1173.0,16.0,238,21,14,4,5.7,3
22341_0,16.9,1367.0,21.0,43,24,41,2,6.1,5
22345_0,16.1,1245.0,20.0,67,41,19,2,5.7,1
22351_0,15.4,1257.0,18.0,73,34,25,2,6.1,5
22372_0,15.2,1196.0,18.0,86,24,16,2,6.4,2
22399_0,16.9,1347.0,21.0,44,24,45,4,5.8,2
22402_0,15.2,1251.0,17.0,74,24,18,2,6.1,5
22414_0,16.2,1349.0,21.0,57,24,45,3,6.1,2
22418_0,14.8,1217.0,17.0,181,24,21,2,5.7,5
22426_0,16.9,1359.0,21.0,45,34,25,2,6.0,1
22438_0,16.0,1311.0,20.0,58,24,14,2,5.9,5
22442_0,17.1,1335.0,20.0,52,24,30,7,6.4,1
22466_0,16.0,1318.0,22.0,59,24,30,4,6.8,99
22471_0,16.1,1264.0,20.0,63,41,26,4,5.5,3
22485_0,17.0,1289.0,18.0,52,21,28,3,6.3,3
22492_0,16.6,1263.0,20.0,60,34,18,2,5.7,99
22518_0,15.9,1220.0,19.0,74,34,22,3,6.2,5
22527_0,16.0,1303.0,20.0,95,24,23,4,5.5,5
22537_0,14.4,1209.0,16.0,111,21,11,2,5.4,1
22541_0,16.0,1320.0,21.0,57,24,28,2,6.1,5
22555_0,16.1,1268.0,19.0,59,34,31,7,5.5,5
22562_0,16.2,1287.0,19.0,82,24,27,5,5.4,3
22568_0,16.8,1357.0,21.0,44,34,46,3,5.9,2
22576_0,16.0,1286.0,20.0,62,34,13,2,5.7,5
22617_0,16.2,1319.0,20.0,57,24,16,2,5.8,1
22622_0,15.4,1211.0,18.0,69,34,18,2,6.3,1
22660_0,15.9,1236.0,19.0,68,24,29,3,5.8,5
22689_0,16.0,1233.0,19.0,73,24,17,3,5.6,2
22694_0,14.8,1215.0,17.0,86,24,22,4,5.8,5
22697_0,16.1,1307.0,20.0,51,34,14,2,6.1,1
22711_0,17.1,1329.0,17.0,53,41,18,5,5.7,3
22716_0,16.9,1391.0,21.0,43,24,18,3,5.7,1
22756_0,16.0,1248.0,20.0,63,24,37,4,6.1,1
22769_0,14.9,1237.0,18.0,78,24,26,2,6.1,3
22775_0,16.9,1361.0,21.0,44,24,41,3,6.0,5
22786_0,15.6,1259.0,20.0,66,34,35,2,6.2,5
22797_0,15.2,1252.0,18.0,73,41,12,2,5.8,3
22799_0,16.2,1322.0,20.0,54,24,13,2,5.7,2
22826_0,16.3,1265.0,20.0,55,34,30,7,6.4,3
22832_0,16.0,1300.0,21.0,56,24,27,2,6.9,3
22844_0,16.5,1262.0,20.0,62,24,17,2,5.6,2
22848_0,15.5,1281.0,18.0,87,24,22,7,6.1,3
22851_0,16.0,1271.0,21.0,62,24,34,3,6.3,2
22872_0,15.9,1231.0,19.0,73,24,17,2,5.7,3
22883_0,15.5,1259.0,19.0,69,34,31,5,6.3,3
22919_0,16.9,1323.0,20.0,57,24,25,6,6.2,3
22921_0,15.5,1208.0,18.0,77,34,29,3,6.0,5
22927_0,15.4,1260.0,19.0,76,24,22,3,5.8,5
22938_0,16.2,1350.0,21.0,53,24,38,2,6.2,3
22987_0,15.8,1235.0,18.0,63,34,16,2,6.4,5
23004_0,15.7,1267.0,19.0,70,24,22,2,6.5,5
23034_0,17.0,1322.0,20.0,44,24,18,2,5.8,3
23054_0,16.1,1266.0,20.0,62,34,34,2,6.1,3
23061_0,16.1,1267.0,20.0,62,34,38,6,6.2,1
23076_0,17.0,1358.0,21.0,41,24,37,5,5.7,1
23081_0,16.8,1342.0,21.0,44,34,33,2,6.0,5
23114_0,17.0,1340.0,19.0,43,24,47,4,6.0,5
23123_0,15.3,1247.0,19.0,84,34,13,2,5.8,3
23125_0,16.9,1383.0,21.0,42,24,25,2,5.8,5
23136_0,16.0,1234.0,19.0,70,41,25,4,6.0,2
23137_0,16.0,1316.0,20.0,114,24,15,4,5.1,1
23141_0,15.0,1236.0,18.0,78,24,20,2,5.8,2
23161_0,17.3,1386.0,22.0,32,34,42,4,6.1,2
23190_0,15.9,1237.0,19.0,70,41,26,6,5.3,5
23202_0,16.3,1370.0,20.0,47,34,28,2,6.6,1
23214_0,16.0,1238.0,20.0,71,34,26,4,5.8,5
23228_0,16.0,1322.0,20.0,105,31,16,2,5.5,5
23233_0,16.4,1358.0,20.0,58,34,28,4,5.5,5
23234_0,15.2,1245.0,18.0,76,24,40,2,6.0,99
23254_0,17.2,1392.0,21.0,40,24,23,5,5.6,5
23276_0,17.0,1396.0,21.0,39,24,25,4,5.8,1
23278_0,16.7,1311.0,20.0,47,24,30,8,6.2,1
23285_0,16.0,1344.0,20.0,71,34,20,5,5.8,5
23317_0,15.7,1256.0,20.0,67,41,27,2,6.1,5
23323_0,16.9,1301.0,18.0,61,24,18,2,5.2,5
23324_0,16.1,1336.0,21.0,65,24,27,4,6.6,3
23335_0,16.8,1370.0,21.0,48,24,19,2,5.9,3
23346_0,15.9,1364.0,20.0,91,21,11,2,5.3,3
23354_0,15.9,1257.0,20.0,67,41,51,4,5.9,5
23355_0,16.1,1266.0,19.0,55,41,34,2,5.7,5
23356_0,15.9,1256.0,20.0,65,41,44,4,5.4,3
23359_0,17.1,1397.0,22.0,37,24,26,2,6.1,2
23365_0,16.0,1279.0,19.0,60,34,22,4,5.5,5
23382_0,17.0,1354.0,22.0,36,24,48,5,5.8,3
23383_0,16.2,1344.0,20.0,53,24,18,2,5.8,99
23387_0,15.3,1220.0,18.0,92,34,19,4,6.1,5
23408_0,15.3,1254.0,18.0,75,34,12,2,5.8,5
23429_0,15.3,1201.0,18.0,79,24,26,2,5.9,5
23444_0,14.9,1202.0,17.0,129,32,16,3,5.8,1
23466_0,15.4,1252.0,19.0,67,24,37,4,6.1,99
23506_0,16.3,1285.0,19.0,71,34,27,4,5.5,5
23529_0,16.9,1385.0,21.0,44,24,21,2,5.7,99
23541_0,15.1,1225.0,17.0,84,34,23,2,6.3,3
23545_0,17.3,1387.0,22.0,35,41,39,2,5.9,5
23551_0,17.2,1331.0,20.0,31,34,26,10,7.6,5
23560_0,14.5,1204.0,16.0,88,24,9,2,6.0,99
23571_0,16.9,1344.0,21.0,42,34,45,4,6.1,5
23584_0,15.3,1198.0,18.0,81,24,17,2,6.0,5
23596_0,17.2,1341.0,22.0,36,24,42,5,6.0,5
23627_0,16.1,1247.0,20.0,69,34,16,2,5.9,5
23628_0,16.1,1270.0,20.0,61,24,16,2,6.0,2
23631_0,15.4,1216.0,18.0,77,34,28,3,5.7,3
23638_0,16.0,1281.0,20.0,68,34,31,10,6.6,1
23678_0,16.0,1319.0,21.0,64,34,32,5,6.1,5
23705_0,16.8,1265.0,19.0,59,24,23,3,5.9,99
23733_0,14.0,1182.0,16.0,104,41,17,2,6.3,3
23745_0,16.1,1309.0,21.0,78,41,12,2,5.3,5
23754_0,15.0,1245.0,18.0,77,41,38,2,6.1,5
23763_0,16.5,1266.0,20.0,59,24,16,2,5.5,1
23765_0,15.0,1253.0,18.0,78,24,13,2,6.0,5
23772_0,16.1,1258.0,20.0,61,41,31,5,5.9,5
23775_0,16.5,1332.0,20.0,59,24,29,5,6.8,5
23780_0,17.2,1393.0,22.0,36,34,36,4,6.1,1
23781_0,15.2,1253.0,17.0,78,34,26,2,5.7,5
23787_0,15.8,1229.0,18.0,68,34,33,2,5.4,5
23805_0,16.1,1268.0,20.0,61,41,20,4,5.8,5
23806_0,16.1,1303.0,20.0,59,34,15,2,5.4,3
23808_0,14.8,1222.0,18.0,79,24,16,2,6.3,5
23844_0,15.6,1214.0,18.0,103,34,14,2,5.5,3
23856_0,16.8,1265.0,19.0,58,41,28,6,5.5,5
23872_0,15.2,1239.0,18.0,89,34,16,2,5.5,3
23880_0,17.1,1328.0,20.0,46,24,31,0,6.5,3
23928_0,16.5,1337.0,20.0,58,24,26,6,5.8,5
23940_0,16.2,1267.0,20.0,58,34,28,6,6.7,99
23949_0,16.0,1238.0,19.0,65,34,18,2,6.1,5
23955_0,15.6,1250.0,19.0,67,24,19,2,6.1,99
23962_0,16.7,1317.0,20.0,45,24,38,4,6.2,1
23965_0,16.6,1354.0,21.0,50,24,42,2,5.8,5
23969_0,15.9,1273.0,20.0,76,34,19,4,5.7,5
23978_0,15.9,1315.0,20.0,105,21,23,2,5.3,5
23993_0,14.3,1203.0,16.0,168,21,14,3,5.4,2
24010_0,15.9,1249.0,20.0,65,24,38,2,5.7,5
24011_0,16.7,1395.0,21.0,53,34,14,2,5.8,5
24017_0,16.5,1363.0,20.0,46,34,30,3,6.3,5
24027_0,13.9,1179.0,16.0,208,21,16,2,5.7,5
24039_0,14.8,1207.0,17.0,82,34,29,6,6.0,1
24044_0,17.1,1331.0,21.0,38,34,36,3,5.6,1
24073_0,15.9,1266.0,20.0,66,34,32,4,6.7,1
24093_0,15.6,1252.0,20.0,67,24,40,8,6.2,1
24095_0,15.7,1217.0,18.0,114,21,14,4,5.4,5
24101_0,15.5,1248.0,19.0,67,41,16,3,6.1,3
24113_0,17.0,1327.0,20.0,50,24,29,10,6.1,5
24119_0,15.2,1256.0,18.0,87,41,33,10,6.1,5
24136_0,16.1,1271.0,19.0,57,24,16,2,5.7,5
24140_0,14.8,1201.0,18.0,162,21,16,2,6.0,2
24156_0,16.0,1393.0,20.0,99,21,13,2,5.3,5
24160_0,17.1,1336.0,21.0,40,24,29,2,6.1,5
24161_0,15.2,1220.0,17.0,82,34,26,2,6.2,5
24166_0,16.0,1328.0,21.0,93,21,16,4,5.2,1
24175_0,17.1,1335.0,21.0,39,34,34,2,6.1,99
24185_0,15.2,1257.0,18.0,83,34,30,10,6.7,2
24189_0,14.5,1183.0,17.0,123,41,20,3,5.9,3
24201_0,16.1,1332.0,22.0,55,34,37,3,5.8,1
24227_0,17.0,1383.0,22.0,43,24,21,2,5.4,5
24231_0,14.7,1209.0,17.0,87,24,20,2,5.8,3
24243_0,15.3,1206.0,18.0,79,24,25,2,5.9,5
24257_0,15.3,1249.0,19.0,73,34,20,2,5.9,5
24258_0,15.5,1249.0,19.0,66,34,40,10,5.9,5
24261_0,17.0,1322.0,19.0,48,34,34,8,6.4,5
24275_0,14.5,1171.0,17.0,128,31,17,2,6.1,5
24298_0,15.5,1212.0,18.0,74,24,15,2,6.1,5
24306_0,16.3,1355.0,21.0,60,24,28,5,6.2,5
24317_0,14.9,1215.0,17.0,85,34,26,2,6.0,5
24321_0,15.9,1321.0,20.0,66,24,12,2,5.9,99
24380_0,16.6,1314.0,20.0,45,41,34,2,6.6,3
24382_0,15.6,1232.0,17.0,73,34,20,3,6.2,3
24390_0,15.8,1230.0,18.0,75,34,33,7,5.7,3
24434_0,16.0,1253.0,19.0,65,34,27,4,5.6,5
24440_0,16.0,1271.0,20.0,74,24,27,3,5.9,2
24445_0,16.1,1292.0,20.0,94,24,31,5,4.9,5
24446_0,17.1,1372.0,22.0,38,41,37,2,6.0,5
24452_0,15.9,1247.0,20.0,64,34,34,2,6.0,5
24456_0,16.2,1352.0,21.0,53,24,28,2,6.0,5
24458_0,15.2,1199.0,18.0,81,24,27,3,6.0,99
24477_0,13.9,1171.0,16.0,224,21,14,3,5.5,5
24487_0,16.9,1328.0,20.0,55,24,21,7,6.4,99
24492_0,16.0,1309.0,20.0,97,34,22,4,5.6,5
24508_0,15.1,1218.0,17.0,81,34,30,2,6.5,99
24511_0,14.8,1223.0,18.0,81,41,26,2,6.2,3
24533_0,16.0,1266.0,19.0,64,34,21,4,5.3,5
24534_0,16.5,1264.0,20.0,61,34,17,2,5.7,5
24536_0,17.0,1382.0,22.0,40,34,19,2,5.6,1
24541_0,14.0,1194.0,16.0,201,21,15,6,5.8,5
24548_0,16.7,1346.0,21.0,46,41,38,4,6.3,1
24551_0,17.0,1396.0,21.0,41,24,26,2,5.9,99
24562_0,15.4,1209.0,18.0,68,41,30,2,6.0,3
24584_0,17.2,1332.0,21.0,40,24,22,3,6.1,5
24585_0,15.3,1256.0,17.0,76,24,14,2,5.9,3
24612_0,16.1,1295.0,20.0,93,21,16,3,5.3,5
24634_0,16.2,1285.0,20.0,80,24,24,3,6.0,99
24636_0,15.4,1253.0,18.0,71,34,39,4,6.3,5
24640_0,16.0,1241.0,19.0,65,24,20,3,5.7,5
24647_0,17.0,1322.0,19.0,41,34,38,2,5.9,5
24655_0,14.8,1220.0,17.0,184,31,17,3,5.4,3
24690_0,16.7,1269.0,20.0,63,24,20,3,5.8,5
24705_0,16.9,1367.0,21.0,39,34,34,3,6.8,1
24706_0,16.2,1277.0,20.0,51,41,17,2,5.7,5
24726_0,16.1,1265.0,20.0,74,34,17,3,5.5,5
24733_0,15.6,1249.0,19.0,65,24,12,2,6.1,3
24737_0,15.6,1209.0,18.0,75,34,23,3,5.6,3
24752_0,16.3,1297.0,20.0,55,34,26,8,5.9,5
24754_0,17.1,1364.0,22.0,39,34,20,2,6.0,5
24764_0,16.1,1269.0,19.0,57,24,13,3,5.7,3
24765_0,16.0,1240.0,20.0,61,24,34,3,6.1,3
24768_0,15.9,1220.0,19.0,77,34,18,2,5.8,3
24778_0,15.6,1265.0,19.0,72,24,20,2,6.2,5
24785_0,16.0,1302.0,20.0,62,41,15,2,5.9,1
24789_0,15.5,1204.0,18.0,77,24,18,2,6.2,5
24822_0,15.9,1234.0,19.0,82,41,27,3,5.7,5
24830_0,16.5,1311.0,20.0,46,41,23,10,6.5,3
24835_0,16.7,1312.0,20.0,54,34,30,7,6.3,5
24836_0,16.1,1269.0,20.0,69,24,17,2,6.0,99
24838_0,15.9,1216.0,19.0,74,24,16,3,5.8,5
24847_0,17.3,1386.0,22.0,33,41,37,2,5.9,5
24854_0,16.9,1375.0,21.0,46,24,18,2,5.8,5
24865_0,16.6,1376.0,20.0,44,24,31,2,6.0,3
24869_0,14.8,1225.0,18.0,77,24,27,2,6.1,2
24873_0,17.2,1386.0,21.0,42,34,30,8,5.5,2
24887_0,17.1,1385.0,22.0,41,24,18,2,5.7,5
24888_0,14.8,1205.0,17.0,77,34,23,4,6.6,3
24901_0,17.0,1368.0,22.0,42,24,44,3,6.4,2
24912_0,16.0,1282.0,21.0,61,34,36,2,6.3,2
24916_0,16.2,1271.0,20.0,50,34,15,2,6.0,99
24923_0,14.0,1196.0,16.0,155,32,14,4,5.8,1
24940_0,16.1,1299.0,20.0,86,24,31,2,5.4,5
24948_0,16.6,1380.0,20.0,53,24,31,4,5.7,5
24955_0,16.0,1362.0,21.0,75,34,17,2,5.6,5
24964_0,16.5,1306.0,20.0,52,34,25,6,6.4,5
24965_0,14.6,1213.0,17.0,167,31,17,4,5.6,1
24966_0,15.8,1222.0,19.0,72,24,17,2,5.8,3
24968_0,16.1,1345.0,21.0,64,34,30,9,6.3,5
24973_0,16.1,1404.0,20.0,100,31,12,2,5.1,3
24979_0,16.6,1316.0,20.0,46,24,40,4,6.5,1
24981_0,14.8,1227.0,19.0,83,24,11,3,5.9,99
24983_0,16.2,1340.0,20.0,54,24,16,2,5.7,5
24984_0,17.0,1342.0,21.0,48,41,33,5,6.1,3
25000_0,14.7,1206.0,16.0,84,34,20,2,6.0,2
25006_0,16.1,1339.0,22.0,58,34,37,3,6.3,3
25019_0,16.1,1261.0,19.0,61,24,20,2,5.5,5
25021_0,17.0,1396.0,21.0,38,41,31,4,7.1,1
25035_0,15.7,1250.0,20.0,65,24,39,2,6.5,3
25040_0,15.9,1398.0,20.0,114,24,15,2,5.2,99
25069_0,16.6,1268.0,20.0,71,34,31,7,5.8,2
25085_0,14.7,1198.0,17.0,185,22,15,4,5.5,5
25090_0,14.8,1214.0,17.0,89,34,20,2,6.2,5
25098_0,16.1,1268.0,19.0,53,34,25,2,5.7,3
25124_0,17.1,1337.0,19.0,42,24,18,2,5.8,5
25126_0,16.5,1373.0,20.0,49,34,25,3,5.6,5
25128_0,14.8,1213.0,16.0,91,24,28,9,5.8,1
25134_0,15.9,1231.0,19.0,69,41,21,3,5.8,5
25153_0,16.1,1299.0,22.0,52,41,28,10,6.8,5
25155_0,17.0,1397.0,21.0,48,34,21,5,5.5,3
25171_0,16.1,1306.0,22.0,61,24,20,2,6.2,1
25187_0,17.1,1402.0,21.0,59,34,26,7,5.6,5
25201_0,16.1,1259.0,20.0,63,34,43,4,6.4,3
25228_0,16.0,1268.0,21.0,63,34,25,2,5.7,5
25236_0,15.6,1306.0,20.0,127,31,18,2,5.4,5
25281_0,16.8,1329.0,21.0,46,24,24,2,5.7,5
25310_0,17.1,1305.0,18.0,56,24,29,7,6.2,5
25340_0,17.0,1378.0,22.0,44,34,27,2,5.9,3
25350_0,15.0,1254.0,18.0,75,34,13,2,6.1,3
25359_0,15.4,1252.0,19.0,70,34,10,2,5.9,5
25364_0,15.2,1253.0,18.0,74,24,37,2,6.0,5
25390_0,15.9,1265.0,20.0,63,24,31,4,6.7,3
25397_0,16.5,1276.0,20.0,53,42,19,7,5.6,5
25403_0,16.1,1307.0,21.0,83,31,20,2,5.4,5
25409_0,15.9,1237.0,18.0,68,24,13,2,5.8,5
25445_0,16.0,1286.0,20.0,90,24,18,2,5.5,5
25457_0,15.6,1209.0,18.0,80,34,16,2,5.6,5
25458_0,16.1,1282.0,21.0,73,24,29,4,6.5,2
25461_0,16.7,1412.0,21.0,84,21,18,4,5.0,3
25476_0,17.4,1385.0,22.0,39,41,26,6,5.9,5
25508_0,16.1,1290.0,21.0,60,21,35,2,6.0,3
25511_0,16.0,1344.0,20.0,71,34,22,4,5.7,5
25545_0,16.9,1337.0,21.0,53,24,24,4,5.3,5
25546_0,16.1,1265.0,19.0,57,34,18,2,5.7,5
25549_0,13.5,1179.0,16.0,242,22,14,4,5.7,5
25555_0,17.3,1385.0,21.0,37,31,19,2,6.1,5
25556_0,14.3,1191.0,16.0,110,21,18,2,6.1,3
25559_0,15.3,1252.0,18.0,72,34,28,10,6.4,5
25562_0,14.8,1229.0,19.0,80,34,9,2,5.9,5
25571_0,17.2,1389.0,22.0,38,34,38,3,6.0,99
25585_0,16.4,1352.0,20.0,56,24,24,2,6.0,5
25590_0,16.1,1291.0,19.0,73,24,16,3,5.4,3
25594_0,15.8,1214.0,19.0,73,34,22,2,6.1,3
25596_0,17.1,1387.0,22.0,39,24,25,3,5.9,5
25599_0,16.8,1365.0,21.0,45,24,42,3,5.8,5
25601_0,16.8,1334.0,21.0,45,34,29,2,5.8,1
25608_0,16.8,1334.0,21.0,43,41,27,2,6.1,1
25609_0,14.7,1213.0,18.0,82,34,13,2,6.0,3
25618_0,17.1,1313.0,18.0,57,24,20,3,6.0,5
25620_0,15.7,1238.0,20.0,69,24,15,2,6.3,2
25652_0,17.1,1320.0,19.0,46,24,16,2,5.7,5
25653_0,17.0,1324.0,20.0,46,24,27,8,6.3,5
25655_0,15.8,1220.0,19.0,68,41,22,2,6.1,5
25656_0,16.8,1364.0,21.0,45,34,47,3,5.8,3
25666_0,15.6,1208.0,18.0,72,34,23,10,6.5,5
25692_0,16.1,1271.0,20.0,61,24,23,2,5.7,5
25693_0,16.0,1310.0,21.0,56,34,25,2,6.3,3
25701_0,15.3,1217.0,18.0,79,34,24,2,6.1,3
25705_0,16.0,1321.0,20.0,59,34,14,2,5.9,3
25706_0,17.1,1338.0,19.0,41,24,19,2,5.9,3
25708_0,16.4,1406.0,21.0,93,21,15,2,5.4,3
25748_0,16.4,1323.0,20.0,46,34,30,2,6.5,5
25764_0,15.1,1248.0,17.0,77,24,33,4,6.0,5
25778_0,16.8,1332.0,21.0,44,34,31,3,5.9,99
25782_0,16.0,1302.0,20.0,59,24,17,2,6.0,1
25820_0,13.4,1176.0,16.0,225,32,15,3,5.9,5
25831_0,15.3,1200.0,18.0,78,34,28,3,5.8,5
25855_0,16.1,1275.0,20.0,63,24,29,7,6.9,5
25862_0,16.0,1270.0,21.0,58,41,41,3,6.3,5
25876_0,16.0,1290.0,20.0,98,21,16,3,5.1,5
25892_0,15.9,1378.0,20.0,103,24,13,2,5.1,5
25893_0,17.1,1391.0,21.0,40,24,21,3,5.7,1
25897_0,16.0,1293.0,21.0,62,24,32,3,6.3,5
25900_0,15.4,1249.0,19.0,74,34,15,2,5.9,5
25911_0,15.3,1244.0,18.0,80,34,14,2,5.9,3
25955_0,16.1,1319.0,20.0,58,21,22,4,5.6,1
25971_0,16.0,1320.0,22.0,69,41,29,7,6.1,1
25972_0,15.7,1229.0,17.0,71,34,22,2,5.6,5
25999_0,13.5,1151.0,16.0,159,41,15,2,6.2,5
26002_0,16.2,1372.0,20.0,55,34,11,2,5.8,1
26004_0,16.9,1326.0,20.0,55,24,27,6,6.2,3
26009_0,15.1,1249.0,17.0,77,24,20,2,6.2,5
26022_0,16.9,1303.0,19.0,59,34,28,9,5.9,5
26026_0,16.3,1360.0,20.0,49,24,34,5,5.8,2
26034_0,16.9,1380.0,21.0,42,24,27,2,5.8,5
26038_0,16.0,1283.0,20.0,58,24,23,2,5.8,5
26050_0,15.1,1248.0,17.0,78,34,34,2,6.2,1
26066_0,15.1,1253.0,18.0,76,41,15,2,5.9,5
26096_0,16.8,1319.0,20.0,53,34,25,4,6.3,1
26108_0,17.2,1398.0,21.0,40,34,23,2,5.9,99
26119_0,14.7,1216.0,18.0,80,34,17,2,6.3,5
26154_0,14.7,1214.0,18.0,92,34,16,2,5.8,3
26157_0,13.5,1183.0,16.0,219,21,14,3,5.5,5
26186_0,16.8,1266.0,19.0,63,24,16,2,5.7,1
26187_0,15.9,1263.0,20.0,65,24,38,4,5.9,5
26188_0,16.1,1256.0,20.0,62,34,28,4,5.9,1
26196_0,15.6,1274.0,19.0,79,31,27,5,6.0,1
26209_0,14.0,1171.0,16.0,194,24,14,3,6.0,5
26210_0,16.5,1373.0,20.0,48,34,33,5,5.9,5
26215_0,16.9,1348.0,21.0,44,24,36,4,5.9,5
26220_0,15.7,1242.0,19.0,66,34,14,2,6.0,1
26229_0,16.5,1327.0,20.0,47,24,27,2,6.0,3
26233_0,15.4,1264.0,18.0,75,24,21,2,6.1,5
26247_0,16.2,1281.0,20.0,74,34,34,3,5.4,3
26258_0,16.1,1309.0,20.0,55,34,13,2,5.9,5
26267_0,17.0,1295.0,18.0,51,41,31,5,6.0,3
26277_0,16.9,1395.0,21.0,42,34,13,3,6.0,3
26281_0,16.0,1240.0,20.0,75,24,16,2,6.0,99
26284_0,17.1,1334.0,21.0,37,34,49,3,6.0,1
26298_0,16.0,1254.0,20.0,63,34,43,2,6.1,3
26326_0,16.5,1312.0,20.0,54,24,37,7,6.4,5
26331_0,16.1,1274.0,19.0,58,41,21,3,5.9,5
26335_0,14.0,1151.0,16.0,135,31,17,2,6.1,99
26338_0,16.7,1300.0,20.0,48,41,25,4,6.1,5
26345_0,17.3,1388.0,22.0,36,41,32,2,5.9,5
26346_0,16.9,1313.0,19.0,51,34,23,5,6.0,5
26355_0,15.8,1246.0,20.0,64,41,34,4,6.2,1
26360_0,16.4,1382.0,20.0,58,31,14,2,5.7,3
26368_0,16.0,1319.0,20.0,116,21,14,2,5.3,1
26371_0,16.1,1322.0,22.0,59,24,17,2,6.1,3
26373_0,16.7,1334.0,21.0,43,34,43,4,6.3,5
26380_0,16.9,1326.0,21.0,38,41,29,4,6.2,5
26393_0,15.8,1327.0,20.0,120,24,19,2,5.3,3
26394_0,14.9,1220.0,17.0,99,24,20,2,5.6,3
26396_0,15.7,1212.0,18.0,69,34,34,4,6.0,3
26408_0,15.9,1220.0,19.0,77,24,26,4,5.6,1
26413_0,16.9,1392.0,21.0,40,24,24,2,5.8,5
26416_0,15.8,1229.0,19.0,66,34,18,2,6.2,5
26422_0,16.3,1263.0,20.0,56,34,33,7,6.2,5
26435_0,16.1,1333.0,22.0,58,24,18,2,5.7,3
26448_0,15.6,1245.0,19.0,76,24,31,4,5.8,3
26456_0,16.4,1366.0,20.0,49,21,38,3,6.0,3
26468_0,16.1,1285.0,20.0,75,34,13,2,6.0,3
26472_0,15.8,1266.0,20.0,68,24,22,2,6.0,3
26474_0,16.0,1271.0,20.0,63,34,21,2,5.9,5
26482_0,16.2,1353.0,21.0,51,34,38,2,6.1,3
26512_0,16.4,1376.0,20.0,55,34,16,2,5.7,3
26516_0,16.0,1238.0,19.0,73,41,26,2,5.6,3
26534_0,15.0,1235.0,18.0,83,34,12,2,6.1,5
26556_0,14.1,1181.0,16.0,159,21,16,4,5.7,1
26563_0,17.0,1327.0,19.0,42,24,17,2,5.8,99
26608_0,16.1,1243.0,20.0,67,34,19,3,6.2,5
26637_0,16.1,1294.0,22.0,65,34,24,4,5.9,99
26639_0,16.0,1285.0,21.0,67,31,16,2,5.8,99
26658_0,16.5,1364.0,20.0,48,24,16,2,5.8,3
26667_0,16.1,1304.0,22.0,74,34,27,4,6.3,5
26680_0,15.5,1268.0,18.0,74,24,42,2,5.7,3
26689_0,17.0,1396.0,21.0,48,34,26,4,5.9,3
26702_0,16.1,1268.0,19.0,65,34,15,4,5.5,5
26747_0,17.1,1391.0,22.0,41,24,35,2,6.4,3
26751_0,17.1,1311.0,18.0,52,34,22,3,5.9,5
26782_0,17.2,1368.0,22.0,42,34,27,2,6.2,1
26794_0,16.2,1360.0,21.0,56,41,32,5,6.0,3
26810_0,14.4,1196.0,17.0,140,21,16,5,5.7,5
26811_0,16.5,1343.0,21.0,48,34,22,2,5.9,5
26835_0,16.1,1280.0,20.0,77,34,22,5,5.7,1
26836_0,16.0,1277.0,21.0,63,34,31,3,6.4,5
26852_0,17.1,1327.0,20.0,41,24,37,3,5.9,3
26855_0,16.1,1264.0,20.0,65,24,13,2,5.6,5
26861_0,16.0,1274.0,21.0,63,24,27,3,6.0,5
26867_0,15.9,1220.0,19.0,72,34,26,3,6.1,5
26901_0,16.0,1287.0,21.0,58,24,29,2,5.9,5
26903_0,16.0,1284.0,20.0,60,34,15,2,6.0,5
26906_0,16.3,1285.0,20.0,54,41,22,3,5.8,5
26908_0,15.4,1255.0,19.0,67,34,41,2,6.0,5
26928_0,16.8,1361.0,21.0,45,34,36,2,6.0,1
26932_0,16.7,1383.0,20.0,40,34,33,4,6.2,3
26950_0,16.0,1270.0,20.0,67,34,26,3,5.8,3
26955_0,16.1,1288.0,21.0,60,24,24,2,6.0,1
26960_0,16.4,1288.0,20.0,59,24,16,2,5.5,5
26979_0,16.4,1276.0,20.0,73,24,14,2,5.5,5
26982_0,16.1,1292.0,20.0,61,34,22,2,5.5,5
27008_0,16.3,1365.0,21.0,48,24,27,3,5.8,5
27010_0,16.8,1375.0,21.0,47,24,18,2,5.8,3
27029_0,14.8,1229.0,19.0,79,34,9,1,6.0,1
27034_0,16.1,1348.0,21.0,55,24,17,2,5.6,1
27045_0,15.0,1241.0,17.0,78,24,38,2,6.0,1
27096_0,14.8,1209.0,16.0,84,24,18,2,6.1,3
27113_0,13.8,1190.0,16.0,163,21,15,3,5.8,3
27127_0,17.1,1387.0,22.0,40,24,18,2,5.9,1
27137_0,17.1,1379.0,22.0,42,34,25,3,5.9,3
27163_0,15.6,1247.0,19.0,67,34,11,2,6.3,5
27165_0,15.6,1234.0,17.0,68,24,16,2,6.2,2
27176_0,17.3,1388.0,21.0,38,24,33,2,6.1,5
27187_0,17.2,1396.0,22.0,43,41,41,9,5.8,3
27192_0,17.1,1371.0,22.0,38,24,22,2,6.0,5
27201_0,16.0,1349.0,21.0,69,31,16,2,5.3,3
27212_0,16.1,1247.0,19.0,64,24,20,3,5.8,1
27214_0,16.9,1302.0,19.0,55,34,21,2,6.0,1
27219_0,15.9,1247.0,19.0,61,34,26,3,6.3,3
27223_0,16.5,1312.0,20.0,46,34,28,10,6.7,5
27233_0,16.0,1233.0,19.0,69,34,21,4,6.3,1
27272_0,15.9,1383.0,20.0,103,34,16,2,5.5,5
27275_0,15.6,1247.0,20.0,69,24,20,2,6.0,3
27287_0,15.6,1220.0,18.0,74,34,15,2,6.1,5
27308_0,16.8,1364.0,21.0,46,34,18,2,5.9,5
27312_0,16.0,1279.0,20.0,69,34,19,3,5.7,2
27315_0,16.8,1315.0,20.0,57,24,29,8,6.4,5
27320_0,16.2,1285.0,20.0,53,24,20,2,5.9,1
27330_0,15.9,1326.0,20.0,63,24,13,2,5.8,99
27337_0,16.5,1343.0,20.0,49,34,20,2,6.0,1
27350_0,17.3,1388.0,21.0,39,24,23,2,5.9,99
27362_0,15.9,1220.0,19.0,74,34,20,3,5.8,2
27365_0,16.1,1320.0,22.0,58,24,25,2,6.4,5
27404_0,15.7,1254.0,19.0,68,24,33,2,6.1,3
27406_0,15.8,1263.0,20.0,65,24,31,4,6.3,1
27425_0,16.3,1289.0,20.0,53,34,33,8,6.7,99
27440_0,16.8,1337.0,21.0,47,41,32,3,6.0,3
27446_0,16.5,1363.0,20.0,47,34,25,2,5.7,2
27461_0,15.9,1310.0,20.0,64,24,13,2,5.9,5
27477_0,16.8,1271.0,19.0,60,24,22,2,5.9,1
27483_0,15.8,1257.0,20.0,66,34,44,4,5.5,1
27499_0,16.0,1280.0,20.0,59,41,16,2,6.0,3
27530_0,15.3,1248.0,18.0,90,24,18,2,5.8,5
27541_0,17.1,1298.0,17.0,51,24,31,2,6.0,5
27574_0,13.7,1139.0,16.0,157,32,15,2,6.1,1
27600_0,16.8,1339.0,21.0,46,24,49,3,5.8,1
27621_0,14.7,1217.0,18.0,93,34,16,2,6.0,3
27651_0,16.4,1299.0,20.0,59,24,37,8,6.1,5
27670_0,15.5,1250.0,19.0,69,24,11,2,6.2,1
27671_0,14.8,1198.0,17.0,149,31,14,2,5.7,99
27675_0,16.1,1272.0,19.0,57,34,18,2,6.0,2
27705_0,17.1,1393.0,22.0,38,34,44,7,6.3,3
27706_0,16.5,1297.0,20.0,54,34,26,3,5.7,5
27724_0,15.9,1394.0,20.0,111,21,15,2,5.3,1
27725_0,17.1,1313.0,19.0,70,24,29,10,6.1,5
27741_0,17.0,1333.0,21.0,52,34,28,5,5.7,2
27796_0,16.2,1380.0,20.0,54,34,23,4,5.3,5
27834_0,16.8,1359.0,21.0,47,24,29,2,6.3,5
27843_0,15.0,1242.0,18.0,78,24,11,2,5.9,1
27870_0,15.6,1245.0,19.0,67,24,15,2,6.0,3
27876_0,16.0,1309.0,21.0,68,34,26,5,6.5,5
27912_0,17.1,1320.0,17.0,45,41,22,2,5.8,3
27915_0,16.5,1361.0,20.0,49,24,16,2,6.1,5
27921_0,17.0,1392.0,21.0,42,34,44,4,5.4,3
27927_0,16.3,1404.0,20.0,98,31,14,2,5.0,5
27939_0,16.0,1283.0,20.0,58,41,23,2,6.4,5
27942_0,16.0,1319.0,21.0,54,34,35,4,6.4,5
27952_0,15.9,1230.0,18.0,69,24,20,2,5.6,1
27976_0,16.7,1371.0,21.0,45,34,36,3,6.4,1
27977_0,16.0,1297.0,20.0,87,41,27,3,5.5,1
27991_0,16.0,1281.0,21.0,62,24,40,4,6.1,5
27992_0,16.5,1330.0,20.0,58,24,28,4,6.2,99
27998_0,14.9,1234.0,18.0,80,34,17,2,6.2,5
28005_0,14.6,1206.0,16.0,88,24,20,4,6.1,99
28006_0,16.1,1264.0,19.0,58,34,15,2,5.7,2
28025_0,16.4,1342.0,20.0,56,24,14,2,5.8,5
28027_0,15.9,1311.0,20.0,114,24,15,2,5.3,3
28037_0,14.3,1185.0,17.0,160,31,15,3,5.9,5
28052_0,14.1,1181.0,16.0,135,42,16,4,6.0,5
28081_0,17.2,1400.0,22.0,40,41,16,2,5.7,5
28086_0,16.3,1298.0,20.0,55,41,27,7,6.3,1
28098_0,14.5,1203.0,16.0,87,41,15,2,6.0,5
28099_0,16.0,1280.0,21.0,62,24,42,4,6.2,2
28100_0,16.1,1265.0,19.0,53,24,17,2,5.9,3
28111_0,15.9,1327.0,20.0,62,34,12,2,6.2,3
28112_0,16.2,1274.0,20.0,51,34,17,2,6.0,3
28117_0,16.1,1253.0,20.0,70,41,14,2,5.7,99
28125_0,15.0,1252.0,18.0,74,24,22,2,6.4,3
28126_0,15.0,1242.0,17.0,79,41,33,4,6.3,5
28132_0,14.9,1232.0,18.0,81,34,16,2,6.1,5
28135_0,14.9,1233.0,19.0,81,41,18,2,6.0,5
28136_0,15.2,1276.0,18.0,190,21,17,3,5.6,5
28159_0,16.0,1284.0,21.0,58,24,36,4,6.2,5
28173_0,17.1,1312.0,18.0,47,34,43,3,5.9,5
28196_0,17.0,1299.0,18.0,56,24,19,2,5.8,5
28200_0,14.8,1216.0,17.0,94,34,29,3,6.3,2
28212_0,16.1,1285.0,21.0,60,24,37,4,6.0,1
28231_0,16.0,1305.0,21.0,60,41,29,3,5.9,3
28239_0,16.3,1348.0,20.0,52,24,22,2,5.8,1
28241_0,16.9,1384.0,21.0,45,34,22,2,6.0,5
28264_0,16.0,1237.0,19.0,70,24,22,2,5.8,5
28271_0,15.9,1227.0,19.0,65,41,22,4,6.1,5
28281_0,15.3,1213.0,18.0,73,41,25,7,5.4,3
28287_0,17.2,1332.0,21.0,39,34,33,2,6.1,5
28303_0,16.4,1385.0,20.0,54,34,16,2,6.0,3
28357_0,15.0,1252.0,18.0,76,24,12,2,6.2,3
28359_0,16.1,1283.0,20.0,91,31,16,2,5.4,5
28384_0,16.6,1266.0,19.0,61,24,22,4,5.8,99
28410_0,15.0,1240.0,18.0,73,34,15,2,5.9,3
28428_0,15.8,1215.0,18.0,77,34,22,3,5.8,5
28434_0,16.9,1377.0,21.0,46,24,17,2,5.7,1
28438_0,16.0,1277.0,20.0,63,24,14,1,6.3,5
28450_0,15.9,1265.0,20.0,63,34,38,4,6.2,5
28469_0,13.6,1172.0,16.0,197,42,15,4,5.8,5
28479_0,15.1,1255.0,18.0,73,41,36,3,6.6,1
28480_0,17.0,1374.0,21.0,44,24,42,2,5.8,5
28485_0,15.1,1250.0,17.0,76,24,26,3,6.1,2
28492_0,16.0,1273.0,20.0,65,41,16,3,5.5,3
28518_0,15.1,1252.0,18.0,77,24,13,2,6.2,5
28519_0,17.0,1316.0,19.0,55,34,23,8,6.5,5
28521_0,16.4,1344.0,20.0,58,24,27,5,6.3,99
28523_0,15.1,1257.0,18.0,77,24,12,2,5.8,5
28528_0,16.0,1237.0,20.0,70,24,23,3,5.9,1
28542_0,17.0,1295.0,18.0,55,34,28,3,6.2,2
28558_0,16.8,1356.0,21.0,47,41,47,4,6.1,5
28559_0,15.9,1223.0,19.0,74,24,23,2,5.4,99
28560_0,15.9,1237.0,18.0,70,24,13,2,5.8,2
28561_0,15.4,1248.0,19.0,68,34,36,3,6.5,3
28583_0,16.1,1318.0,20.0,58,24,18,2,5.7,3
28588_0,15.7,1248.0,19.0,66,34,41,3,6.1,5
28603_0,16.5,1362.0,20.0,47,34,17,2,5.8,5
28619_0,16.8,1346.0,21.0,51,31,42,4,6.0,3
28649_0,14.8,1233.0,18.0,125,21,15,4,5.3,1
28658_0,15.8,1242.0,18.0,68,34,30,4,6.0,3
28664_0,17.2,1313.0,17.0,46,24,15,2,6.0,5
28680_0,15.8,1260.0,20.0,65,34,31,3,6.2,5
28681_0,14.6,1218.0,19.0,94,34,9,2,5.6,1
28686_0,17.0,1382.0,22.0,41,24,21,2,5.6,5
28716_0,15.7,1245.0,20.0,66,24,28,2,6.0,3
28735_0,16.0,1288.0,20.0,90,24,17,2,5.4,3
28749_0,14.6,1208.0,16.0,90,24,15,2,6.1,3
28750_0,16.1,1313.0,20.0,89,31,22,4,5.3,1
28755_0,16.0,1235.0,19.0,71,34,25,3,6.3,1
28763_0,13.6,1151.0,16.0,187,22,12,3,5.8,3
28767_0,16.8,1358.0,21.0,44,24,38,4,6.0,5
28777_0,16.0,1301.0,21.0,74,34,16,2,6.0,1
28780_0,17.0,1329.0,19.0,45,24,17,2,5.7,5
28799_0,14.0,1189.0,16.0,176,21,14,3,5.9,5
28804_0,14.7,1212.0,18.0,86,34,27,4,6.5,5
28806_0,16.9,1321.0,20.0,55,34,21,4,6.1,5
28810_0,15.4,1290.0,19.0,168,21,16,3,5.6,5
28816_0,16.0,1329.0,21.0,68,24,28,4,6.3,1
28820_0,17.0,1320.0,20.0,42,24,21,2,5.7,5
28826_0,15.1,1227.0,18.0,88,34,13,2,5.9,5
28839_0,16.4,1309.0,20.0,57,34,30,8,6.9,5
28868_0,16.2,1328.0,20.0,49,24,27,2,6.2,5
28876_0,16.1,1249.0,20.0,67,24,16,2,6.0,2
28882_0,16.1,1316.0,22.0,58,24,18,2,6.3,5
28889_0,16.6,1313.0,20.0,43,41,32,5,6.2,5
28905_0,16.1,1289.0,21.0,66,24,20,3,5.7,2
28939_0,16.2,1263.0,20.0,54,24,18,2,5.6,1
28943_0,16.2,1285.0,20.0,54,41,21,3,5.6,1
28972_0,16.8,1318.0,20.0,58,24,26,5,6.8,5
28974_0,16.1,1285.0,20.0,82,41,18,2,5.4,3
28975_0,15.2,1201.0,17.0,81,24,21,2,6.0,1
28987_0,16.0,1277.0,20.0,63,24,17,2,5.8,3
28991_0,16.0,1308.0,21.0,54,41,39,5,6.1,3
28992_0,16.8,1361.0,21.0,46,24,46,4,6.1,5
28996_0,15.0,1199.0,18.0,79,41,15,2,6.5,3
29027_0,16.1,1294.0,21.0,61,34,19,2,5.8,5
29034_0,16.9,1326.0,20.0,47,41,28,8,6.4,1
29058_0,16.0,1245.0,19.0,67,24,27,2,5.6,3
29066_0,17.1,1317.0,18.0,43,34,45,6,6.2,99
29068_0,16.1,1303.0,21.0,89,24,14,2,5.5,3
29077_0,16.3,1364.0,20.0,51,24,32,3,6.1,3
29083_0,15.6,1248.0,19.0,67,34,19,3,6.2,5
29085_0,17.3,1370.0,22.0,36,24,24,2,5.8,3
29089_0,15.3,1253.0,18.0,73,24,10,2,5.9,99
29090_0,15.9,1317.0,20.0,65,34,12,2,6.1,5
29099_0,16.9,1318.0,20.0,43,34,32,2,6.3,5
29100_0,15.3,1246.0,19.0,72,41,20,2,5.8,5
29104_0,14.8,1230.0,18.0,79,34,8,1,6.1,5
29128_0,15.9,1257.0,19.0,75,24,15,3,5.5,5
29145_0,16.5,1262.0,20.0,60,24,18,3,5.7,3
29160_0,15.9,1224.0,18.0,71,24,28,2,5.7,2
29166_0,16.8,1275.0,20.0,70,34,23,2,6.0,5
29174_0,15.6,1249.0,19.0,69,24,21,2,6.0,5
29176_0,15.8,1220.0,19.0,69,24,18,2,5.8,2
29195_0,15.6,1246.0,19.0,72,24,25,2,5.9,1
29201_0,16.8,1357.0,21.0,45,24,34,2,6.3,1
29216_0,16.8,1335.0,21.0,46,24,24,2,6.0,5
29223_0,17.2,1369.0,22.0,38,34,31,2,6.0,3
29232_0,16.7,1348.0,21.0,53,24,31,3,5.5,5
29244_0,16.5,1373.0,20.0,48,24,40,3,6.4,3
29250_0,16.7,1297.0,20.0,49,41,25,5,5.9,5
29253_0,14.9,1248.0,18.0,77,21,34,3,6.0,2
29260_0,15.8,1247.0,20.0,64,41,38,2,6.2,2
29264_0,17.1,1394.0,21.0,40,24,18,2,5.7,3
29273_0,16.2,1298.0,20.0,53,24,16,2,6.0,5
29320_0,15.9,1220.0,19.0,74,24,19,3,5.7,5
29323_0,16.9,1333.0,21.0,44,34,36,2,5.8,5
29344_0,16.2,1350.0,21.0,53,24,19,2,6.1,5
29392_0,15.7,1248.0,19.0,66,24,14,2,6.5,5
29397_0,16.8,1336.0,21.0,44,24,39,3,5.8,5
29399_0,14.8,1226.0,18.0,79,24,37,4,6.2,5
29402_0,16.1,1323.0,22.0,58,24,24,2,6.0,3
29413_0,16.1,1315.0,20.0,62,34,18,5,5.7,2
29422_0,15.2,1207.0,18.0,73,24,21,3,5.9,5
29427_0,16.0,1279.0,20.0,59,34,18,2,5.9,3
29446_0,16.0,1283.0,21.0,60,24,43,2,6.1,3
29448_0,14.8,1212.0,17.0,98,41,26,8,5.9,1
29449_0,16.9,1348.0,21.0,43,24,23,2,5.8,5
29461_0,16.9,1378.0,21.0,54,34,28,4,5.4,3
29465_0,16.0,1276.0,19.0,74,34,32,10,6.3,99
29468_0,15.6,1268.0,19.0,73,34,31,4,6.3,2
29494_0,15.8,1246.0,20.0,65,24,33,2,6.0,5
29498_0,16.2,1267.0,20.0,61,34,34,10,6.2,5
29507_0,17.1,1390.0,22.0,38,34,23,2,5.9,5
29522_0,16.6,1321.0,20.0,44,24,30,2,5.9,5
29527_0,15.5,1225.0,17.0,72,34,30,5,6.0,3
29538_0,15.9,1291.0,20.0,89,21,14,2,5.4,2
29551_0,15.4,1265.0,18.0,79,34,27,3,6.4,3
29553_0,14.7,1212.0,18.0,92,34,13,2,6.2,5
29577_0,15.6,1256.0,19.0,67,34,42,4,6.4,3
29615_0,15.3,1251.0,18.0,70,41,18,2,5.9,99
29630_0,16.9,1385.0,21.0,42,24,21,2,5.8,5
29635_0,15.5,1250.0,19.0,69,24,17,2,5.7,3
29638_0,15.1,1203.0,18.0,90,34,16,3,6.0,1
29641_0,15.9,1219.0,19.0,75,41,28,5,6.9,1
29648_0,16.4,1307.0,20.0,57,24,35,10,6.1,1
29658_0,14.9,1241.0,18.0,73,41,16,2,6.3,5
29679_0,16.0,1281.0,21.0,61,41,37,2,6.0,5
29686_0,15.0,1217.0,17.0,83,34,23,3,6.2,5
29688_0,16.1,1254.0,20.0,67,34,21,3,6.1,5
29690_0,16.7,1349.0,21.0,51,34,18,2,6.0,5
29726_0,14.4,1182.0,17.0,175,21,14,2,6.0,3
29728_0,15.6,1207.0,18.0,74,24,15,2,6.0,5
29731_0,15.9,1227.0,19.0,72,34,27,2,6.4,3
29738_0,16.0,1251.0,19.0,63,41,12,2,6.2,5
29740_0,15.3,1252.0,18.0,70,34,30,3,6.6,5
29741_0,17.0,1324.0,21.0,43,31,29,2,6.3,1
29744_0,15.5,1257.0,19.0,71,24,34,4,6.2,1
29753_0,17.1,1383.0,22.0,37,34,26,2,5.7,5
29756_0,16.0,1258.0,20.0,63,34,24,5,5.6,3
29795_0,15.9,1283.0,19.0,83,21,15,2,5.5,5
29804_0,14.7,1206.0,16.0,88,24,18,2,6.0,5
29814_0,15.5,1253.0,19.0,67,41,24,2,6.0,3
29817_0,16.9,1314.0,20.0,44,24,26,2,5.9,5
29819_0,16.9,1391.0,21.0,45,34,20,2,5.8,2
29845_0,16.1,1267.0,19.0,65,34,22,2,5.8,3
29865_0,15.3,1205.0,18.0,80,24,20,2,6.1,3
29879_0,15.9,1217.0,19.0,75,34,18,2,6.2,5
29893_0,16.8,1390.0,21.0,44,24,14,2,5.6,5
29896_0,15.7,1239.0,19.0,65,34,28,3,6.2,5
29913_0,16.0,1393.0,20.0,99,31,17,2,5.1,3
29923_0,16.0,1372.0,20.0,84,41,16,2,5.4,99
29927_0,16.1,1340.0,22.0,54,24,37,2,6.3,99
29941_0,16.0,1289.0,21.0,76,21,16,4,5.3,3
29952_0,14.8,1226.0,19.0,81,24,14,3,5.8,5
29974_0,15.6,1249.0,19.0,65,34,38,2,6.0,2
29983_0,16.2,1281.0,20.0,63,24,16,3,5.8,1
29986_0,14.9,1204.0,17.0,87,34,29,5,6.0,5
30000_0,16.9,1323.0,20.0,49,24,22,6,6.0,5
30009_0,16.3,1320.0,20.0,48,24,18,2,5.8,3
30040_0,16.3,1363.0,20.0,51,21,29,3,5.9,1
30041_0,16.1,1275.0,19.0,54,34,19,2,6.0,5
30043_0,15.8,1220.0,19.0,76,24,23,4,5.5,5
30045_0,15.8,1234.0,20.0,66,24,14,2,5.8,5
30055_0,17.2,1332.0,21.0,39,34,47,3,6.0,2
30066_0,16.7,1301.0,20.0,52,41,23,5,5.9,5
30077_0,16.2,1272.0,20.0,54,24,16,2,5.7,5
30107_0,15.7,1210.0,18.0,76,24,19,2,6.1,5
30124_0,15.3,1254.0,18.0,72,34,12,2,5.8,3
30126_0,16.5,1273.0,19.0,61,24,17,2,5.8,5
30128_0,15.9,1235.0,20.0,65,41,21,2,6.2,99
30129_0,15.3,1256.0,18.0,75,34,12,2,5.9,1
30145_0,16.2,1289.0,20.0,89,21,24,4,5.4,5
30148_0,15.5,1285.0,19.0,79,34,25,6,6.2,99
30154_0,15.5,1209.0,18.0,75,34,17,2,5.9,5
30204_0,16.7,1270.0,19.0,60,34,24,3,5.9,5
30211_0,16.2,1288.0,20.0,63,34,27,5,5.7,5
30219_0,16.8,1379.0,21.0,45,34,25,2,5.9,1
30221_0,15.2,1252.0,18.0,70,24,14,2,6.1,5
30228_0,15.9,1238.0,18.0,65,41,17,2,6.0,5
30229_0,16.1,1296.0,21.0,62,24,23,3,6.5,3
30241_0,16.3,1368.0,20.0,50,34,13,2,6.0,1
30246_0,15.8,1248.0,20.0,62,34,41,10,6.1,5
30249_0,16.2,1271.0,20.0,50,24,20,2,6.1,99
30290_0,15.5,1224.0,17.0,69,24,17,2,6.0,99
30309_0,16.1,1332.0,21.0,55,34,38,2,6.0,5
30312_0,15.9,1314.0,20.0,64,34,17,2,6.0,3
30316_0,16.0,1296.0,20.0,105,21,25,3,5.4,3
30323_0,16.1,1336.0,21.0,44,41,31,10,6.1,5
30327_0,16.0,1265.0,20.0,60,24,21,2,5.9,5
30352_0,16.8,1349.0,21.0,44,24,28,2,6.0,5
30353_0,15.9,1218.0,19.0,75,24,23,3,6.1,5
30360_0,16.7,1308.0,19.0,56,31,18,5,5.4,5
30366_0,15.5,1222.0,18.0,115,41,13,2,5.4,3
30368_0,16.3,1365.0,20.0,51,21,37,4,6.1,5
30374_0,15.4,1252.0,19.0,68,34,39,4,5.9,5
30382_0,15.3,1252.0,18.0,73,34,14,2,6.0,3
30399_0,16.1,1287.0,20.0,61,34,16,2,5.9,99
30411_0,15.6,1247.0,20.0,66,24,13,2,6.2,5
30419_0,16.0,1351.0,21.0,77,24,15,2,5.6,1
30421_0,17.1,1382.0,22.0,39,41,19,2,5.6,3
30430_0,16.5,1271.0,20.0,63,34,19,3,5.8,5
30433_0,16.8,1355.0,21.0,43,24,30,3,5.9,5
30435_0,15.9,1286.0,20.0,89,24,13,10,5.5,5
30456_0,15.8,1216.0,19.0,70,34,16,3,5.7,3
30462_0,15.7,1224.0,18.0,70,24,24,3,5.9,1
30463_0,16.4,1270.0,20.0,64,24,21,3,5.9,2
30478_0,16.3,1266.0,20.0,53,41,26,10,6.0,3
30489_0,16.2,1356.0,21.0,58,34,28,4,5.8,5
30494_0,15.8,1261.0,20.0,68,41,27,4,6.3,5
30497_0,16.3,1317.0,20.0,52,24,13,2,6.0,5
30511_0,15.8,1243.0,20.0,64,24,36,4,6.2,5
30519_0,16.8,1265.0,19.0,63,24,18,2,5.8,3
30520_0,15.9,1229.0,19.0,81,24,19,2,5.4,1
30529_0,15.8,1213.0,18.0,75,24,21,3,5.7,5
30541_0,16.0,1266.0,20.0,67,24,15,2,5.9,99
30543_0,16.0,1278.0,21.0,60,34,41,4,6.2,5
30548_0,15.6,1209.0,18.0,80,34,20,3,5.7,5
30549_0,15.4,1208.0,18.0,72,34,15,2,6.4,3
30552_0,16.1,1308.0,20.0,103,24,29,2,5.4,1
30554_0,16.8,1347.0,21.0,46,34,35,2,6.2,3
30568_0,16.7,1264.0,19.0,62,34,22,3,5.8,5
30569_0,15.9,1226.0,19.0,70,41,25,3,6.0,5
30583_0,16.0,1277.0,20.0,66,34,39,2,6.0,3
30613_0,15.9,1305.0,20.0,92,24,27,3,5.5,5
30615_0,16.4,1376.0,20.0,54,34,20,2,5.5,5
30616_0,16.5,1273.0,19.0,56,34,20,2,5.8,5
30622_0,16.1,1264.0,19.0,58,34,23,2,5.7,5
30628_0,15.5,1248.0,19.0,74,34,24,3,6.0,5
30676_0,16.4,1352.0,21.0,51,41,27,4,6.0,5
30684_0,16.0,1331.0,20.0,61,34,17,2,5.7,3
30691_0,16.1,1267.0,20.0,77,24,18,4,5.6,5
30712_0,16.1,1325.0,22.0,48,41,31,0,6.8,99
30713_0,15.0,1227.0,17.0,156,21,14,4,5.5,5
30719_0,17.0,1316.0,20.0,47,24,17,2,5.6,99
30725_0,16.2,1350.0,21.0,51,41,37,2,6.2,3
30757_0,15.9,1261.0,20.0,66,41,43,3,5.8,3
30766_0,15.9,1284.0,20.0,97,24,13,2,5.7,5
30775_0,15.6,1249.0,19.0,67,24,31,2,6.2,3
30776_0,17.2,1386.0,21.0,41,24,26,2,6.0,2
30777_0,16.1,1247.0,19.0,64,34,30,2,6.0,5
30782_0,17.3,1381.0,22.0,33,41,36,4,6.2,99
30785_0,14.9,1217.0,17.0,85,24,23,3,6.3,3
30786_0,17.1,1386.0,22.0,39,41,29,3,6.2,3
30799_0,15.7,1210.0,18.0,75,34,16,2,6.3,5
30804_0,16.0,1253.0,19.0,58,34,18,2,6.2,5
30815_0,14.8,1201.0,18.0,166,31,16,2,5.8,5
30817_0,17.0,1306.0,19.0,55,24,15,2,6.0,1
30829_0,15.7,1225.0,19.0,84,34,15,3,5.6,5
30830_0,15.6,1209.0,18.0,75,24,17,2,6.0,3
30844_0,14.7,1212.0,17.0,91,34,13,2,6.0,3
30859_0,16.9,1387.0,21.0,41,24,19,2,5.6,5
30860_0,15.5,1237.0,19.0,89,24,14,2,5.6,5
30864_0,16.6,1340.0,20.0,59,34,21,5,5.6,1
30897_0,15.3,1256.0,18.0,72,24,15,2,6.0,99
30904_0,15.9,1229.0,18.0,72,24,19,4,5.9,2
30907_0,16.8,1268.0,19.0,62,24,18,3,5.8,2
30909_0,16.2,1346.0,20.0,53,24,22,2,6.2,1
30921_0,14.2,1175.0,17.0,155,31,15,3,5.9,3
30964_0,16.0,1284.0,20.0,62,34,23,3,6.1,5
30978_0,15.5,1268.0,18.0,88,31,26,3,5.9,5
30984_0,15.6,1248.0,19.0,66,24,13,3,6.1,3
30985_0,17.1,1332.0,20.0,47,31,26,4,6.1,2
31024_0,16.0,1289.0,21.0,59,41,38,3,5.8,3
31026_0,17.0,1286.0,18.0,53,24,23,2,6.0,3
31032_0,15.0,1221.0,17.0,137,31,22,4,5.9,1
31043_0,14.5,1197.0,17.0,176,11,17,4,5.4,5
31044_0,14.8,1204.0,17.0,78,34,20,3,6.4,1
31057_0,15.6,1262.0,19.0,70,24,26,2,6.2,3
31080_0,15.6,1297.0,19.0,126,21,20,4,5.7,5
31089_0,16.8,1346.0,21.0,45,24,42,4,6.1,5
31103_0,16.8,1346.0,21.0,43,34,43,3,5.7,1
31107_0,16.9,1365.0,21.0,48,24,19,2,5.8,5
31119_0,16.1,1272.0,20.0,52,34,25,3,6.2,2
31120_0,15.4,1249.0,19.0,71,41,10,2,5.8,1
31123_0,14.2,1209.0,17.0,209,21,18,4,5.4,3
31148_0,16.0,1239.0,19.0,66,24,23,2,5.7,5
31164_0,16.1,1281.0,21.0,60,24,25,2,6.1,1
31172_0,16.6,1335.0,20.0,58,34,28,4,6.2,5
31173_0,16.8,1322.0,20.0,48,24,25,7,6.0,1
31200_0,16.1,1266.0,19.0,54,24,38,3,6.5,5
31202_0,14.8,1210.0,17.0,88,24,21,4,5.7,5
31223_0,15.9,1238.0,18.0,72,41,26,4,5.7,5
31238_0,15.2,1254.0,18.0,73,24,13,2,6.2,5
31241_0,15.9,1243.0,20.0,63,34,41,0,6.1,2
31258_0,16.1,1320.0,20.0,57,41,26,4,5.5,5
31267_0,16.1,1315.0,22.0,57,34,39,4,5.9,3
31276_0,16.0,1253.0,19.0,64,24,18,2,5.9,5
31292_0,15.4,1251.0,18.0,70,24,35,3,5.9,5
31297_0,14.8,1232.0,18.0,134,22,15,2,5.5,5
31298_0,14.6,1205.0,16.0,87,41,16,2,5.9,2
31304_0,16.6,1331.0,20.0,62,24,24,10,5.8,3
31305_0,16.0,1287.0,21.0,65,24,25,4,6.4,2
31312_0,16.2,1353.0,21.0,54,34,24,2,6.0,5
31320_0,17.3,1369.0,22.0,39,34,22,2,5.8,5
31327_0,15.9,1229.0,19.0,73,34,24,4,5.9,3
31338_0,15.4,1204.0,18.0,73,24,24,2,5.9,1
31350_0,16.0,1234.0,19.0,69,34,24,3,5.9,1
31356_0,15.8,1222.0,18.0,68,34,32,4,6.4,5
31364_0,17.1,1329.0,21.0,44,24,19,2,6.0,5
31374_0,15.9,1248.0,19.0,65,34,23,3,6.0,99
31380_0,16.1,1351.0,21.0,57,31,15,2,5.6,5
31388_0,15.5,1257.0,19.0,79,24,30,5,5.8,5
31390_0,17.1,1300.0,18.0,61,24,30,4,5.9,3
31408_0,16.2,1287.0,20.0,55,24,23,3,5.5,1
31414_0,13.5,1180.0,16.0,224,31,16,4,5.9,3
31416_0,16.7,1311.0,20.0,53,34,24,10,5.8,1
31449_0,15.5,1249.0,19.0,68,34,16,2,6.2,2
31468_0,14.9,1237.0,18.0,86,34,18,2,5.9,5
31474_0,15.5,1248.0,19.0,79,34,14,2,5.8,99
31482_0,15.6,1290.0,19.0,124,21,17,3,5.4,2
31497_0,14.1,1191.0,16.0,173,21,16,3,5.6,2
31504_0,16.0,1280.0,21.0,59,41,42,4,6.2,3
31515_0,16.3,1289.0,20.0,52,34,31,6,6.4,5
31529_0,16.4,1260.0,20.0,62,41,30,9,6.4,99
31561_0,15.4,1251.0,19.0,69,34,33,3,6.3,5
31570_0,15.9,1240.0,20.0,64,24,22,2,6.3,5
31572_0,16.0,1270.0,19.0,56,24,16,2,6.0,1
31612_0,16.8,1344.0,21.0,46,24,26,0,6.4,3
31621_0,15.8,1243.0,20.0,77,31,18,7,5.5,5
31628_0,15.8,1225.0,19.0,85,24,18,4,5.5,5
31649_0,17.0,1372.0,22.0,39,34,27,2,6.3,1
31655_0,13.8,1196.0,16.0,197,21,16,4,5.8,3
31658_0,13.9,1174.0,16.0,206,31,15,3,5.7,1
31668_0,15.1,1248.0,17.0,76,24,39,3,6.0,1
31673_0,15.5,1248.0,19.0,68,34,38,2,6.0,99
31696_0,16.7,1378.0,21.0,45,24,36,3,5.9,5
31703_0,16.0,1278.0,20.0,81,41,13,2,5.7,5
31706_0,15.5,1248.0,19.0,69,34,13,2,5.9,1
31709_0,17.0,1376.0,22.0,46,24,28,3,6.0,5
31715_0,15.9,1230.0,19.0,72,24,29,3,6.1,3
31731_0,16.1,1307.0,22.0,61,24,34,6,6.0,5
31732_0,14.8,1230.0,18.0,82,34,18,3,5.9,5
31780_0,16.2,1308.0,20.0,55,24,15,2,5.7,3
31794_0,17.1,1310.0,18.0,50,24,26,2,5.9,1
31817_0,15.9,1220.0,19.0,75,34,17,2,5.8,99
31837_0,16.0,1285.0,20.0,89,31,18,2,5.5,99
31858_0,15.9,1298.0,20.0,105,21,17,2,5.3,99
31879_0,15.9,1225.0,19.0,71,34,24,3,6.1,5
31897_0,15.7,1277.0,19.0,72,41,28,3,6.1,5
31899_0,14.8,1231.0,18.0,76,41,16,2,5.9,5
31920_0,16.7,1347.0,21.0,48,24,33,2,6.0,5
31950_0,16.3,1316.0,20.0,44,34,39,4,6.7,3
31953_0,16.0,1272.0,21.0,67,24,16,2,5.8,5
31959_0,16.4,1394.0,20.0,89,31,18,4,5.4,3
31972_0,17.3,1386.0,22.0,29,24,39,10,5.8,5
31981_0,16.9,1321.0,20.0,57,24,21,4,6.2,2
31995_0,16.6,1363.0,21.0,48,24,18,2,6.0,5
32027_0,15.6,1264.0,19.0,71,34,19,2,6.1,5
32032_0,16.7,1319.0,20.0,59,24,28,10,6.8,5
32042_0,14.4,1184.0,17.0,163,31,16,3,6.2,3
32048_0,16.1,1276.0,20.0,57,24,28,2,5.9,5
32058_0,16.1,1282.0,21.0,59,24,42,5,6.0,3
32075_0,14.9,1216.0,17.0,84,34,23,2,6.0,1
32090_0,16.1,1295.0,20.0,85,31,14,3,5.5,5
32113_0,16.8,1385.0,21.0,42,24,22,2,5.9,1
32136_0,13.5,1180.0,16.0,227,22,14,3,5.7,3
32148_0,15.8,1272.0,19.0,70,34,22,2,6.0,5
32161_0,16.2,1276.0,20.0,68,24,21,5,6.4,5
32164_0,14.8,1204.0,17.0,79,24,24,3,6.0,5
32192_0,17.0,1378.0,21.0,42,41,19,2,6.2,5
32195_0,16.0,1294.0,20.0,84,21,19,2,5.7,2
32201_0,15.9,1394.0,20.0,102,42,14,2,5.1,1
32209_0,16.2,1352.0,21.0,53,34,37,4,6.2,5
32211_0,14.7,1216.0,18.0,79,41,13,2,6.3,5
32219_0,16.1,1270.0,20.0,65,41,16,2,6.0,5
32227_0,14.8,1228.0,18.0,106,21,11,2,5.6,99
32244_0,16.9,1367.0,21.0,42,34,42,3,6.2,5
32252_0,16.9,1276.0,18.0,63,24,30,5,5.8,5
32254_0,14.5,1204.0,16.0,86,24,13,2,5.9,5
32266_0,16.5,1359.0,20.0,48,34,20,2,5.9,3
32267_0,17.4,1388.0,22.0,36,24,28,3,5.8,99
32277_0,16.2,1319.0,20.0,55,24,16,2,5.8,1
32297_0,17.2,1356.0,21.0,37,24,21,2,6.0,3
32299_0,16.8,1329.0,21.0,46,24,24,2,5.6,3
32305_0,15.9,1236.0,19.0,76,34,14,2,5.8,3
32340_0,15.9,1255.0,20.0,65,41,45,4,5.9,3
32366_0,15.9,1259.0,20.0,65,34,33,2,5.9,3
32388_0,15.8,1244.0,20.0,65,24,39,3,6.0,1
32401_0,16.3,1301.0,20.0,50,41,35,7,6.1,5
32433_0,16.0,1320.0,21.0,60,24,24,3,6.0,5
32449_0,14.0,1182.0,16.0,205,21,13,2,5.4,2
32453_0,15.6,1242.0,19.0,72,24,18,2,5.9,1
32458_0,16.0,1266.0,21.0,61,24,20,2,6.1,5
32460_0,17.0,1332.0,21.0,48,24,23,3,5.7,3
32471_0,16.4,1269.0,20.0,55,41,14,5,5.5,3
32484_0,16.0,1323.0,21.0,59,24,29,6,6.4,5
32491_0,15.9,1245.0,20.0,63,41,37,4,6.2,5
32492_0,16.4,1372.0,20.0,47,34,41,3,6.5,3
32493_0,15.0,1244.0,18.0,75,24,34,2,5.4,3
32498_0,16.1,1273.0,21.0,59,24,25,2,6.0,3
32510_0,15.7,1213.0,18.0,75,41,17,3,5.8,5
32520_0,16.6,1415.0,21.0,63,21,21,5,5.4,5
32525_0,16.8,1346.0,21.0,47,24,38,3,5.7,5
32531_0,16.2,1319.0,20.0,56,24,17,2,6.1,3
32541_0,15.8,1228.0,18.0,68,41,15,2,6.3,5
32559_0,15.2,1250.0,18.0,74,34,9,2,5.8,5
32577_0,14.6,1205.0,16.0,87,34,18,2,6.2,5
32579_0,14.6,1205.0,17.0,115,21,15,3,5.8,3
32585_0,16.8,1340.0,21.0,45,24,25,2,6.3,5
32594_0,16.3,1368.0,20.0,49,34,15,2,5.9,5
32605_0,16.8,1380.0,21.0,45,24,16,2,5.8,5
32613_0,16.1,1270.0,20.0,63,24,20,2,5.5,3
32632_0,14.8,1231.0,19.0,81,24,9,2,5.9,1
32634_0,16.9,1349.0,21.0,42,24,43,4,6.0,3
32638_0,16.8,1321.0,21.0,41,34,41,4,5.8,2
32641_0,16.0,1296.0,20.0,86,21,22,3,5.5,5
32651_0,16.0,1243.0,19.0,67,34,21,4,6.1,3
32653_0,16.1,1271.0,20.0,61,41,28,4,5.6,5
32654_0,16.0,1267.0,21.0,64,34,19,2,5.9,3
32662_0,15.6,1285.0,19.0,76,34,23,4,5.7,5
32668_0,15.4,1290.0,19.0,176,21,17,3,5.8,5
32670_0,16.4,1321.0,20.0,48,34,38,4,6.5,3
32671_0,15.5,1258.0,19.0,69,34,39,3,5.6,5
32693_0,16.1,1264.0,19.0,57,34,18,2,5.7,99
32698_0,16.0,1290.0,21.0,58,41,27,2,6.0,2
32715_0,17.3,1390.0,22.0,36,34,25,2,6.0,3
32729_0,15.7,1271.0,19.0,73,42,20,2,5.9,5
32761_0,16.1,1276.0,20.0,65,24,35,2,6.0,3
32769_0,15.2,1253.0,17.0,76,34,17,2,5.8,5
32775_0,17.2,1310.0,17.0,47,34,23,2,6.1,5
32783_0,15.8,1252.0,20.0,65,34,41,5,6.3,5
32785_0,17.2,1382.0,22.0,39,41,30,4,6.0,5
32795_0,14.3,1206.0,16.0,122,31,15,2,6.2,1
32830_0,16.1,1266.0,19.0,64,24,18,3,5.6,1
32839_0,15.0,1240.0,18.0,73,34,36,4,6.6,1
32853_0,16.9,1271.0,19.0,56,24,23,4,5.9,5
32872_0,16.8,1360.0,21.0,47,24,48,2,5.6,5
32880_0,16.3,1324.0,20.0,47,24,30,3,5.9,1
32884_0,15.7,1245.0,20.0,65,24,17,2,6.6,3
32909_0,15.6,1274.0,19.0,80,21,27,5,6.0,5
32917_0,17.3,1384.0,21.0,36,34,22,2,5.7,5
32940_0,14.0,1187.0,16.0,164,31,16,4,5.9,5
32941_0,13.7,1170.0,16.0,195,21,15,2,5.6,5
32951_0,15.8,1244.0,20.0,63,41,28,4,6.0,3
32966_0,16.1,1265.0,21.0,62,24,31,2,6.1,5
32967_0,13.6,1184.0,16.0,168,32,14,3,5.9,5
32972_0,16.3,1334.0,20.0,53,34,19,2,6.0,99
32985_0,16.0,1245.0,19.0,68,34,20,2,5.6,1
32996_0,15.6,1243.0,20.0,70,24,15,2,5.7,99
33003_0,16.0,1284.0,20.0,91,21,14,2,5.2,99
33034_0,14.0,1197.0,16.0,203,21,16,3,5.6,5
33037_0,17.0,1295.0,18.0,51,24,34,2,6.6,5
33055_0,15.0,1245.0,18.0,74,34,39,3,5.4,1
33057_0,14.9,1238.0,18.0,74,41,12,2,5.8,1
33066_0,16.1,1299.0,20.0,96,24,28,4,5.6,3
33069_0,14.8,1206.0,17.0,84,24,11,2,5.9,3
33094_0,15.4,1260.0,18.0,75,24,18,2,5.9,5
33124_0,17.1,1358.0,22.0,40,34,45,3,6.0,3
33142_0,15.8,1244.0,20.0,64,34,39,3,6.0,5
33151_0,15.0,1242.0,18.0,77,24,9,2,6.0,99
33157_0,14.8,1227.0,18.0,79,41,16,2,6.1,5
33164_0,14.8,1209.0,17.0,84,34,22,2,6.2,3
33170_0,16.2,1293.0,20.0,89,34,24,2,5.4,1
33171_0,16.7,1343.0,21.0,48,24,35,2,6.1,1
33172_0,16.2,1311.0,20.0,55,34,12,7,5.8,3
33176_0,17.1,1321.0,20.0,32,41,32,10,6.4,5
33184_0,16.7,1349.0,21.0,45,34,36,3,6.0,5
33189_0,17.2,1344.0,21.0,35,24,46,4,6.1,3
33197_0,16.8,1359.0,21.0,50,24,50,4,5.9,3
33205_0,16.1,1342.0,21.0,56,24,12,2,5.7,5
33232_0,15.9,1384.0,20.0,88,34,15,2,5.6,5
33237_0,16.1,1266.0,20.0,67,24,17,2,6.0,1
33248_0,17.2,1365.0,22.0,35,24,21,2,5.9,1
33261_0,16.3,1305.0,20.0,48,34,17,2,5.6,2
33272_0,15.7,1212.0,19.0,91,34,24,2,5.5,5
33273_0,17.1,1349.0,21.0,38,34,45,4,6.4,5
33298_0,16.0,1301.0,20.0,98,24,18,3,5.4,5
33324_0,16.1,1267.0,19.0,59,24,13,2,5.9,5
33330_0,15.3,1251.0,18.0,72,34,21,3,6.1,5
33334_0,15.5,1250.0,19.0,67,34,38,4,6.0,99
33342_0,16.8,1337.0,21.0,45,24,27,2,5.8,99
33346_0,16.1,1281.0,20.0,54,24,20,2,5.7,3
33356_0,16.3,1272.0,20.0,64,34,34,9,6.5,5
33361_0,15.5,1249.0,19.0,70,24,21,2,6.2,5
33375_0,14.9,1243.0,18.0,76,34,19,2,6.0,1
33401_0,17.1,1329.0,21.0,40,34,42,4,6.1,2
33402_0,14.8,1226.0,18.0,80,34,12,2,6.4,1
33407_0,16.8,1379.0,21.0,46,24,42,3,5.8,3
33408_0,15.6,1220.0,18.0,73,41,27,3,6.1,3
33425_0,15.0,1241.0,18.0,74,34,35,3,6.7,5
33428_0,17.1,1333.0,20.0,48,24,25,6,6.5,3
33460_0,16.0,1277.0,20.0,66,24,13,2,5.9,3
33484_0,15.5,1207.0,18.0,80,34,36,4,6.1,5
33485_0,16.5,1325.0,20.0,48,34,33,2,6.1,5
33493_0,16.1,1264.0,19.0,60,24,22,2,5.6,1
33505_0,16.9,1320.0,20.0,51,24,23,5,5.5,3
33517_0,15.9,1304.0,20.0,91,41,14,2,5.3,2
33518_0,16.7,1283.0,19.0,59,24,27,3,5.8,5
33526_0,13.3,1147.0,16.0,204,31,15,2,5.9,99
33549_0,16.1,1287.0,21.0,55,34,28,10,6.8,5
33568_0,16.2,1267.0,20.0,59,24,29,9,6.6,1
33570_0,16.7,1323.0,20.0,41,34,31,4,6.5,5
33574_0,14.9,1218.0,17.0,86,34,21,2,6.2,3
33577_0,16.1,1265.0,19.0,60,24,18,2,5.7,5
33595_0,15.0,1250.0,18.0,74,34,16,2,5.9,99
33613_0,15.4,1205.0,18.0,78,24,19,2,5.8,3
33620_0,13.3,1157.0,16.0,212,41,14,4,5.6,5
33635_0,16.0,1245.0,19.0,64,24,25,2,5.7,5
33652_0,16.0,1303.0,20.0,103,21,18,3,5.5,99
33673_0,16.1,1255.0,20.0,66,24,14,3,5.7,5
33676_0,16.1,1259.0,20.0,66,24,19,2,5.9,1
33684_0,16.9,1382.0,21.0,40,24,23,2,5.8,2
33690_0,16.6,1348.0,20.0,52,24,17,2,5.9,5
33699_0,15.8,1401.0,20.0,130,24,12,3,4.9,3
33700_0,16.6,1337.0,20.0,57,34,26,7,6.5,2
33725_0,17.2,1331.0,21.0,40,24,29,2,5.9,3
33736_0,15.2,1207.0,17.0,78,41,24,2,5.9,5
33738_0,16.1,1324.0,21.0,77,41,18,2,5.7,1
33751_0,16.8,1375.0,21.0,45,24,23,2,6.1,1
33810_0,15.3,1251.0,19.0,71,24,14,2,6.1,5
33816_0,16.9,1387.0,21.0,39,41,15,2,5.8,3
33817_0,16.8,1380.0,21.0,45,34,18,2,6.0,5
33821_0,17.3,1387.0,22.0,39,34,35,2,5.9,3
33825_0,14.3,1213.0,16.0,126,31,18,3,5.5,99
33859_0,15.2,1208.0,18.0,77,41,16,2,6.6,3
33860_0,14.8,1223.0,19.0,82,24,13,2,5.9,1
33883_0,15.9,1324.0,20.0,119,24,21,2,5.2,5
33907_0,17.4,1384.0,21.0,37,41,26,4,5.7,99
33908_0,15.6,1268.0,19.0,72,24,29,4,6.4,3
33909_0,16.2,1278.0,20.0,53,24,17,2,5.9,5
33930_0,16.3,1265.0,20.0,59,34,24,6,6.3,5
33942_0,14.8,1221.0,17.0,181,31,14,4,5.3,5
33960_0,16.1,1258.0,20.0,55,34,26,4,5.8,1
33968_0,14.2,1196.0,16.0,122,31,18,2,6.0,5
33969_0,15.5,1277.0,19.0,85,24,23,3,5.8,5
33989_0,15.5,1249.0,19.0,69,34,17,3,5.8,5
33998_0,16.2,1294.0,20.0,86,34,26,4,5.9,5
34010_0,16.0,1228.0,19.0,72,34,23,2,5.9,99
34011_0,16.0,1269.0,20.0,65,34,34,6,6.1,3
34013_0,15.4,1249.0,19.0,73,24,12,2,6.1,99
34022_0,17.3,1385.0,22.0,32,34,32,3,6.0,5
34033_0,15.3,1249.0,19.0,74,24,11,2,6.2,5
34037_0,15.9,1255.0,19.0,65,24,15,7,5.6,1
34042_0,16.8,1329.0,21.0,44,34,28,2,6.0,3
34045_0,15.4,1260.0,18.0,73,34,26,2,6.2,5
34068_0,16.8,1391.0,21.0,43,24,20,2,6.0,5
34072_0,14.9,1211.0,17.0,97,34,28,7,6.1,3
34074_0,17.2,1393.0,21.0,40,41,36,4,5.8,5
34083_0,15.6,1210.0,18.0,84,31,14,2,5.7,5
34121_0,16.1,1287.0,21.0,56,34,36,2,6.1,1
34128_0,16.1,1268.0,20.0,63,24,20,2,5.8,3
34154_0,17.1,1387.0,22.0,41,41,18,2,5.7,5
34164_0,17.0,1379.0,22.0,43,34,19,2,6.3,3
34169_0,16.1,1296.0,19.0,95,24,24,4,5.4,3
34185_0,16.1,1274.0,20.0,56,41,27,10,6.9,1
34198_0,15.9,1230.0,18.0,68,34,22,3,5.9,5
34199_0,16.0,1261.0,21.0,62,24,39,2,5.9,5
34219_0,16.9,1276.0,18.0,60,24,30,8,5.6,5
34226_0,14.8,1242.0,18.0,79,34,14,2,6.1,99
34243_0,16.1,1268.0,21.0,60,34,41,4,6.3,5
34251_0,16.0,1266.0,20.0,73,24,15,4,5.6,1
34258_0,16.4,1332.0,20.0,55,34,28,9,6.5,1
34266_0,16.0,1269.0,20.0,56,24,30,3,6.6,5
34280_0,14.0,1196.0,16.0,180,24,16,3,5.9,1
34286_0,15.3,1203.0,18.0,79,34,28,3,5.9,1
34310_0,16.5,1337.0,20.0,49,24,19,2,6.1,3
34333_0,17.1,1296.0,18.0,64,24,27,9,5.9,5
34361_0,15.9,1226.0,19.0,75,24,22,3,5.8,1
34364_0,16.1,1243.0,20.0,69,24,17,4,5.9,5
34368_0,15.9,1388.0,20.0,111,24,13,4,5.0,3
34379_0,17.2,1314.0,17.0,50,24,17,2,5.7,3
34380_0,16.1,1303.0,21.0,62,24,12,2,6.0,3
34390_0,16.0,1296.0,20.0,98,31,21,5,5.2,99
34399_0,16.1,1254.0,20.0,72,34,27,4,5.5,5
34400_0,16.5,1326.0,20.0,45,31,23,2,6.2,99
34402_0,16.8,1346.0,21.0,46,24,37,5,6.4,1
34409_0,16.1,1313.0,22.0,61,24,14,2,5.8,5
34414_0,16.0,1256.0,19.0,62,34,17,2,5.6,5
34421_0,17.1,1296.0,17.0,50,24,19,2,6.1,2
34427_0,14.8,1227.0,19.0,81,34,21,2,6.1,2
34437_0,16.9,1394.0,21.0,39,24,31,2,6.1,5
34440_0,14.9,1219.0,17.0,149,31,17,3,5.7,5
34442_0,16.4,1369.0,20.0,51,34,38,5,5.9,99
34443_0,16.3,1360.0,20.0,48,41,31,2,6.3,99
34448_0,16.0,1249.0,19.0,63,34,12,2,6.1,5
34452_0,14.8,1197.0,17.0,133,22,18,3,5.7,3
34478_0,16.0,1303.0,21.0,69,24,12,2,5.8,5
34485_0,14.8,1239.0,18.0,79,34,14,2,6.1,1
34497_0,16.0,1316.0,20.0,98,42,32,3,6.2,3
34506_0,17.1,1338.0,21.0,37,41,40,3,6.1,1
34512_0,16.2,1266.0,20.0,62,24,18,4,5.6,5
34514_0,15.3,1275.0,18.0,175,31,17,5,5.4,1
34518_0,14.8,1227.0,18.0,86,24,9,2,6.1,2
34538_0,14.9,1246.0,18.0,74,34,16,2,6.2,5
34561_0,16.1,1255.0,20.0,65,41,24,4,6.1,5
34569_0,16.0,1253.0,20.0,62,34,38,5,5.8,5
34589_0,16.8,1315.0,20.0,48,24,30,10,7.0,5
34594_0,15.4,1254.0,18.0,69,24,38,3,6.1,5
34602_0,17.1,1386.0,22.0,43,24,23,2,5.9,5
34607_0,15.6,1215.0,18.0,92,24,12,2,5.5,1
34670_0,16.3,1299.0,20.0,49,24,20,2,6.0,5
34687_0,14.8,1231.0,18.0,78,24,21,2,6.0,5
34690_0,16.6,1375.0,20.0,47,34,27,2,6.1,3
34700_0,15.3,1208.0,18.0,76,41,23,3,6.1,99
34702_0,16.0,1270.0,20.0,68,34,18,2,6.0,2
34710_0,15.5,1247.0,19.0,65,41,29,2,6.1,5
34719_0,16.2,1272.0,19.0,57,34,27,7,6.2,1
34742_0,15.8,1241.0,20.0,74,24,31,8,6.2,5
34745_0,13.3,1150.0,16.0,201,21,15,2,5.8,5
34759_0,16.8,1311.0,19.0,58,24,24,9,5.9,1
34769_0,16.5,1336.0,20.0,55,34,29,5,6.5,1
34798_0,15.7,1233.0,17.0,68,24,13,2,5.9,2
34817_0,14.4,1211.0,17.0,146,42,17,5,5.8,5
34828_0,15.9,1264.0,20.0,68,24,20,3,6.2,99
34831_0,15.8,1266.0,20.0,69,24,21,2,6.0,1
34867_0,16.1,1261.0,19.0,70,34,25,3,6.0,5
34879_0,15.5,1268.0,18.0,74,24,37,2,6.0,3
34888_0,16.7,1382.0,20.0,53,24,30,4,5.6,1
34894_0,16.8,1370.0,21.0,42,41,41,4,6.1,3
34920_0,17.2,1353.0,22.0,36,24,20,2,5.7,3
34952_0,15.6,1215.0,18.0,75,24,13,2,5.7,5
34953_0,16.4,1272.0,20.0,61,42,16,5,5.4,3
34963_0,16.4,1359.0,20.0,49,34,43,2,6.1,1
34977_0,16.3,1345.0,20.0,42,41,29,10,7.6,99
34981_0,17.2,1371.0,22.0,37,24,31,2,6.0,99
34982_0,15.6,1213.0,18.0,77,34,25,3,5.9,1
34989_0,16.0,1239.0,19.0,70,34,18,3,5.8,5
34995_0,16.5,1320.0,20.0,45,24,36,3,6.5,3
34998_0,16.2,1289.0,20.0,83,34,23,2,5.9,1
35012_0,16.2,1352.0,21.0,49,34,30,2,5.8,5
35050_0,16.0,1246.0,20.0,73,41,15,3,5.8,5
35055_0,15.7,1261.0,19.0,67,34,20,2,6.3,3
35062_0,16.2,1275.0,20.0,54,24,30,4,5.7,5
35077_0,14.6,1200.0,17.0,163,42,16,2,5.7,1
35104_0,16.2,1300.0,20.0,56,24,21,6,5.7,5
35133_0,15.9,1321.0,20.0,67,24,10,2,5.8,3
35135_0,16.4,1357.0,20.0,51,34,18,2,5.9,2
35146_0,15.6,1299.0,20.0,131,21,15,2,5.2,3
35147_0,16.1,1326.0,22.0,59,34,30,2,6.2,5
35156_0,15.9,1236.0,20.0,64,24,16,4,6.0,3
35157_0,15.1,1205.0,17.0,73,41,23,3,6.2,5
35163_0,16.9,1393.0,21.0,40,24,26,3,6.3,99
35172_0,16.8,1378.0,21.0,49,24,19,3,5.7,2
35174_0,16.7,1270.0,20.0,61,34,18,2,5.8,3
35185_0,15.4,1249.0,19.0,69,41,17,2,5.9,3
35195_0,16.0,1320.0,21.0,66,24,18,4,5.3,1
35229_0,16.0,1309.0,21.0,57,24,27,2,6.3,5
35238_0,17.1,1337.0,21.0,40,34,43,2,6.0,3
35248_0,16.1,1281.0,20.0,55,41,20,3,5.8,3
35274_0,17.2,1319.0,17.0,47,41,24,2,5.7,99
35291_0,16.4,1309.0,20.0,55,34,29,7,6.3,1
35303_0,17.1,1359.0,21.0,41,34,45,3,6.3,1
35305_0,17.1,1395.0,22.0,39,24,37,4,6.0,1
35329_0,16.0,1233.0,19.0,67,34,18,2,5.7,5
35341_0,15.1,1240.0,18.0,77,24,18,2,5.8,1
35342_0,15.9,1259.0,20.0,67,24,23,2,5.9,2
35344_0,17.1,1303.0,17.0,48,24,33,2,6.1,5
35362_0,15.0,1214.0,17.0,151,21,18,3,5.6,5
35376_0,16.0,1303.0,20.0,106,24,23,3,5.5,5
35388_0,16.1,1252.0,20.0,66,24,16,3,5.9,5
35395_0,16.0,1273.0,21.0,65,24,16,2,5.7,5
35397_0,15.3,1255.0,18.0,69,24,28,4,7.2,3
35404_0,16.7,1272.0,20.0,69,34,23,2,6.1,5
35414_0,16.5,1437.0,20.0,114,21,17,4,5.3,3
35419_0,16.7,1428.0,21.0,111,21,13,3,5.3,5
35426_0,15.8,1243.0,20.0,64,41,22,10,6.4,3
35427_0,16.7,1315.0,20.0,45,21,25,10,5.9,3
35435_0,16.5,1266.0,20.0,59,34,19,2,5.7,5
35466_0,13.3,1173.0,16.0,235,32,15,2,5.5,5
35474_0,16.6,1263.0,20.0,62,24,17,2,5.8,5
35475_0,15.1,1237.0,18.0,89,34,16,2,5.4,3
35485_0,14.7,1209.0,18.0,92,34,35,6,6.7,5
35493_0,15.4,1250.0,19.0,70,24,11,2,5.7,2
35514_0,16.6,1342.0,21.0,48,34,41,3,5.9,5
35520_0,16.1,1298.0,22.0,62,24,21,2,5.8,3
35539_0,15.9,1235.0,20.0,77,24,16,2,5.8,5
35554_0,15.6,1248.0,19.0,66,31,42,5,5.8,5
35567_0,15.3,1258.0,18.0,71,24,21,2,6.1,99
35574_0,16.6,1311.0,20.0,45,41,25,9,6.3,2
35585_0,17.0,1373.0,21.0,42,24,41,3,6.0,5
35589_0,15.6,1250.0,19.0,66,34,41,6,6.3,3
35592_0,17.0,1351.0,21.0,40,34,49,4,6.3,3
35593_0,16.0,1241.0,20.0,63,24,31,3,5.9,5
35609_0,15.2,1252.0,18.0,73,41,17,2,6.3,3
35643_0,16.3,1430.0,21.0,122,21,20,6,5.2,5
35644_0,17.2,1396.0,21.0,38,24,21,2,5.8,99
35665_0,16.1,1277.0,20.0,62,34,16,2,6.1,5
35681_0,15.3,1214.0,17.0,79,24,27,2,6.2,5
35697_0,16.9,1309.0,19.0,58,24,32,10,6.5,1
35722_0,16.7,1369.0,21.0,48,24,18,2,6.1,5
35727_0,15.7,1249.0,20.0,65,24,32,3,6.3,2
35733_0,16.0,1253.0,20.0,64,24,41,4,5.8,99
35755_0,15.7,1210.0,18.0,74,34,15,2,5.9,1
35766_0,14.4,1196.0,17.0,136,21,16,2,6.0,99
35775_0,14.4,1202.0,16.0,88,34,19,3,5.9,1
35798_0,15.9,1264.0,20.0,67,41,34,1,6.4,5
35813_0,16.2,1285.0,20.0,62,24,16,2,5.8,3
35816_0,17.2,1369.0,22.0,39,24,35,2,5.8,99
35830_0,17.2,1398.0,22.0,39,24,19,2,5.8,5
35845_0,16.6,1317.0,20.0,46,34,35,4,6.2,99
35854_0,16.5,1323.0,20.0,44,24,25,2,6.2,5
35866_0,15.9,1245.0,20.0,66,24,28,3,6.3,3
35867_0,16.0,1296.0,20.0,68,34,15,2,5.7,5
35878_0,15.6,1308.0,19.0,140,24,18,2,5.3,1
35879_0,15.9,1223.0,19.0,69,34,24,2,5.9,3
35921_0,13.1,1173.0,16.0,268,31,14,3,5.4,5
35976_0,17.0,1339.0,19.0,43,24,18,2,5.9,5
35987_0,14.3,1190.0,16.0,129,31,17,2,6.1,5
36006_0,14.9,1216.0,17.0,88,34,17,2,6.0,3
36011_0,16.0,1277.0,20.0,63,24,20,3,6.0,3
36015_0,17.1,1371.0,22.0,42,24,37,2,6.0,5
36024_0,16.3,1340.0,20.0,51,24,30,2,6.1,5
36025_0,16.0,1338.0,21.0,60,34,27,7,6.4,5
36033_0,16.4,1386.0,21.0,62,34,16,2,5.8,3
36040_0,16.3,1410.0,21.0,92,21,22,10,5.2,1
36047_0,13.7,1185.0,16.0,217,21,15,3,5.6,5
36053_0,17.0,1360.0,22.0,42,34,40,4,6.0,3
36056_0,15.9,1264.0,20.0,72,24,25,3,6.2,5
36065_0,16.4,1278.0,20.0,66,24,14,2,5.7,5
36080_0,15.8,1231.0,20.0,68,34,16,3,6.2,3
36083_0,15.8,1223.0,19.0,65,34,20,3,5.8,3
36089_0,14.8,1233.0,19.0,78,24,11,2,6.0,2
36090_0,16.1,1265.0,19.0,61,24,29,5,5.8,5
36093_0,15.5,1206.0,18.0,80,24,15,3,6.0,1
36097_0,15.5,1213.0,18.0,77,24,24,3,5.7,5
36102_0,15.6,1273.0,19.0,79,24,29,5,6.4,5
36107_0,16.0,1280.0,21.0,60,21,40,4,6.3,3
36108_0,15.9,1229.0,19.0,75,24,14,2,5.9,5
36110_0,15.7,1250.0,20.0,66,24,36,4,6.2,5
36135_0,17.0,1380.0,22.0,43,34,28,2,5.9,1
36147_0,17.1,1380.0,22.0,39,24,18,2,6.0,99
36151_0,16.1,1249.0,20.0,74,24,22,3,6.2,3
36156_0,16.8,1372.0,21.0,45,34,21,2,6.0,3
36166_0,15.8,1256.0,20.0,67,34,28,3,6.4,1
36169_0,16.0,1285.0,20.0,67,41,27,10,6.0,5
36176_0,16.0,1233.0,19.0,73,24,16,3,5.8,99
36180_0,15.6,1275.0,19.0,75,41,29,8,6.2,1
36194_0,16.7,1332.0,20.0,52,41,27,6,6.2,5
36197_0,16.9,1319.0,20.0,54,34,25,7,6.5,5
36242_0,17.1,1307.0,17.0,51,24,16,2,5.8,2
36260_0,16.7,1341.0,21.0,48,24,27,2,5.9,5
36274_0,17.1,1385.0,22.0,40,41,28,2,5.9,1
36277_0,14.8,1225.0,19.0,84,34,16,2,6.1,1
36327_0,17.0,1383.0,22.0,40,24,20,2,5.8,5
36341_0,16.0,1272.0,19.0,62,41,24,7,5.8,3
36343_0,15.4,1258.0,18.0,72,34,21,2,6.1,5
36348_0,15.7,1244.0,20.0,63,34,33,3,5.8,5
36350_0,14.3,1203.0,16.0,174,22,14,3,5.4,5
36357_0,15.4,1206.0,18.0,77,24,27,2,6.1,3
36372_0,17.1,1392.0,21.0,44,34,22,6,5.5,5
36373_0,15.0,1255.0,18.0,75,24,16,2,6.3,5
36383_0,16.5,1369.0,20.0,51,24,29,3,5.7,3
36386_0,16.4,1343.0,20.0,49,31,22,2,6.0,5
36423_0,17.1,1342.0,21.0,36,24,43,5,6.2,99
36462_0,14.5,1184.0,17.0,106,31,17,4,5.9,5
36464_0,16.0,1276.0,20.0,73,24,23,8,5.5,3
36488_0,16.1,1264.0,19.0,63,34,35,10,5.8,1
36489_0,15.9,1249.0,20.0,65,24,45,3,5.5,5
36491_0,15.6,1247.0,19.0,76,34,38,3,5.6,5
36522_0,17.0,1309.0,19.0,55,24,17,2,5.8,1
36551_0,16.0,1343.0,20.0,68,34,21,4,5.6,3
36565_0,16.0,1290.0,21.0,57,24,30,2,5.9,99
36568_0,15.8,1245.0,20.0,61,41,34,2,6.0,3
36572_0,16.1,1254.0,20.0,69,34,21,2,5.8,3
36575_0,15.9,1259.0,20.0,64,24,34,2,6.3,5
36586_0,16.4,1306.0,20.0,56,34,28,8,6.5,2
36595_0,16.1,1274.0,21.0,58,24,42,4,5.9,5
36603_0,16.0,1253.0,20.0,61,41,40,6,6.1,5
36607_0,16.1,1304.0,20.0,85,41,29,2,5.8,3
36619_0,16.1,1304.0,20.0,87,41,34,4,5.4,5
36670_0,16.1,1268.0,19.0,59,24,22,4,5.9,5
36686_0,15.4,1252.0,19.0,74,24,18,2,5.9,1
36695_0,16.4,1337.0,20.0,41,41,25,10,6.4,3
36701_0,15.2,1218.0,17.0,107,34,16,2,5.8,99
36729_0,16.3,1324.0,20.0,48,41,39,9,6.3,3
36730_0,16.0,1316.0,20.0,60,24,11,2,5.7,1
36753_0,16.7,1275.0,19.0,58,24,25,3,5.8,2
36766_0,14.8,1191.0,17.0,106,31,16,3,6.1,5
36781_0,17.1,1374.0,22.0,40,41,28,2,6.1,5
36785_0,16.1,1250.0,20.0,67,24,17,2,5.8,5
36793_0,14.7,1220.0,18.0,108,41,12,2,5.7,1
36795_0,16.1,1265.0,19.0,58,24,34,10,6.6,3
36806_0,15.8,1400.0,20.0,123,24,11,2,5.0,5
36825_0,16.5,1382.0,20.0,45,24,22,3,5.8,5
36845_0,17.1,1399.0,22.0,42,24,19,2,5.8,5
36861_0,15.4,1205.0,18.0,79,34,24,2,5.9,5
36865_0,16.0,1266.0,20.0,70,24,19,2,6.0,3
36868_0,15.9,1238.0,19.0,63,24,17,2,6.1,2
36877_0,16.1,1261.0,20.0,76,34,22,3,5.7,5
36881_0,16.0,1353.0,20.0,79,24,24,2,5.1,3
36887_0,16.0,1266.0,21.0,62,34,35,3,6.1,3
36897_0,16.1,1292.0,20.0,88,24,27,3,5.5,1
36922_0,16.2,1291.0,20.0,52,24,16,2,5.7,5
36931_0,16.2,1351.0,21.0,53,34,43,3,6.0,5
36932_0,15.5,1213.0,18.0,78,34,26,3,5.9,1
36976_0,16.0,1292.0,21.0,58,34,31,3,6.5,5
37022_0,15.4,1263.0,18.0,74,24,27,2,6.4,2
37055_0,17.1,1343.0,21.0,38,34,50,5,6.2,5
37071_0,16.1,1344.0,21.0,52,24,27,2,6.1,5
37093_0,16.7,1321.0,20.0,43,34,34,2,6.5,1
37099_0,14.4,1204.0,16.0,90,34,22,2,6.1,3
37103_0,16.4,1340.0,20.0,59,24,26,8,5.8,5
37105_0,17.1,1388.0,22.0,40,42,19,2,5.6,3
37111_0,15.6,1250.0,19.0,69,24,17,2,5.9,1
37125_0,16.4,1265.0,20.0,59,24,16,3,5.5,5
37126_0,14.8,1220.0,17.0,176,21,16,3,5.4,3
37131_0,13.3,1182.0,16.0,238,31,15,4,5.8,5
37141_0,14.5,1198.0,17.0,164,21,16,5,5.2,3
37143_0,16.7,1315.0,20.0,61,34,30,7,6.1,5
37154_0,14.8,1227.0,19.0,84,34,15,2,6.2,5
37160_0,14.7,1244.0,18.0,158,21,14,5,5.2,5
37164_0,16.6,1314.0,20.0,45,24,33,4,6.0,1
37169_0,15.8,1241.0,20.0,68,24,26,7,6.3,5
37191_0,16.3,1303.0,20.0,55,41,27,5,5.9,1
37202_0,15.8,1231.0,20.0,67,24,15,3,5.9,5
37205_0,15.4,1204.0,18.0,80,34,24,3,6.1,3
37206_0,16.5,1373.0,20.0,45,24,33,3,6.3,5
37222_0,15.8,1215.0,18.0,76,41,19,2,6.1,5
37229_0,17.0,1396.0,21.0,51,24,25,5,5.9,5
37234_0,16.3,1267.0,20.0,64,24,33,9,6.8,99
37269_0,15.5,1231.0,18.0,127,21,16,3,5.4,1
37271_0,14.5,1205.0,16.0,122,21,16,2,5.8,5
37285_0,17.4,1389.0,22.0,34,34,44,5,6.1,5
37305_0,16.4,1314.0,20.0,44,24,31,3,5.8,5
37306_0,16.8,1379.0,21.0,44,34,23,2,5.8,5
37308_0,15.9,1250.0,20.0,63,41,36,3,5.8,3
37312_0,16.1,1287.0,21.0,58,34,36,3,6.3,3
37322_0,16.8,1322.0,21.0,56,24,27,4,6.3,5
37332_0,16.9,1365.0,21.0,43,24,47,4,6.2,5
37334_0,16.0,1285.0,20.0,62,24,16,2,5.8,5
37340_0,16.7,1349.0,21.0,47,34,23,2,6.1,5
37344_0,15.9,1223.0,19.0,74,24,25,4,6.1,99
37350_0,16.7,1319.0,20.0,38,41,26,10,5.6,1
37370_0,16.0,1235.0,20.0,70,34,27,3,5.8,99
37379_0,13.8,1195.0,16.0,193,21,13,4,5.6,5
37399_0,13.7,1194.0,16.0,167,21,15,3,5.7,5
37402_0,14.2,1214.0,16.0,145,31,16,4,5.5,5
37417_0,15.3,1256.0,18.0,76,34,34,7,7.1,5
37433_0,15.1,1213.0,17.0,129,21,16,2,5.9,5
37440_0,15.0,1243.0,18.0,74,34,35,3,6.7,1
37490_0,16.0,1267.0,21.0,63,34,36,4,5.8,5
37498_0,16.8,1297.0,19.0,52,41,23,7,5.7,1
37504_0,15.3,1252.0,18.0,68,24,22,2,5.9,3
37514_0,16.8,1351.0,21.0,47,34,35,3,6.3,99
37520_0,16.0,1315.0,21.0,71,34,24,2,6.0,3
37546_0,16.0,1320.0,21.0,70,24,22,5,6.0,5
37569_0,17.3,1388.0,21.0,39,24,23,2,5.9,3
37574_0,16.1,1255.0,20.0,69,24,18,2,6.0,3
37575_0,15.5,1260.0,19.0,69,24,22,2,6.1,5
37598_0,15.8,1237.0,20.0,67,24,23,2,6.0,3
37607_0,17.1,1389.0,22.0,40,24,26,2,5.8,5
37611_0,16.3,1347.0,20.0,51,24,26,2,5.8,3
37636_0,16.0,1245.0,19.0,69,24,25,2,5.9,1
37641_0,16.1,1351.0,21.0,55,31,18,3,5.9,5
37646_0,15.0,1242.0,18.0,77,24,33,3,6.7,5
37657_0,15.7,1231.0,19.0,73,41,13,2,6.2,5
37662_0,14.1,1190.0,17.0,244,21,16,4,5.4,5
37671_0,17.3,1388.0,22.0,38,24,24,2,6.0,2
37697_0,16.0,1249.0,19.0,60,24,22,2,5.7,1
37706_0,15.0,1241.0,17.0,81,24,38,2,6.0,3
37709_0,16.2,1285.0,20.0,61,24,14,3,5.8,3
37733_0,16.1,1271.0,19.0,56,34,19,4,5.7,3
37745_0,16.0,1303.0,21.0,60,34,33,3,6.3,5
37746_0,16.2,1268.0,20.0,53,24,18,2,5.7,99
37759_0,14.4,1204.0,16.0,88,24,18,2,6.0,5
37781_0,15.6,1207.0,18.0,70,34,28,2,5.8,5
37785_0,16.1,1396.0,20.0,71,41,19,3,5.6,5
37818_0,16.1,1254.0,20.0,67,24,17,2,5.8,5
37820_0,16.4,1345.0,20.0,50,41,20,2,5.9,1
37821_0,14.6,1204.0,16.0,81,34,18,3,6.7,1
37833_0,16.0,1273.0,20.0,68,24,15,2,5.8,3
37838_0,15.8,1227.0,18.0,70,24,27,4,5.8,5
37840_0,16.3,1286.0,20.0,56,34,38,8,6.5,3
37859_0,16.5,1364.0,20.0,50,34,19,2,5.8,3
37872_0,17.1,1298.0,17.0,50,34,40,3,6.0,5
37909_0,16.9,1394.0,21.0,42,24,19,2,5.7,5
37925_0,16.0,1273.0,20.0,63,34,17,2,6.0,1
37943_0,17.0,1322.0,19.0,43,24,26,4,6.7,5
37956_0,14.8,1230.0,18.0,80,24,24,2,6.1,5
37957_0,15.3,1214.0,17.0,71,34,21,3,6.3,99
37967_0,17.0,1314.0,19.0,44,41,40,3,5.9,1
37982_0,16.0,1384.0,20.0,94,21,16,2,5.2,3
37997_0,16.0,1280.0,20.0,61,24,14,2,6.0,5
38004_0,16.0,1299.0,20.0,72,34,11,2,6.0,99
38014_0,16.0,1311.0,21.0,55,31,19,2,6.0,99
38015_0,16.0,1259.0,19.0,62,41,21,3,5.3,2
38027_0,16.8,1337.0,21.0,43,24,50,4,5.9,1
38074_0,17.1,1385.0,22.0,42,41,32,2,6.0,3
38083_0,17.0,1335.0,18.0,44,34,36,5,6.2,3
38088_0,15.9,1223.0,19.0,75,24,26,3,5.4,3
38098_0,15.1,1241.0,18.0,77,34,15,2,6.1,3
38109_0,15.9,1259.0,20.0,64,34,39,3,6.0,99
38143_0,15.0,1241.0,17.0,80,24,42,2,6.3,2
38151_0,15.3,1254.0,18.0,73,34,36,10,6.5,2
38154_0,16.2,1272.0,19.0,55,41,23,3,5.8,3
38174_0,17.0,1366.0,22.0,41,24,37,3,6.2,2
38176_0,16.1,1300.0,22.0,60,24,34,3,5.8,5
38182_0,16.4,1265.0,20.0,55,41,18,2,5.4,5
38191_0,16.0,1302.0,20.0,89,21,24,2,5.7,5
38199_0,17.1,1386.0,22.0,40,41,27,2,5.8,5
38224_0,15.9,1388.0,20.0,112,24,14,4,5.3,3
38237_0,15.0,1244.0,18.0,75,24,33,3,6.7,1
38246_0,16.2,1359.0,21.0,52,24,32,4,6.2,3
38255_0,17.2,1310.0,17.0,48,24,41,5,6.0,5
38284_0,15.9,1220.0,19.0,72,34,20,3,6.1,5
38348_0,15.8,1398.0,20.0,118,24,17,2,5.5,3
38349_0,16.4,1282.0,20.0,56,41,18,3,5.8,5
38362_0,15.3,1247.0,19.0,84,41,18,2,5.9,5
38389_0,16.1,1263.0,19.0,62,34,19,2,6.0,3
38398_0,16.1,1269.0,19.0,62,34,35,6,6.6,1
38408_0,14.8,1209.0,17.0,85,34,34,10,6.1,1
38416_0,15.8,1257.0,20.0,65,34,44,5,5.7,3
38418_0,17.0,1362.0,22.0,42,41,45,4,6.3,3
38425_0,17.2,1331.0,21.0,40,34,41,2,6.0,5
38426_0,15.9,1291.0,20.0,115,21,13,3,5.2,2
38433_0,16.0,1237.0,20.0,62,34,20,2,6.3,3
38439_0,16.0,1294.0,20.0,84,34,13,2,5.4,5
38456_0,16.1,1276.0,21.0,60,34,38,2,6.1,5
38471_0,17.0,1397.0,21.0,41,41,27,2,6.0,5
38485_0,16.2,1333.0,20.0,50,24,21,2,6.2,5
38507_0,16.1,1258.0,20.0,74,34,14,2,6.0,3
38508_0,14.9,1241.0,17.0,78,41,24,2,6.0,5
38516_0,16.5,1335.0,20.0,57,24,25,9,6.1,3
38520_0,16.6,1344.0,20.0,51,24,18,2,6.1,5
38548_0,17.1,1388.0,22.0,37,34,29,2,5.8,5
38563_0,15.5,1248.0,19.0,69,24,17,2,6.1,5
38576_0,15.7,1219.0,18.0,72,24,18,2,6.2,5
38577_0,15.0,1241.0,17.0,76,24,34,3,6.1,3
38581_0,16.0,1306.0,20.0,105,41,29,5,5.8,5
38584_0,16.8,1284.0,19.0,58,24,17,2,5.9,3
38588_0,16.1,1268.0,19.0,64,41,21,5,5.7,3
38595_0,16.1,1261.0,20.0,63,34,20,3,5.8,3
38619_0,15.7,1243.0,20.0,67,41,31,3,5.8,3
38648_0,15.0,1202.0,17.0,82,24,17,2,6.1,2
38655_0,17.1,1398.0,22.0,40,24,22,2,6.0,3
38657_0,16.4,1260.0,20.0,57,34,29,4,6.5,2
38671_0,17.0,1377.0,22.0,42,34,32,3,5.8,3
38675_0,15.5,1212.0,18.0,75,34,30,4,6.0,2
38677_0,15.4,1202.0,18.0,79,24,24,3,5.9,5
38710_0,14.6,1205.0,16.0,87,41,19,3,6.1,2
38716_0,17.1,1356.0,21.0,41,41,38,5,6.2,3
38722_0,16.1,1263.0,19.0,55,24,20,3,5.6,3
38723_0,15.7,1240.0,19.0,72,24,18,2,5.9,3
38739_0,16.4,1309.0,20.0,49,24,32,6,6.4,1
38743_0,15.4,1250.0,19.0,71,34,11,2,5.9,5
38751_0,16.0,1295.0,21.0,66,41,11,2,6.0,5
38753_0,16.2,1286.0,20.0,77,24,29,2,5.6,5
38755_0,16.9,1379.0,22.0,44,34,28,2,5.8,5
38764_0,16.1,1294.0,21.0,73,24,20,2,5.8,1
38780_0,17.3,1388.0,22.0,34,34,33,3,6.0,5
38796_0,15.6,1220.0,18.0,119,21,13,2,5.4,2
38813_0,17.1,1383.0,22.0,40,24,33,3,5.8,5
38825_0,17.1,1360.0,22.0,35,24,37,4,6.1,5
38836_0,17.2,1384.0,22.0,38,24,21,3,5.7,5
38852_0,16.8,1269.0,19.0,58,41,20,2,6.1,5
38856_0,15.8,1329.0,21.0,95,21,13,3,5.4,99
38858_0,16.1,1289.0,20.0,63,24,17,2,5.8,2
38872_0,14.9,1237.0,18.0,76,24,16,2,6.2,1
38891_0,17.2,1331.0,21.0,37,34,23,2,6.1,1
38906_0,16.4,1344.0,20.0,51,24,29,2,6.4,5
38938_0,17.1,1386.0,22.0,39,34,20,3,5.7,2
38947_0,16.0,1296.0,20.0,82,21,26,2,5.4,2
38963_0,15.5,1255.0,19.0,69,41,41,3,6.2,3
38970_0,16.5,1314.0,20.0,42,24,32,3,6.1,5
38974_0,16.7,1333.0,20.0,47,24,23,3,6.2,5
38983_0,16.0,1331.0,20.0,61,34,13,2,6.0,1
38987_0,15.5,1263.0,18.0,83,31,22,2,5.9,3
38999_0,17.3,1386.0,22.0,35,24,34,2,5.8,5
39019_0,15.9,1269.0,20.0,64,34,24,7,6.2,1
39032_0,15.4,1256.0,18.0,72,41,17,2,6.0,5
39033_0,16.5,1375.0,20.0,49,34,35,2,6.0,5
39044_0,16.5,1340.0,20.0,48,41,37,4,6.3,5
39046_0,15.2,1251.0,18.0,73,24,22,2,6.6,3
39058_0,15.6,1274.0,19.0,72,41,31,3,6.6,5
39070_0,16.5,1263.0,20.0,62,34,15,2,5.8,1
39075_0,14.8,1210.0,17.0,137,21,16,4,5.6,3
39089_0,14.8,1206.0,17.0,81,34,19,2,5.9,2
39112_0,16.0,1311.0,21.0,58,41,27,2,6.4,5
39127_0,16.0,1238.0,19.0,66,34,19,2,6.0,1
39129_0,17.1,1386.0,22.0,40,41,24,2,6.0,5
39136_0,15.4,1214.0,18.0,80,34,16,2,6.0,1
39138_0,16.7,1317.0,20.0,42,34,44,10,6.1,5
39155_0,16.1,1289.0,19.0,88,24,30,4,5.4,5
39157_0,15.5,1248.0,19.0,66,34,36,6,5.7,99
39159_0,16.9,1397.0,21.0,47,34,21,5,5.6,3
39186_0,16.2,1267.0,20.0,62,24,21,3,5.6,5
39188_0,16.1,1292.0,21.0,64,24,16,2,5.8,5
39242_0,15.6,1247.0,19.0,74,34,36,3,6.2,5
39289_0,14.7,1200.0,17.0,152,21,14,5,5.7,99
39291_0,16.3,1364.0,20.0,51,24,30,2,5.9,5
39299_0,15.3,1254.0,18.0,71,34,14,2,6.0,5
39324_0,16.0,1289.0,20.0,116,21,17,3,5.1,99
39331_0,14.7,1207.0,16.0,86,41,13,2,6.1,3
39352_0,15.9,1238.0,19.0,68,24,21,2,5.9,5
39361_0,16.1,1278.0,20.0,65,24,25,2,6.1,1
39394_0,16.0,1284.0,20.0,62,24,17,2,6.0,3
39415_0,14.4,1204.0,16.0,102,41,15,2,5.8,2
39431_0,15.7,1212.0,18.0,77,24,18,4,5.9,3
39432_0,16.0,1245.0,19.0,67,41,23,4,5.6,2
39436_0,15.8,1219.0,19.0,75,34,15,2,5.6,3
39460_0,17.3,1381.0,22.0,35,24,27,2,6.3,3
39477_0,16.3,1279.0,20.0,57,34,26,6,5.8,5
39491_0,17.0,1371.0,22.0,44,24,19,2,6.0,5
39494_0,15.9,1222.0,19.0,81,24,23,4,6.2,5
39505_0,15.7,1209.0,18.0,77,34,18,2,5.9,5
39509_0,16.4,1281.0,20.0,55,34,16,2,5.9,5
39527_0,16.8,1360.0,21.0,49,24,31,3,6.3,3
39535_0,17.0,1377.0,22.0,45,24,33,3,5.8,3
39540_0,16.0,1245.0,20.0,64,24,25,2,5.7,1
39553_0,17.1,1298.0,17.0,51,34,42,4,6.3,3
39568_0,16.2,1286.0,20.0,54,24,24,2,5.4,1
39581_0,13.2,1170.0,16.0,250,31,14,4,5.4,1
39583_0,16.0,1319.0,22.0,59,24,24,3,6.0,99
39606_0,16.9,1349.0,17.0,55,24,16,5,5.2,3
39612_0,15.3,1248.0,18.0,71,34,12,2,6.4,1
39615_0,15.7,1270.0,19.0,71,22,23,6,6.2,5
39621_0,16.1,1277.0,20.0,77,24,39,10,6.2,3
39622_0,16.0,1261.0,19.0,61,24,16,2,5.9,2
39645_0,15.4,1207.0,18.0,81,41,28,2,6.0,1
39649_0,16.4,1384.0,21.0,62,24,13,2,5.9,3
39673_0,16.1,1289.0,19.0,96,24,27,6,4.9,1
39685_0,16.3,1286.0,20.0,56,34,30,8,5.9,3
39695_0,15.9,1224.0,19.0,73,41,19,3,5.9,5
39727_0,15.9,1223.0,19.0,76,34,26,9,5.4,2
39735_0,16.5,1285.0,20.0,54,34,18,2,5.7,3
39741_0,16.0,1312.0,21.0,59,24,30,4,6.2,5
39754_0,15.4,1257.0,18.0,69,34,36,3,6.2,5
39756_0,15.9,1228.0,19.0,76,24,27,5,6.3,5
39764_0,16.8,1367.0,21.0,48,24,18,2,6.0,3
39765_0,14.9,1210.0,17.0,87,24,32,10,5.8,1
39780_0,16.0,1360.0,21.0,91,21,13,2,5.1,3
39787_0,15.6,1244.0,19.0,73,34,33,7,5.6,3
39794_0,15.4,1250.0,19.0,72,24,12,2,5.8,3
39804_0,15.8,1261.0,19.0,68,24,19,2,5.9,5
39812_0,16.3,1277.0,20.0,55,34,31,6,6.1,5
39815_0,16.0,1265.0,21.0,63,34,35,3,5.6,3
39858_0,15.4,1250.0,19.0,69,34,27,2,6.0,2
39874_0,15.7,1248.0,19.0,64,34,12,2,5.9,5
39893_0,15.6,1210.0,18.0,73,34,19,2,5.8,1
39918_0,15.5,1215.0,18.0,69,34,27,5,5.8,5
39927_0,14.7,1207.0,17.0,163,21,17,2,5.7,5
39941_0,15.9,1221.0,19.0,70,34,12,2,5.6,3
39976_0,16.0,1294.0,20.0,102,21,18,3,5.3,5
39978_0,16.1,1280.0,20.0,79,24,22,2,5.5,3
40017_0,16.8,1315.0,20.0,59,24,23,7,5.9,3
40024_0,16.2,1300.0,20.0,52,34,16,2,5.7,5
40044_0,15.0,1211.0,17.0,80,34,33,5,6.1,5
40045_0,14.9,1239.0,17.0,77,24,37,2,5.9,1
40050_0,17.0,1322.0,19.0,43,24,44,4,6.5,1
40055_0,15.7,1303.0,20.0,126,21,15,2,5.3,2
40082_0,16.9,1322.0,20.0,44,41,30,10,6.1,3
40092_0,14.9,1237.0,18.0,81,41,17,2,6.1,1
40094_0,16.1,1285.0,21.0,58,34,29,2,6.4,5
40111_0,14.8,1228.0,19.0,81,34,14,2,6.2,5
40113_0,16.1,1322.0,22.0,68,34,34,5,5.8,5
40132_0,16.2,1263.0,20.0,53,24,15,2,5.6,2
40144_0,15.8,1213.0,18.0,72,41,21,3,5.8,5
40148_0,16.9,1385.0,21.0,42,24,17,3,5.7,5
40152_0,16.4,1274.0,20.0,66,24,15,2,5.8,3
40176_0,15.9,1250.0,19.0,67,24,16,2,6.1,99
40190_0,17.3,1381.0,22.0,38,24,20,2,5.8,5
40197_0,16.1,1323.0,22.0,58,24,41,3,6.0,99
40201_0,16.0,1280.0,20.0,62,34,16,2,6.0,5
40205_0,16.1,1283.0,21.0,60,34,20,2,6.1,3
40206_0,16.0,1228.0,19.0,72,24,31,4,6.0,5
40219_0,16.7,1316.0,20.0,57,24,26,7,6.5,1
40226_0,16.9,1395.0,21.0,42,24,19,2,5.6,5
40231_0,14.6,1177.0,17.0,164,21,15,3,5.8,5
40249_0,16.3,1356.0,20.0,56,41,40,4,6.1,3
40262_0,15.9,1223.0,19.0,70,34,18,3,5.8,3
40296_0,16.2,1369.0,20.0,59,34,13,2,5.6,3
40307_0,15.6,1246.0,19.0,69,34,19,2,6.0,5
40315_0,16.2,1271.0,20.0,57,41,27,10,7.0,99
40348_0,17.1,1397.0,22.0,39,24,17,2,5.8,5
40360_0,16.6,1310.0,20.0,53,34,26,6,5.8,1
40418_0,15.3,1254.0,18.0,73,24,19,2,6.1,5
40455_0,16.7,1391.0,21.0,51,24,17,3,5.6,5
40462_0,17.0,1362.0,22.0,42,24,44,3,6.4,3
40490_0,14.5,1202.0,17.0,166,21,16,3,5.5,1
40491_0,16.7,1323.0,20.0,58,24,22,8,6.4,3
40492_0,15.7,1287.0,19.0,82,34,12,2,5.8,3
40499_0,16.2,1293.0,20.0,83,31,29,4,5.4,5
40506_0,15.6,1247.0,19.0,65,24,13,2,5.9,99
40523_0,15.5,1279.0,19.0,132,24,16,3,5.7,5
40525_0,14.7,1215.0,18.0,81,24,17,2,5.9,1
40561_0,16.8,1348.0,21.0,44,34,33,3,5.9,5
40571_0,17.2,1355.0,22.0,37,24,18,2,5.8,2
40577_0,16.1,1298.0,22.0,61,34,34,3,6.4,3
40589_0,16.0,1288.0,20.0,64,24,17,2,5.9,5
40590_0,14.6,1206.0,16.0,85,24,17,3,6.2,3
40593_0,16.0,1314.0,22.0,70,24,25,7,6.2,5
40594_0,16.6,1319.0,20.0,46,34,30,2,6.3,5
40611_0,15.6,1247.0,20.0,65,34,40,3,6.2,5
40617_0,16.1,1260.0,20.0,62,34,21,3,5.5,3
40618_0,15.9,1278.0,19.0,68,34,19,4,5.9,5
40627_0,16.2,1270.0,20.0,58,41,21,3,5.6,3
40642_0,16.0,1245.0,20.0,59,34,35,5,5.7,3
40645_0,17.1,1388.0,22.0,41,34,19,2,5.8,2
40647_0,16.4,1276.0,20.0,67,24,16,3,5.4,5
40662_0,15.3,1210.0,18.0,74,34,23,2,5.8,5
40663_0,15.4,1252.0,19.0,67,34,41,5,5.6,5
40667_0,15.8,1288.0,20.0,122,21,19,4,5.5,5
40680_0,16.1,1263.0,19.0,61,41,22,2,5.8,5
40684_0,16.5,1286.0,20.0,57,24,12,3,5.8,3
40699_0,16.1,1363.0,21.0,89,21,16,2,5.5,5
40704_0,16.0,1283.0,20.0,94,21,23,2,5.5,1
40711_0,15.5,1227.0,17.0,72,24,18,2,5.8,5
40724_0,16.2,1257.0,20.0,66,24,18,2,5.8,5
40726_0,16.0,1287.0,20.0,48,34,23,2,6.2,5
40732_0,15.1,1242.0,18.0,75,41,22,3,5.8,5
40736_0,16.1,1346.0,21.0,55,24,20,2,5.8,99
40748_0,16.1,1288.0,21.0,61,24,20,2,6.0,5
40763_0,15.1,1254.0,18.0,76,24,43,3,6.0,1
40770_0,16.1,1260.0,19.0,59,34,20,2,5.5,99
40799_0,16.7,1327.0,20.0,45,34,27,10,6.3,5
40800_0,17.3,1387.0,22.0,38,34,19,2,5.8,5
40807_0,14.7,1213.0,17.0,190,21,16,3,5.5,5
40812_0,16.1,1270.0,19.0,53,34,20,2,6.4,3
40830_0,16.0,1302.0,21.0,59,34,29,2,6.3,5
40873_0,15.5,1259.0,18.0,72,24,38,3,6.2,3
40874_0,15.3,1250.0,19.0,73,24,16,2,5.9,5
40878_0,16.0,1299.0,20.0,56,34,17,2,6.3,3
40894_0,17.1,1331.0,21.0,42,24,27,2,6.0,5
40910_0,16.0,1321.0,21.0,63,34,34,5,6.2,2
40926_0,15.9,1279.0,20.0,129,21,10,4,5.2,5
40931_0,16.1,1297.0,19.0,97,24,24,4,5.5,1
40948_0,16.3,1289.0,20.0,57,34,30,8,6.1,2
40991_0,15.5,1254.0,19.0,68,24,31,2,6.4,5
41016_0,17.0,1323.0,19.0,42,34,38,7,7.0,5
41040_0,17.1,1386.0,22.0,41,34,28,2,6.2,5
41057_0,16.1,1266.0,19.0,56,24,14,2,6.1,5
41061_0,16.0,1293.0,20.0,65,34,12,2,5.9,5
41110_0,15.8,1234.0,18.0,68,34,29,5,5.8,3
41127_0,16.2,1354.0,21.0,51,24,41,3,5.9,5
41160_0,17.1,1343.0,21.0,36,34,39,5,6.0,2
41170_0,16.1,1264.0,20.0,62,34,26,3,5.9,3
41180_0,14.8,1237.0,17.0,138,21,13,4,5.2,5
41184_0,15.6,1215.0,18.0,72,34,18,2,6.1,3
41199_0,16.7,1349.0,21.0,48,24,16,2,6.1,3
41200_0,16.8,1374.0,21.0,46,24,20,4,6.1,1
41229_0,15.2,1252.0,18.0,70,24,36,3,6.4,2
41236_0,16.1,1336.0,20.0,51,34,16,2,6.1,3
41239_0,15.5,1262.0,18.0,71,34,37,2,6.7,3
41258_0,16.3,1265.0,20.0,52,34,24,5,6.1,3
41265_0,16.8,1348.0,21.0,45,41,38,6,5.8,5
41269_0,15.7,1211.0,18.0,72,41,21,4,6.1,2
41287_0,16.0,1262.0,21.0,63,24,25,2,6.2,3
41290_0,15.2,1252.0,18.0,72,41,16,2,6.1,5
41291_0,17.1,1348.0,21.0,40,41,45,4,6.1,5
41299_0,15.8,1214.0,18.0,73,34,15,2,6.1,5
41322_0,16.1,1260.0,20.0,60,24,22,4,5.7,5
41380_0,14.9,1206.0,17.0,84,34,33,10,6.3,3
41388_0,16.8,1320.0,20.0,56,21,25,10,6.6,5
41402_0,16.1,1263.0,19.0,60,24,28,4,6.0,5
41429_0,16.7,1327.0,20.0,52,24,21,6,6.1,5
41435_0,13.9,1180.0,16.0,213,31,14,2,5.7,3
41444_0,14.8,1228.0,18.0,77,34,16,2,6.0,99
41450_0,17.0,1314.0,19.0,51,34,30,4,5.9,5
41462_0,14.8,1233.0,18.0,79,34,23,2,6.0,99
41466_0,16.8,1358.0,21.0,45,34,43,3,6.1,1
41468_0,16.8,1271.0,20.0,64,24,15,2,5.8,5
41479_0,16.5,1364.0,20.0,48,24,16,2,5.8,5
41484_0,17.0,1342.0,18.0,46,34,14,2,5.7,5
41494_0,13.9,1192.0,16.0,173,21,18,4,5.8,5
41500_0,15.5,1206.0,18.0,77,24,16,2,6.1,5
41507_0,17.0,1373.0,21.0,47,41,30,2,6.0,3
41508_0,16.9,1273.0,19.0,65,24,35,4,6.3,5
41534_0,17.0,1360.0,21.0,41,24,45,6,6.2,3
41566_0,15.4,1202.0,18.0,78,24,25,0,6.0,5
41567_0,16.0,1266.0,19.0,57,24,14,2,5.5,5
41569_0,14.1,1203.0,16.0,133,32,16,3,5.7,3
41572_0,16.0,1323.0,21.0,66,41,35,3,6.3,5
41589_0,15.6,1226.0,17.0,70,24,22,3,6.3,2
41644_0,16.8,1325.0,20.0,59,24,21,7,6.1,5
41653_0,15.9,1315.0,21.0,68,24,13,2,5.8,3
41683_0,16.1,1264.0,19.0,64,34,21,4,5.8,5
41712_0,15.6,1248.0,19.0,69,24,12,2,5.8,2
41726_0,16.9,1359.0,21.0,47,24,22,2,5.9,3
41728_0,15.9,1219.0,19.0,75,34,26,5,6.7,3
41733_0,16.0,1247.0,20.0,65,24,35,5,6.3,3
41741_0,14.7,1207.0,17.0,82,34,24,4,6.2,5
41745_0,16.1,1311.0,22.0,60,24,17,2,6.0,5
41747_0,16.0,1253.0,19.0,65,34,16,2,6.1,5
41757_0,15.0,1246.0,18.0,75,24,35,2,6.3,5
41758_0,16.1,1398.0,20.0,89,31,13,2,5.1,5
41761_0,16.0,1276.0,21.0,61,24,43,3,5.9,3
41785_0,16.4,1265.0,20.0,60,41,17,2,5.8,5
41803_0,17.0,1343.0,21.0,38,41,44,5,6.1,3
41808_0,15.9,1218.0,19.0,74,34,24,3,5.9,5
41816_0,15.6,1215.0,18.0,74,24,16,2,6.1,1
41821_0,16.6,1324.0,20.0,44,24,34,3,5.9,2
41828_0,17.2,1398.0,22.0,39,24,21,2,5.9,3
41829_0,15.8,1225.0,19.0,68,34,19,2,6.1,1
41834_0,14.6,1201.0,17.0,145,41,15,2,5.5,2
41855_0,16.8,1386.0,21.0,42,24,18,2,5.6,3
41867_0,16.5,1352.0,20.0,48,24,19,2,5.8,5
41871_0,15.7,1250.0,19.0,65,24,43,6,6.4,5
41873_0,16.2,1401.0,20.0,103,21,15,2,5.3,5
41911_0,16.0,1277.0,20.0,69,41,25,6,5.8,5
41914_0,15.4,1259.0,18.0,74,24,18,2,6.0,3
41916_0,17.2,1313.0,17.0,46,41,30,2,5.9,3
41920_0,17.0,1313.0,19.0,50,24,24,5,6.5,5
41921_0,17.2,1395.0,21.0,36,24,19,2,5.8,1
41951_0,17.1,1354.0,22.0,38,24,45,5,6.0,5
41969_0,15.0,1211.0,17.0,82,24,27,4,5.7,3
41986_0,15.9,1242.0,20.0,63,24,37,2,6.0,5
41999_0,15.9,1270.0,20.0,71,24,29,8,5.9,5
42003_0,17.0,1373.0,22.0,44,24,21,2,5.9,5
42011_0,16.7,1390.0,21.0,45,34,31,5,6.3,1
42035_0,16.0,1312.0,20.0,91,41,28,3,6.4,1
42037_0,16.0,1289.0,20.0,79,24,20,2,5.9,2
42042_0,16.5,1359.0,20.0,51,24,17,2,6.0,5
42048_0,16.0,1278.0,20.0,62,24,16,2,5.8,2
42056_0,14.8,1200.0,17.0,146,42,15,2,5.7,3
42062_0,16.0,1283.0,21.0,61,34,43,4,6.4,1
42072_0,15.7,1242.0,20.0,69,34,22,2,5.6,5
42094_0,16.5,1336.0,20.0,60,24,24,10,5.8,5
42130_0,17.0,1292.0,18.0,51,34,43,5,6.6,2
42141_0,16.1,1339.0,20.0,60,34,15,2,5.6,5
42147_0,15.9,1264.0,20.0,66,41,31,4,6.1,3
42153_0,15.1,1242.0,18.0,77,24,17,2,5.9,5
42167_0,16.0,1367.0,20.0,77,41,15,2,5.8,3
42180_0,17.1,1387.0,22.0,39,34,20,2,5.5,5
42190_0,16.0,1321.0,21.0,70,24,28,2,6.4,5
42198_0,16.0,1293.0,20.0,60,34,14,2,6.0,1
42216_0,16.3,1354.0,21.0,49,24,39,4,6.2,1
42225_0,16.7,1381.0,20.0,47,24,38,2,6.1,3
42233_0,15.9,1252.0,20.0,64,34,12,2,5.9,2
42241_0,15.8,1253.0,20.0,65,24,38,3,6.2,1
42242_0,14.2,1201.0,17.0,202,32,18,4,5.8,5
42248_0,16.1,1258.0,20.0,63,24,22,2,5.7,1
42249_0,17.3,1391.0,22.0,36,24,29,2,5.9,1
42258_0,15.8,1356.0,20.0,106,21,13,2,5.3,99
42259_0,14.5,1197.0,17.0,158,21,18,3,6.2,2
42281_0,15.1,1199.0,18.0,81,41,16,3,6.2,5
42376_0,14.1,1171.0,17.0,173,31,15,3,5.8,1
42379_0,15.8,1239.0,20.0,63,34,18,2,5.8,5
42406_0,17.4,1386.0,22.0,32,41,35,4,6.0,5
42407_0,16.4,1372.0,20.0,48,41,28,2,6.4,2
42422_0,16.0,1281.0,20.0,61,24,16,2,5.8,5
42437_0,16.0,1323.0,21.0,64,21,35,10,6.2,1
42460_0,13.5,1191.0,16.0,254,21,16,4,5.5,5
42467_0,16.4,1422.0,21.0,103,21,17,3,5.4,5
42482_0,17.2,1352.0,21.0,37,41,32,2,6.0,5
42486_0,16.0,1269.0,20.0,60,34,21,2,6.1,5
42489_0,16.5,1335.0,20.0,56,24,23,9,6.3,5
42505_0,16.8,1311.0,20.0,37,41,33,10,7.6,5
42512_0,14.8,1217.0,17.0,165,31,16,4,5.7,5
42524_0,13.7,1192.0,16.0,228,21,12,3,5.2,5
42526_0,16.9,1373.0,21.0,43,41,30,2,6.0,1
42531_0,17.0,1335.0,19.0,43,24,39,5,5.9,5
42543_0,15.6,1270.0,19.0,70,41,34,4,6.3,3
42577_0,16.0,1288.0,20.0,60,34,21,2,5.6,5
42606_0,17.2,1312.0,18.0,48,24,30,2,5.8,2
42615_0,16.0,1296.0,21.0,62,42,22,4,6.1,1
42642_0,16.3,1384.0,20.0,63,34,17,2,5.7,5
42643_0,16.7,1373.0,21.0,43,41,36,3,5.7,1
42645_0,16.2,1355.0,21.0,56,41,41,4,5.9,5
42653_0,17.2,1331.0,21.0,37,34,31,2,6.3,5
42655_0,16.9,1367.0,21.0,39,24,40,3,6.4,5
42658_0,16.0,1275.0,20.0,65,34,29,6,5.9,3
42673_0,15.5,1266.0,18.0,72,24,28,3,6.5,5
42676_0,16.1,1252.0,20.0,73,34,18,2,5.8,5
42677_0,17.0,1349.0,21.0,41,24,43,4,6.0,1
42680_0,15.6,1234.0,17.0,69,24,18,2,6.3,5
42695_0,14.7,1205.0,17.0,169,41,18,2,5.7,5
42709_0,16.0,1260.0,20.0,63,24,27,2,6.0,1
42721_0,16.0,1285.0,21.0,60,24,26,3,5.7,3
42733_0,16.0,1271.0,20.0,62,34,25,8,6.2,5
42770_0,16.0,1340.0,21.0,59,24,28,7,6.9,5
42771_0,15.6,1217.0,17.0,67,34,25,3,5.9,1
42784_0,15.9,1240.0,20.0,64,24,36,4,6.1,3
42797_0,16.9,1393.0,21.0,43,24,24,2,6.0,5
42816_0,15.9,1219.0,19.0,75,24,20,3,5.7,3
42818_0,16.1,1268.0,19.0,58,41,22,5,5.8,99
42823_0,16.7,1375.0,21.0,54,34,27,4,5.7,1
42824_0,15.4,1254.0,19.0,68,41,40,2,6.4,5
42852_0,16.0,1278.0,21.0,64,24,22,2,5.9,5
42868_0,13.9,1152.0,16.0,159,31,17,2,5.8,1
42870_0,15.7,1277.0,19.0,77,34,27,6,6.4,2
42873_0,16.2,1271.0,20.0,63,24,25,4,5.8,1
42878_0,16.9,1327.0,20.0,58,24,26,8,6.9,5
42891_0,17.1,1376.0,22.0,43,24,19,2,5.9,5
42902_0,14.1,1190.0,16.0,134,31,13,3,5.7,1
42936_0,15.9,1248.0,20.0,66,41,37,4,5.6,5
42939_0,16.6,1271.0,20.0,64,24,15,3,5.8,1
42962_0,16.1,1326.0,22.0,57,24,23,2,6.0,5
42978_0,16.0,1232.0,19.0,72,24,22,3,5.9,1
42985_0,15.7,1219.0,18.0,74,24,24,3,5.9,5
42988_0,15.7,1301.0,20.0,122,21,16,2,5.4,5
43003_0,14.9,1211.0,17.0,86,34,33,10,6.1,1
43028_0,15.5,1207.0,18.0,79,24,28,3,6.0,3
43034_0,14.7,1205.0,17.0,84,41,21,4,5.9,5
43042_0,16.9,1275.0,18.0,61,24,30,5,6.2,5
43058_0,16.1,1289.0,19.0,99,21,26,5,5.3,5
43064_0,17.1,1333.0,20.0,45,24,17,2,5.6,3
43088_0,16.2,1288.0,20.0,84,21,17,2,5.3,1
43097_0,16.7,1320.0,20.0,38,41,28,10,7.2,5
43103_0,15.1,1254.0,18.0,74,24,14,2,5.8,5
43108_0,16.0,1245.0,19.0,65,41,31,2,5.9,3
43126_0,15.6,1214.0,18.0,78,41,23,4,5.7,5
43127_0,16.0,1266.0,19.0,63,24,13,3,5.6,5
43130_0,15.3,1251.0,19.0,72,34,13,2,6.0,1
43132_0,16.1,1255.0,20.0,63,24,23,3,5.4,5
43138_0,16.0,1248.0,20.0,66,24,18,2,6.2,1
43154_0,16.9,1396.0,21.0,40,24,38,2,5.9,2
43169_0,15.9,1325.0,21.0,50,42,29,8,6.0,5
43170_0,16.2,1367.0,21.0,54,34,17,3,6.4,99
43171_0,16.1,1266.0,20.0,62,24,23,3,6.2,3
43179_0,14.6,1205.0,16.0,87,24,21,2,5.9,3
43189_0,15.5,1249.0,19.0,75,24,12,2,5.8,5
43191_0,14.5,1197.0,17.0,141,21,18,5,6.0,5
43199_0,15.8,1232.0,19.0,69,34,10,2,5.9,1
43211_0,15.4,1254.0,18.0,69,34,41,4,6.4,5
43214_0,16.1,1267.0,21.0,61,34,36,5,6.3,3
43218_0,16.0,1267.0,21.0,62,24,40,3,5.9,2
43226_0,17.3,1367.0,22.0,38,24,19,2,5.8,5
43236_0,15.7,1249.0,20.0,66,24,36,2,6.1,99
43261_0,16.2,1279.0,20.0,61,31,25,10,6.6,3
43271_0,17.1,1293.0,18.0,59,34,22,4,6.3,3
43274_0,16.9,1412.0,21.0,93,22,14,2,5.4,5
43284_0,15.4,1210.0,18.0,76,24,17,2,6.2,2
43286_0,15.1,1220.0,17.0,84,24,18,3,6.0,1
43294_0,14.6,1206.0,16.0,87,21,9,2,6.1,5
43360_0,15.5,1249.0,19.0,71,34,12,2,5.8,5
43376_0,14.8,1228.0,18.0,77,34,21,2,6.3,5
43384_0,14.8,1209.0,17.0,84,34,18,2,5.8,3
43386_0,15.3,1221.0,18.0,95,34,17,2,5.9,5
43397_0,16.0,1283.0,20.0,71,34,25,10,5.9,99
43405_0,16.0,1268.0,19.0,71,41,23,6,5.3,99
43440_0,17.1,1314.0,19.0,46,24,39,3,6.1,1
43442_0,16.0,1354.0,20.0,74,41,15,10,5.4,5
43462_0,16.0,1259.0,19.0,60,41,11,2,5.8,3
43479_0,16.1,1247.0,20.0,68,34,16,2,5.8,2
43483_0,16.9,1321.0,20.0,48,24,26,5,5.8,5
43498_0,15.9,1387.0,20.0,113,21,14,2,5.6,3
43504_0,13.2,1155.0,16.0,228,22,13,3,5.7,5
43517_0,14.7,1206.0,16.0,88,41,22,2,6.4,5
43522_0,16.6,1315.0,20.0,45,24,40,8,5.4,3
43536_0,16.3,1270.0,20.0,61,24,15,2,5.7,99
43540_0,16.1,1269.0,19.0,65,34,27,5,6.0,2
43550_0,16.0,1294.0,20.0,65,34,17,2,6.3,5
43560_0,15.3,1208.0,18.0,75,34,28,2,5.6,5
43566_0,15.2,1245.0,18.0,74,24,18,2,6.1,5
43573_0,16.1,1266.0,19.0,63,24,22,2,5.5,3
43574_0,15.2,1254.0,18.0,71,24,43,5,6.1,5
43592_0,16.4,1408.0,21.0,84,41,15,2,5.5,5
43607_0,15.9,1249.0,20.0,63,24,40,4,6.1,5
43618_0,16.5,1359.0,20.0,49,34,18,2,5.8,5
43647_0,16.0,1302.0,20.0,65,24,11,2,5.8,3
43650_0,16.6,1376.0,20.0,46,34,22,2,5.6,5
43657_0,16.5,1326.0,20.0,47,24,26,2,5.9,5
43659_0,16.5,1321.0,20.0,48,24,42,2,6.3,3
43673_0,14.8,1232.0,18.0,103,21,15,2,5.6,99
43695_0,16.1,1263.0,19.0,61,34,27,6,5.7,1
43696_0,16.5,1294.0,20.0,54,24,24,2,5.6,2
43707_0,15.6,1273.0,19.0,84,24,19,4,6.0,5
43724_0,16.0,1282.0,21.0,60,34,18,2,6.2,5
43736_0,16.1,1283.0,20.0,85,21,16,4,5.3,5
43753_0,17.1,1384.0,22.0,39,24,22,3,5.9,5
43773_0,15.4,1250.0,19.0,70,34,18,3,6.1,99
43783_0,15.8,1399.0,20.0,134,21,14,3,5.1,3
43798_0,14.7,1204.0,17.0,170,31,17,4,5.4,3
43807_0,17.3,1383.0,22.0,36,24,18,2,5.8,2
43813_0,16.1,1276.0,20.0,54,24,28,3,6.0,1
43826_0,17.1,1390.0,21.0,41,24,14,2,6.0,5
43844_0,16.0,1333.0,20.0,72,34,18,2,5.6,3
43848_0,17.1,1295.0,18.0,50,24,21,2,6.0,5
43859_0,17.1,1349.0,21.0,39,24,44,6,6.4,99
43878_0,14.9,1206.0,17.0,90,34,30,10,5.5,3
43901_0,16.1,1253.0,20.0,72,24,14,2,5.8,5
43906_0,15.4,1249.0,19.0,75,41,35,5,5.5,5
43907_0,14.2,1183.0,17.0,183,31,16,4,5.7,5
43913_0,16.1,1280.0,20.0,58,24,21,2,5.8,1
43920_0,17.1,1331.0,20.0,43,34,22,2,5.8,3
43944_0,15.3,1251.0,19.0,71,24,13,2,6.3,3
43959_0,14.9,1210.0,18.0,177,21,15,4,5.6,3
43964_0,15.9,1223.0,19.0,74,34,24,2,6.2,3
43970_0,14.8,1215.0,17.0,92,34,24,2,5.9,3
43973_0,17.1,1386.0,22.0,41,24,17,2,5.7,5
44011_0,14.5,1199.0,17.0,142,22,17,5,5.9,5
44034_0,15.0,1221.0,17.0,159,21,16,3,5.4,5
44062_0,16.9,1337.0,21.0,43,34,33,2,6.0,5
44063_0,15.5,1262.0,18.0,71,41,37,2,6.7,3
44095_0,15.4,1211.0,18.0,76,24,21,3,5.8,3
44097_0,16.0,1234.0,19.0,66,41,29,4,6.3,5
44115_0,15.9,1322.0,20.0,109,31,28,3,5.6,3
44126_0,15.0,1250.0,18.0,73,34,40,2,6.0,5
44142_0,15.9,1218.0,18.0,69,34,24,2,6.2,5
44146_0,16.2,1269.0,20.0,50,24,18,2,5.9,2
44150_0,16.9,1367.0,21.0,45,24,28,3,5.9,3
44178_0,16.9,1315.0,20.0,43,24,38,2,6.2,3
44229_0,15.3,1267.0,18.0,188,32,14,4,5.4,3
44248_0,16.6,1415.0,21.0,63,24,20,10,5.4,3
44252_0,16.8,1354.0,21.0,46,21,37,4,6.1,5
44273_0,15.9,1242.0,20.0,62,24,38,6,6.1,3
44294_0,14.7,1203.0,16.0,81,24,19,4,5.8,5
44301_0,16.0,1326.0,20.0,62,24,17,2,6.1,5
44302_0,17.2,1392.0,21.0,39,24,15,2,5.9,5
44305_0,15.3,1204.0,18.0,77,24,14,2,6.0,3
44313_0,16.8,1305.0,19.0,52,41,18,3,5.4,5
44330_0,16.0,1312.0,20.0,103,41,22,2,6.1,1
44347_0,15.7,1245.0,20.0,67,34,24,2,6.7,5
44350_0,16.3,1370.0,20.0,49,24,27,4,6.2,5
44353_0,15.1,1245.0,17.0,78,24,15,2,5.8,99
44356_0,16.3,1281.0,20.0,62,24,19,2,6.0,5
44359_0,16.6,1269.0,19.0,61,24,23,2,5.7,1
44360_0,15.4,1203.0,18.0,77,24,25,2,5.6,5
44367_0,14.1,1193.0,16.0,159,42,16,3,6.0,5
44370_0,14.3,1176.0,17.0,159,21,15,2,6.0,1
44379_0,16.5,1334.0,20.0,57,21,25,6,6.2,5
44388_0,15.0,1234.0,18.0,85,34,12,2,5.7,3
44394_0,14.8,1229.0,18.0,80,34,21,2,6.1,5
44412_0,13.7,1185.0,16.0,205,22,14,4,5.6,5
44416_0,16.8,1363.0,21.0,64,24,19,3,5.4,5
44436_0,15.6,1208.0,18.0,72,41,22,4,6.2,5
44443_0,16.7,1315.0,20.0,46,34,28,6,6.1,3
44472_0,15.1,1207.0,17.0,80,24,28,4,5.9,5
44474_0,15.9,1371.0,21.0,107,21,11,2,5.1,5
44484_0,15.0,1222.0,18.0,141,22,15,3,5.8,5
44489_0,16.8,1315.0,20.0,50,24,24,3,5.9,1
44507_0,17.1,1307.0,19.0,54,24,16,2,5.5,2
44509_0,15.6,1224.0,18.0,68,34,12,2,5.9,3
44516_0,15.9,1246.0,18.0,63,34,22,2,6.1,1
44528_0,17.0,1322.0,20.0,49,34,28,2,5.4,5
44537_0,15.3,1254.0,18.0,71,24,33,2,6.4,3
44546_0,15.2,1237.0,18.0,117,31,11,2,5.5,2
44550_0,17.0,1394.0,21.0,42,24,19,3,5.6,1
44557_0,16.3,1297.0,20.0,56,34,32,6,6.3,2
44571_0,13.3,1177.0,16.0,266,21,16,3,5.8,5
44585_0,16.0,1336.0,20.0,98,21,14,2,5.2,5
44611_0,17.0,1396.0,21.0,40,24,28,3,6.1,5
44657_0,16.8,1265.0,19.0,60,24,15,2,5.6,3
44667_0,16.0,1239.0,20.0,65,34,15,2,5.7,5
44668_0,16.1,1260.0,19.0,56,34,25,2,5.9,5
44693_0,17.3,1390.0,21.0,39,24,24,2,6.0,5
44705_0,17.0,1313.0,19.0,57,34,31,4,6.6,3
44706_0,16.1,1275.0,19.0,57,24,15,2,5.7,5
44717_0,16.8,1347.0,21.0,45,34,38,2,5.9,3
44730_0,17.0,1346.0,21.0,43,24,29,4,6.4,5
44739_0,16.7,1408.0,21.0,50,34,16,2,5.9,2
44748_0,15.9,1228.0,18.0,70,24,20,3,5.5,2
44750_0,17.2,1383.0,21.0,37,24,17,2,5.7,1
44755_0,17.3,1390.0,22.0,34,34,28,2,6.1,1
44771_0,16.0,1228.0,19.0,72,24,18,2,5.7,5
44778_0,16.5,1329.0,20.0,53,24,27,8,6.2,1
44788_0,15.4,1251.0,19.0,69,41,27,2,6.0,5
44797_0,14.2,1187.0,17.0,205,22,16,4,5.6,5
44804_0,16.2,1264.0,20.0,53,34,32,2,6.1,1
44812_0,16.0,1286.0,20.0,66,34,16,3,5.6,5
44823_0,16.2,1359.0,21.0,51,34,19,2,6.0,3
44832_0,15.9,1255.0,20.0,67,24,34,2,6.1,1
44845_0,14.8,1215.0,17.0,100,34,23,7,6.0,5
44852_0,16.1,1275.0,20.0,65,34,38,10,6.2,99
44854_0,15.2,1251.0,18.0,71,34,8,2,5.9,99
44859_0,15.7,1213.0,18.0,75,41,28,2,5.8,1
44891_0,16.0,1269.0,20.0,65,24,26,2,6.1,5
44910_0,17.3,1389.0,22.0,31,41,33,5,6.3,3
44921_0,15.8,1230.0,18.0,75,34,30,3,5.8,5
44922_0,16.5,1336.0,20.0,55,24,25,9,6.2,1
44927_0,16.2,1268.0,20.0,62,34,25,5,5.9,3
44945_0,16.0,1314.0,21.0,66,34,27,5,6.1,5
44958_0,15.7,1247.0,20.0,66,24,43,2,5.9,1
44963_0,16.0,1265.0,20.0,59,34,41,3,5.8,5
44995_0,15.0,1239.0,18.0,76,34,13,2,6.2,3
45002_0,16.3,1340.0,20.0,50,24,35,7,6.3,5
45013_0,15.7,1208.0,18.0,73,34,27,3,5.9,99
45015_0,17.2,1401.0,22.0,39,34,21,2,6.4,5
45029_0,16.9,1352.0,21.0,49,24,22,2,6.0,5
45030_0,16.3,1292.0,20.0,57,41,32,6,5.9,99
45031_0,16.0,1299.0,21.0,54,42,33,4,6.7,5
45033_0,15.1,1250.0,17.0,76,41,29,2,5.6,3
45059_0,15.2,1256.0,18.0,81,34,31,7,7.0,2
45077_0,15.7,1222.0,18.0,72,24,15,2,5.8,5
45078_0,14.6,1232.0,18.0,124,21,13,2,5.1,3
45079_0,16.6,1330.0,20.0,50,34,35,10,6.1,1
45100_0,16.0,1294.0,21.0,61,34,35,3,5.7,5
45113_0,16.0,1272.0,20.0,58,24,29,4,6.2,5
45127_0,15.3,1249.0,18.0,115,21,14,2,5.5,99
45159_0,17.3,1395.0,22.0,36,24,21,2,5.5,2
45163_0,16.9,1395.0,21.0,40,34,36,3,6.0,1
45164_0,16.1,1297.0,20.0,53,24,31,5,6.2,5
45175_0,15.4,1253.0,18.0,69,24,24,2,6.3,5
45182_0,15.8,1216.0,18.0,74,24,19,2,6.0,3
45201_0,16.1,1287.0,21.0,54,21,40,4,6.0,1
45207_0,16.8,1348.0,21.0,47,24,23,2,6.0,3
45220_0,14.3,1193.0,16.0,130,32,14,4,6.0,3
45252_0,16.8,1313.0,20.0,51,41,37,6,6.0,5
45282_0,16.0,1278.0,20.0,71,24,28,7,7.0,5
45284_0,17.2,1392.0,21.0,36,34,25,2,5.8,5
45291_0,17.0,1399.0,21.0,48,34,27,4,5.7,5
45298_0,16.1,1265.0,19.0,59,34,26,2,6.2,5
45320_0,17.0,1352.0,21.0,40,34,41,5,6.3,3
45336_0,15.7,1231.0,17.0,72,24,13,2,5.9,2
45340_0,16.1,1298.0,19.0,106,21,14,2,5.4,3
45342_0,17.1,1301.0,18.0,53,24,27,3,5.4,5
45343_0,15.8,1223.0,19.0,70,24,20,2,5.9,5
45356_0,14.4,1209.0,17.0,156,21,15,4,5.4,99
45359_0,16.0,1277.0,21.0,67,41,33,3,5.9,5
45362_0,16.1,1307.0,20.0,105,31,30,2,5.6,5
45367_0,16.2,1382.0,20.0,65,34,14,3,5.4,5
45372_0,16.1,1292.0,19.0,66,24,15,2,5.8,3
45394_0,16.9,1365.0,21.0,47,24,22,2,6.0,5
45402_0,15.9,1265.0,20.0,67,24,22,2,6.1,5
45413_0,16.0,1312.0,20.0,60,24,21,2,5.9,5
45424_0,14.7,1216.0,17.0,206,21,13,3,5.5,5
45440_0,16.3,1268.0,20.0,63,34,22,3,5.8,3
45442_0,16.0,1266.0,20.0,70,41,15,2,5.7,99
45443_0,16.6,1318.0,20.0,44,34,42,2,6.3,5
45465_0,17.2,1386.0,21.0,37,34,32,3,6.3,3
45466_0,16.9,1396.0,21.0,42,24,42,3,5.9,2
45475_0,16.2,1267.0,20.0,56,34,32,7,6.8,3
45486_0,16.0,1263.0,20.0,64,24,41,2,5.8,3
45491_0,15.5,1209.0,18.0,77,34,24,2,6.1,3
45503_0,16.6,1342.0,21.0,44,34,30,2,5.7,2
45554_0,16.8,1342.0,21.0,46,34,35,3,6.4,5
45575_0,15.7,1279.0,19.0,76,34,23,2,5.9,3
45586_0,16.1,1270.0,21.0,61,34,41,3,6.6,3
45616_0,14.9,1240.0,18.0,76,24,16,2,6.3,2
45632_0,16.5,1382.0,20.0,50,24,14,2,6.1,2
45636_0,15.4,1250.0,19.0,66,24,13,2,6.0,5
45653_0,16.9,1316.0,19.0,60,34,23,4,5.9,3
45665_0,15.6,1248.0,19.0,68,41,17,2,5.8,5
45688_0,16.0,1282.0,21.0,61,24,37,2,6.3,5
45713_0,15.9,1278.0,19.0,63,34,16,2,5.9,5
45724_0,15.6,1221.0,17.0,70,34,18,2,6.4,3
45739_0,16.1,1334.0,21.0,54,34,32,4,5.6,3
45740_0,15.9,1379.0,20.0,100,21,16,2,5.5,1
45750_0,15.6,1247.0,20.0,68,24,13,2,5.8,5
45758_0,15.3,1217.0,18.0,82,24,28,3,6.4,3
45760_0,16.5,1381.0,20.0,48,24,16,2,5.7,5
45802_0,16.5,1346.0,20.0,50,24,34,2,6.2,5
45808_0,16.8,1263.0,19.0,58,34,19,2,6.0,1
45831_0,15.8,1230.0,19.0,70,24,12,2,6.2,5
45832_0,13.8,1183.0,16.0,140,21,16,2,6.1,2
45841_0,15.2,1252.0,18.0,72,24,37,3,6.3,5
45854_0,16.7,1317.0,20.0,42,41,40,9,6.0,5
45871_0,16.9,1324.0,20.0,55,24,24,6,6.6,3
45884_0,16.8,1278.0,19.0,59,24,21,2,6.0,99
45914_0,15.1,1208.0,17.0,81,24,27,3,6.2,5
45916_0,17.1,1378.0,22.0,42,24,25,3,5.9,5
45919_0,15.4,1207.0,18.0,77,41,24,2,5.8,5
45920_0,15.6,1273.0,19.0,75,34,30,5,6.1,99
45940_0,17.1,1323.0,17.0,49,24,14,2,5.7,3
45957_0,16.8,1320.0,21.0,41,34,34,2,6.4,2
45978_0,16.3,1383.0,20.0,62,34,14,2,6.1,1
45991_0,16.1,1264.0,20.0,65,34,14,2,5.8,3
46012_0,16.0,1243.0,20.0,64,34,32,4,5.5,5
46059_0,16.6,1434.0,20.0,126,21,17,4,5.3,5
46086_0,15.3,1257.0,18.0,76,24,16,2,5.8,5
46088_0,15.6,1240.0,19.0,68,34,17,2,5.6,1
46093_0,15.4,1220.0,18.0,82,24,13,2,5.8,99
46108_0,16.7,1302.0,20.0,53,41,18,3,5.7,2
46111_0,17.0,1292.0,18.0,51,24,39,5,6.2,5
46118_0,15.0,1225.0,17.0,160,21,17,3,5.5,1
46119_0,15.4,1209.0,18.0,68,34,17,2,6.2,3
46125_0,16.1,1273.0,20.0,55,34,19,2,5.8,5
46126_0,17.0,1335.0,17.0,58,24,21,3,5.7,2
46127_0,16.8,1340.0,21.0,45,41,33,2,5.8,99
46137_0,15.9,1383.0,20.0,103,21,15,2,5.2,5
46159_0,16.7,1393.0,21.0,48,34,15,2,6.2,5
46167_0,16.8,1315.0,20.0,51,24,33,10,5.7,1
46172_0,16.6,1412.0,21.0,56,24,22,2,5.5,5
46189_0,15.8,1218.0,18.0,68,41,24,4,5.6,3
46191_0,17.1,1365.0,22.0,41,41,23,2,5.8,5
46200_0,15.4,1253.0,18.0,72,34,30,3,6.3,1
46202_0,16.0,1294.0,20.0,102,21,19,3,5.6,2
46229_0,16.2,1285.0,19.0,85,41,26,4,5.2,5
46232_0,16.1,1253.0,20.0,74,24,14,2,5.5,1
46243_0,16.8,1374.0,21.0,48,24,18,2,6.0,5
46246_0,14.1,1202.0,17.0,198,31,21,4,5.7,5
46272_0,15.6,1235.0,17.0,69,24,19,2,6.2,1
46274_0,17.0,1372.0,21.0,42,34,37,2,6.0,1
46291_0,16.9,1315.0,20.0,48,34,24,3,5.9,3
46301_0,16.0,1259.0,19.0,60,24,20,3,5.6,3
46303_0,15.8,1249.0,20.0,67,41,23,2,5.8,1
46307_0,16.0,1249.0,19.0,69,41,24,5,5.6,3
46322_0,16.9,1365.0,21.0,46,34,30,2,6.0,99
46324_0,16.9,1309.0,19.0,48,34,40,10,5.6,5
46330_0,16.0,1318.0,21.0,64,31,18,2,5.7,5
46333_0,16.0,1302.0,20.0,62,24,30,2,6.1,5
46335_0,15.7,1248.0,19.0,66,24,12,2,6.0,3
46357_0,16.3,1267.0,20.0,60,34,28,7,6.5,5
46359_0,17.1,1362.0,22.0,37,24,32,4,6.3,99
46371_0,16.1,1265.0,20.0,61,24,16,3,5.5,1
46376_0,16.9,1350.0,21.0,41,34,42,3,6.1,1
46380_0,15.2,1242.0,18.0,81,34,14,2,6.1,3
46386_0,17.2,1390.0,22.0,36,34,39,3,6.1,5
46400_0,15.8,1392.0,20.0,122,24,12,2,5.3,3
46408_0,14.4,1213.0,17.0,183,21,17,4,5.7,3
46443_0,16.2,1280.0,20.0,55,24,17,2,5.7,5
46466_0,16.6,1306.0,20.0,48,41,27,6,6.1,3
46471_0,17.1,1384.0,22.0,40,24,16,2,5.7,5
46507_0,16.1,1265.0,19.0,61,41,20,2,5.6,5
46514_0,15.8,1239.0,20.0,63,24,15,2,6.0,3
46530_0,16.1,1293.0,22.0,60,24,26,2,6.3,1
46532_0,17.1,1329.0,20.0,40,24,38,3,6.3,5
46545_0,17.0,1335.0,21.0,41,24,47,3,6.2,2
46546_0,17.2,1346.0,22.0,32,34,36,3,6.2,3
46548_0,15.5,1296.0,19.0,172,21,15,2,5.7,3
46561_0,15.6,1212.0,18.0,75,34,29,5,5.8,5
46562_0,16.0,1294.0,21.0,57,24,32,3,6.2,99
46586_0,15.9,1233.0,18.0,69,24,17,2,6.1,1
46593_0,16.1,1264.0,19.0,61,41,25,6,5.7,5
46596_0,16.5,1335.0,20.0,60,34,25,5,6.9,5
46613_0,16.0,1295.0,20.0,60,34,11,2,6.0,1
46624_0,15.7,1236.0,17.0,63,34,28,2,6.2,3
46680_0,17.0,1363.0,22.0,39,34,42,5,6.5,5
46695_0,16.0,1366.0,21.0,78,34,16,2,5.6,3
46733_0,17.2,1308.0,17.0,47,34,23,2,6.3,3
46750_0,15.8,1363.0,20.0,85,34,16,2,5.7,5
46770_0,16.1,1349.0,21.0,65,34,14,2,5.3,5
46787_0,17.0,1315.0,19.0,55,24,22,6,6.2,5
46788_0,15.9,1263.0,20.0,64,24,43,2,6.4,2
46791_0,16.7,1315.0,20.0,42,24,43,8,6.5,3
46812_0,14.7,1199.0,17.0,86,31,16,2,6.1,5
46847_0,16.2,1333.0,20.0,51,34,29,7,6.0,3
46874_0,15.3,1298.0,19.0,208,21,16,3,5.3,3
46877_0,15.0,1250.0,18.0,76,34,25,2,6.1,3
46898_0,17.3,1384.0,21.0,46,41,27,3,5.6,5
46902_0,17.3,1391.0,22.0,36,24,15,2,5.7,3
46934_0,16.4,1309.0,20.0,51,34,31,6,6.2,5
46949_0,17.0,1282.0,18.0,62,34,39,5,6.4,3
46967_0,16.1,1280.0,20.0,68,34,30,5,6.1,5
46970_0,16.5,1266.0,20.0,59,34,20,3,5.7,5
46975_0,16.1,1247.0,20.0,67,24,17,2,5.8,2
46978_0,16.9,1372.0,21.0,46,34,20,2,5.6,5
46982_0,15.9,1286.0,20.0,92,24,13,2,5.8,5
46983_0,16.7,1314.0,20.0,49,34,30,4,6.0,2
46992_0,15.3,1250.0,19.0,120,21,13,2,5.3,3
47013_0,15.8,1258.0,19.0,58,34,20,3,6.1,1
47019_0,14.9,1218.0,17.0,151,21,17,3,5.6,5
47026_0,17.4,1385.0,21.0,39,34,17,2,5.7,5
47031_0,16.8,1312.0,19.0,51,24,32,9,6.1,3
47036_0,15.3,1217.0,18.0,80,34,27,4,6.2,5
47050_0,16.1,1259.0,20.0,65,34,14,3,6.0,3
47090_0,16.1,1273.0,20.0,66,24,14,2,5.8,1
47098_0,15.5,1247.0,19.0,67,34,22,4,6.5,5
47099_0,13.7,1152.0,16.0,160,22,14,2,5.8,5
47115_0,16.8,1296.0,19.0,57,34,19,2,5.7,3
47151_0,15.5,1271.0,18.0,129,31,13,2,5.6,3
47169_0,16.8,1273.0,20.0,62,24,19,2,5.6,5
47170_0,16.1,1263.0,19.0,56,34,22,3,5.7,5
47195_0,17.2,1397.0,22.0,42,24,15,2,5.8,2
47197_0,16.7,1342.0,21.0,47,24,16,2,5.8,5
47216_0,16.1,1305.0,22.0,59,34,35,3,5.7,5
47236_0,14.7,1207.0,17.0,82,41,17,2,6.3,5
47252_0,15.5,1277.0,19.0,84,24,20,3,5.4,5
47257_0,16.1,1273.0,21.0,62,24,26,2,6.7,3
47259_0,17.1,1321.0,18.0,45,24,16,2,5.7,3
47289_0,15.7,1240.0,20.0,68,41,31,3,6.2,5
47290_0,16.1,1246.0,20.0,68,24,18,3,5.8,3
47297_0,16.3,1285.0,19.0,79,34,26,1,6.0,3
47320_0,16.1,1285.0,20.0,90,24,31,4,5.3,3
47327_0,16.2,1313.0,20.0,55,34,13,2,5.7,1
47333_0,16.9,1376.0,21.0,45,41,23,2,5.7,3
47337_0,16.0,1291.0,21.0,61,24,21,2,5.9,5
47362_0,17.1,1384.0,22.0,38,34,23,4,5.9,99
47374_0,15.5,1263.0,19.0,70,34,29,2,6.3,99
47377_0,16.0,1331.0,21.0,69,24,26,6,6.7,3
47378_0,16.3,1409.0,21.0,105,21,13,2,5.3,2
47383_0,15.9,1222.0,19.0,72,24,18,2,5.7,1
47415_0,16.1,1282.0,20.0,54,24,17,2,5.5,1
47419_0,17.2,1337.0,21.0,38,24,45,5,5.9,5
47438_0,16.0,1253.0,20.0,61,41,39,6,6.2,5
47444_0,16.1,1303.0,20.0,53,24,13,2,5.6,5
47449_0,15.7,1214.0,18.0,72,34,23,2,5.9,5
47462_0,15.9,1386.0,20.0,112,34,16,2,5.4,5
47471_0,16.7,1312.0,20.0,56,34,31,6,6.7,5
47486_0,14.3,1203.0,16.0,90,34,16,3,6.0,5
47494_0,16.5,1334.0,20.0,50,24,25,4,6.4,3
47509_0,16.9,1324.0,20.0,52,41,24,6,6.4,5
47515_0,16.8,1340.0,21.0,44,24,39,2,5.9,5
47528_0,16.9,1360.0,21.0,41,34,46,4,5.5,3
47534_0,16.3,1267.0,20.0,59,34,31,10,6.2,5
47569_0,16.5,1276.0,20.0,59,24,14,2,5.6,5
47595_0,16.7,1313.0,20.0,47,41,30,6,6.2,5
47603_0,15.8,1258.0,20.0,67,34,42,4,5.4,5
47606_0,17.2,1397.0,22.0,37,24,22,2,5.9,5
47617_0,15.5,1257.0,19.0,70,34,20,2,6.0,5
47632_0,15.2,1209.0,18.0,81,34,29,9,5.8,1
47637_0,17.1,1385.0,22.0,40,34,36,2,6.2,3
47639_0,15.8,1223.0,19.0,64,34,20,3,5.8,99
47664_0,16.7,1365.0,21.0,47,24,28,3,6.2,3
47677_0,15.7,1237.0,19.0,67,24,15,2,5.9,5
47681_0,15.9,1259.0,20.0,67,34,21,2,6.3,3
47683_0,15.8,1244.0,20.0,64,24,36,3,6.3,2
47685_0,15.5,1274.0,18.0,135,41,17,4,5.8,5
47686_0,17.1,1398.0,22.0,38,24,22,2,5.9,5
47700_0,15.0,1242.0,18.0,78,34,23,2,6.5,5
47708_0,16.8,1330.0,21.0,43,24,22,2,5.9,1
47715_0,16.3,1265.0,20.0,58,41,28,8,5.9,5
47743_0,16.5,1358.0,20.0,50,24,19,2,5.5,3
47750_0,16.5,1422.0,21.0,107,21,16,5,5.3,2
47756_0,17.0,1399.0,21.0,40,34,23,5,5.8,2
47774_0,16.0,1267.0,21.0,61,34,28,2,6.3,3
47776_0,16.3,1371.0,20.0,51,24,18,2,5.8,3
47794_0,16.0,1287.0,21.0,60,41,28,8,5.9,1
47811_0,15.9,1284.0,20.0,84,34,13,2,5.6,1
47830_0,16.7,1272.0,19.0,58,34,23,2,5.9,5
47841_0,16.8,1316.0,20.0,45,24,33,9,6.5,5
47872_0,17.2,1398.0,22.0,39,24,22,2,5.9,5
47897_0,16.1,1394.0,20.0,67,34,19,2,5.8,3
47901_0,15.4,1257.0,18.0,74,34,20,2,6.1,5
47924_0,16.8,1342.0,21.0,51,24,33,3,6.1,5
47931_0,16.0,1334.0,21.0,69,34,31,10,6.1,2
47939_0,16.2,1340.0,20.0,54,24,21,3,5.8,5
47940_0,15.9,1262.0,20.0,66,24,37,3,6.0,5
47942_0,16.0,1313.0,21.0,62,24,20,2,6.1,1
47944_0,14.0,1179.0,16.0,130,21,16,2,6.1,1
47952_0,16.0,1261.0,20.0,100,21,15,2,5.5,5
47953_0,16.0,1272.0,21.0,63,24,18,2,5.9,5
47955_0,16.4,1266.0,20.0,58,24,17,2,5.6,5
47966_0,16.0,1238.0,19.0,69,34,20,4,5.8,1
47967_0,16.2,1355.0,21.0,51,34,26,2,6.2,99
47978_0,15.9,1228.0,18.0,72,34,33,5,5.9,5
47979_0,15.9,1225.0,19.0,73,24,17,3,5.5,3
47993_0,17.0,1332.0,19.0,45,24,44,3,5.8,5
48014_0,16.1,1336.0,22.0,63,24,38,3,6.0,3
48029_0,16.0,1269.0,20.0,70,24,29,7,5.8,5
48032_0,13.6,1187.0,16.0,208,32,15,4,5.6,5
48039_0,14.7,1222.0,18.0,81,24,27,2,6.2,1
48048_0,15.6,1204.0,18.0,73,41,27,4,6.0,3
48050_0,16.5,1332.0,20.0,56,21,25,6,6.0,5
48066_0,15.4,1260.0,18.0,70,41,19,2,6.1,3
48069_0,16.3,1289.0,20.0,57,34,29,5,6.0,1
48106_0,13.6,1193.0,16.0,223,21,16,4,5.4,5
48112_0,16.1,1266.0,20.0,75,24,14,2,5.7,5
48117_0,16.1,1258.0,20.0,66,24,14,2,5.8,5
48139_0,15.9,1309.0,20.0,61,34,14,2,6.2,5
48165_0,16.0,1262.0,19.0,60,24,13,2,5.8,5
48166_0,15.9,1322.0,21.0,65,34,16,2,6.2,5
48173_0,15.9,1237.0,19.0,67,24,21,2,5.8,5
48179_0,16.1,1274.0,20.0,65,24,30,2,6.6,5
48187_0,15.1,1247.0,19.0,75,24,10,2,5.9,5
48192_0,16.2,1270.0,20.0,61,24,29,8,6.5,2
48195_0,14.9,1211.0,17.0,84,24,26,3,6.1,5
48202_0,15.6,1207.0,18.0,75,24,18,2,6.1,3
48205_0,17.2,1399.0,22.0,37,24,20,2,6.0,5
48215_0,17.1,1385.0,22.0,39,34,27,2,6.1,1
48223_0,16.3,1280.0,20.0,57,34,26,8,6.3,3
48247_0,14.7,1218.0,19.0,102,24,10,2,5.7,99
48249_0,14.9,1234.0,18.0,100,41,13,2,5.6,3
48257_0,16.1,1251.0,20.0,72,34,17,2,5.9,5
48258_0,16.0,1238.0,19.0,71,24,21,4,5.9,3
48273_0,17.0,1314.0,19.0,53,21,18,2,5.6,3
48304_0,16.0,1386.0,20.0,114,24,18,6,5.2,2
48313_0,17.1,1335.0,21.0,40,41,41,6,5.9,1
48322_0,15.4,1251.0,19.0,67,24,25,4,6.2,1
48333_0,16.5,1266.0,20.0,58,24,20,2,5.7,1
48338_0,17.1,1314.0,18.0,49,24,14,2,5.9,2
48342_0,16.0,1235.0,19.0,67,24,21,2,5.5,5
48351_0,15.4,1205.0,18.0,78,24,30,4,6.1,1
48355_0,16.8,1380.0,21.0,45,34,19,2,5.8,5
48363_0,17.1,1307.0,18.0,48,41,29,6,6.0,5
48369_0,16.3,1285.0,20.0,62,24,15,2,5.6,2
48398_0,16.3,1388.0,21.0,63,41,13,2,5.4,99
48404_0,16.0,1297.0,21.0,57,31,31,3,6.1,5
48407_0,16.3,1271.0,20.0,56,34,26,10,6.1,5
48423_0,17.0,1343.0,18.0,45,24,19,2,5.4,5
48440_0,15.0,1223.0,17.0,85,24,18,2,6.1,2
48446_0,16.3,1271.0,20.0,62,24,32,9,6.3,5
48487_0,16.2,1352.0,21.0,52,34,21,2,6.1,1
48495_0,17.1,1296.0,17.0,50,34,16,2,6.1,99
48498_0,16.0,1252.0,19.0,69,24,15,2,5.8,5
48520_0,16.0,1283.0,20.0,69,34,26,10,6.3,3
48527_0,17.1,1335.0,19.0,45,34,34,3,6.0,5
48588_0,16.1,1268.0,19.0,55,24,18,2,5.7,5
48594_0,14.7,1211.0,18.0,92,24,34,5,5.8,5
48596_0,16.9,1321.0,20.0,49,24,21,6,5.9,1
48618_0,16.1,1272.0,20.0,64,41,40,4,6.3,1
48632_0,16.4,1369.0,20.0,48,34,34,2,5.8,3
48636_0,16.0,1335.0,21.0,70,24,26,6,6.2,5
48645_0,16.1,1288.0,21.0,66,31,26,5,5.7,5
48647_0,16.0,1307.0,22.0,55,41,25,7,6.0,5
48699_0,15.2,1211.0,17.0,80,34,23,4,5.9,99
48715_0,15.0,1210.0,17.0,80,24,22,2,6.7,5
48737_0,16.4,1281.0,20.0,57,21,16,3,5.4,3
48748_0,16.9,1345.0,17.0,54,24,14,4,4.8,1
48757_0,16.8,1348.0,21.0,44,24,21,2,5.9,5
48766_0,16.3,1328.0,20.0,47,24,16,2,5.8,5
48767_0,15.8,1240.0,20.0,79,41,23,4,5.8,2
48768_0,14.7,1199.0,17.0,158,31,18,4,5.8,5
48788_0,15.7,1237.0,19.0,67,24,15,3,5.9,2
48795_0,17.2,1355.0,22.0,41,24,17,2,5.8,5
48797_0,16.1,1324.0,20.0,59,41,24,4,5.5,5
48803_0,16.6,1315.0,20.0,46,34,29,7,6.9,3
48805_0,17.1,1393.0,22.0,42,34,35,5,6.3,3
48815_0,16.1,1392.0,20.0,65,34,21,3,5.6,5
48818_0,15.9,1330.0,20.0,77,31,17,2,5.9,3
48854_0,15.1,1245.0,18.0,74,34,22,3,6.3,1
48858_0,14.2,1187.0,17.0,208,21,16,2,5.5,5
48868_0,15.0,1245.0,18.0,77,24,39,2,6.3,5
48870_0,15.8,1271.0,20.0,70,34,21,2,6.2,5
48873_0,14.8,1232.0,18.0,79,41,8,2,6.4,5
48874_0,16.0,1285.0,19.0,83,21,17,3,5.6,1
48884_0,15.6,1271.0,19.0,66,42,30,7,5.9,5
48886_0,16.7,1266.0,20.0,65,24,20,3,5.7,5
48896_0,16.3,1385.0,20.0,63,34,13,2,5.8,5
48899_0,16.6,1326.0,20.0,51,34,23,5,6.2,5
48900_0,14.8,1198.0,17.0,119,21,15,2,5.9,1
48906_0,16.9,1355.0,21.0,46,41,43,3,6.0,2
48937_0,16.1,1334.0,21.0,55,41,33,2,5.8,99
48960_0,16.1,1269.0,20.0,62,41,26,2,6.1,5
48991_0,15.8,1214.0,19.0,73,34,23,3,6.1,5
49001_0,14.1,1169.0,16.0,113,41,16,4,6.3,1
49020_0,16.1,1271.0,20.0,63,34,20,3,5.8,5
49024_0,15.4,1213.0,17.0,74,31,16,2,5.9,3
49027_0,15.7,1247.0,19.0,65,41,33,4,5.9,1
49044_0,16.1,1308.0,22.0,61,24,26,2,6.4,5
49049_0,16.8,1313.0,20.0,48,24,28,7,6.1,3
49055_0,15.1,1251.0,18.0,74,24,14,2,6.1,5
49066_0,16.5,1290.0,20.0,55,24,17,2,5.8,99
49070_0,17.0,1329.0,18.0,49,24,17,2,5.6,5
49075_0,15.0,1245.0,18.0,144,21,12,5,5.2,5
49077_0,16.8,1273.0,18.0,59,24,18,2,5.5,1
49089_0,15.6,1243.0,19.0,71,34,17,2,5.9,3
49095_0,16.0,1242.0,20.0,62,21,36,4,5.9,5
49105_0,14.5,1192.0,17.0,90,41,17,3,6.4,1
49108_0,15.3,1254.0,18.0,75,34,36,10,7.1,5
49128_0,15.6,1223.0,18.0,72,24,10,2,6.2,3
49130_0,15.5,1251.0,19.0,68,24,36,4,5.6,5
49131_0,16.0,1254.0,20.0,66,42,40,3,6.2,3
49133_0,15.6,1249.0,19.0,69,34,12,2,6.0,1
49138_0,16.1,1281.0,20.0,82,31,21,2,5.7,3
49140_0,16.0,1271.0,21.0,56,41,40,5,5.7,99
49146_0,16.1,1280.0,21.0,59,24,26,2,6.1,5
49150_0,15.7,1213.0,18.0,71,34,23,2,6.1,5
49167_0,16.1,1277.0,21.0,59,34,24,2,6.1,5
49168_0,16.2,1324.0,20.0,54,24,18,2,5.8,5
49169_0,15.4,1252.0,19.0,69,34,14,2,5.6,3
49195_0,15.5,1212.0,18.0,72,24,17,2,6.1,2
49221_0,16.1,1310.0,21.0,80,21,17,2,5.2,3
49228_0,17.2,1313.0,17.0,49,24,15,2,5.7,5
49246_0,17.0,1379.0,22.0,42,24,34,2,5.6,2
49250_0,16.7,1265.0,20.0,63,24,17,3,5.7,5
49255_0,17.0,1324.0,20.0,52,24,29,10,6.2,1
49256_0,15.7,1222.0,18.0,72,41,30,3,6.0,5
49269_0,16.5,1338.0,20.0,59,24,22,8,6.0,3
49291_0,14.9,1199.0,17.0,138,22,16,2,6.0,2
49310_0,16.0,1304.0,21.0,57,24,41,3,6.3,5
49318_0,15.1,1227.0,17.0,138,41,15,4,5.5,1
49338_0,15.8,1246.0,20.0,69,41,15,2,6.0,5
49365_0,16.2,1293.0,20.0,91,24,24,3,5.7,1
49381_0,17.2,1331.0,21.0,41,34,23,2,6.0,1
49392_0,17.0,1328.0,19.0,45,24,13,2,5.7,5
49411_0,15.7,1245.0,20.0,67,34,17,2,6.0,3
49427_0,17.1,1384.0,22.0,40,24,22,2,5.7,1
49443_0,15.1,1210.0,18.0,76,24,19,3,5.8,1
49451_0,15.8,1257.0,20.0,67,24,17,2,6.0,5
49453_0,16.1,1265.0,19.0,66,41,20,2,5.6,3
49502_0,15.1,1255.0,18.0,73,34,44,3,5.7,5
49503_0,16.8,1389.0,21.0,44,34,15,2,5.9,5
49511_0,14.7,1208.0,18.0,90,24,23,2,6.0,2
49514_0,15.7,1283.0,19.0,77,34,14,2,5.6,3
49518_0,16.5,1286.0,20.0,55,24,15,2,5.8,3
49527_0,16.0,1286.0,20.0,58,24,14,2,5.7,2
49553_0,16.9,1416.0,21.0,85,41,16,2,5.5,1
49564_0,15.6,1277.0,19.0,76,24,29,8,6.6,2
49611_0,16.5,1269.0,20.0,63,24,19,3,6.1,5
49666_0,16.1,1335.0,22.0,54,34,48,4,5.5,3
49673_0,16.1,1265.0,19.0,65,34,22,5,5.4,2
49685_0,16.4,1387.0,20.0,83,21,17,3,5.4,5
49711_0,16.0,1281.0,21.0,57,34,25,2,5.7,5
49727_0,15.0,1218.0,17.0,85,24,28,2,5.8,99
49730_0,17.4,1385.0,22.0,31,24,41,6,6.3,5
49736_0,15.8,1217.0,19.0,72,24,27,2,6.2,2
49751_0,16.4,1262.0,20.0,58,24,15,3,5.8,5
49758_0,16.4,1265.0,20.0,59,24,16,2,5.7,5
49777_0,16.0,1262.0,19.0,63,34,17,4,5.3,3
49783_0,16.3,1272.0,20.0,53,34,32,9,6.2,1
49784_0,15.4,1208.0,18.0,69,34,30,4,6.0,3
49791_0,15.8,1223.0,19.0,70,24,30,2,6.0,5
49793_0,15.3,1257.0,18.0,80,24,23,2,5.7,3
49810_0,15.9,1308.0,20.0,66,24,14,2,6.0,3
49837_0,17.0,1339.0,19.0,41,34,31,2,5.9,5
49844_0,16.1,1307.0,20.0,101,21,29,3,6.1,3
49846_0,17.2,1379.0,22.0,36,41,33,2,6.2,3
49860_0,14.0,1158.0,16.0,182,21,19,5,6.4,3
49863_0,16.1,1270.0,20.0,64,24,26,2,6.5,2
49866_0,17.2,1391.0,22.0,38,34,32,2,6.0,1
49874_0,14.7,1206.0,17.0,111,21,15,2,5.8,5
49896_0,15.7,1230.0,18.0,69,34,17,2,6.3,3
49916_0,16.2,1364.0,21.0,52,34,27,2,5.7,5
49931_0,16.6,1266.0,19.0,60,41,22,6,5.5,5
49976_0,16.6,1266.0,19.0,58,34,21,3,5.7,5
49980_0,17.0,1298.0,18.0,57,24,14,3,5.8,5
49988_0,15.5,1249.0,19.0,64,34,14,2,6.0,3
49996_0,15.9,1236.0,20.0,65,24,16,2,6.4,5
5_0,14.9,1148.0,27.0,341,24,18,4,5.4,1
6_0,15.7,1043.0,22.0,183,21,15,2,5.6,3
62_0,13.5,1215.0,21.0,486,32,15,3,5.3,5
71_0,15.0,1304.0,19.0,206,21,14,3,5.8,5
80_0,15.1,1279.0,18.0,222,21,15,6,5.4,2
142_0,17.0,1284.0,17.0,56,34,37,2,6.1,1
177_0,13.9,1151.0,22.0,444,21,14,4,5.4,5
193_0,16.2,1147.0,26.0,154,31,17,2,5.6,5
261_0,15.0,1466.0,18.0,359,22,18,5,5.4,5
283_0,13.9,1097.0,18.0,247,11,28,9,6.3,5
326_0,16.2,1332.0,18.0,228,12,15,5,5.1,5
363_0,14.1,1156.0,20.0,291,31,15,5,5.8,5
366_0,15.0,1244.0,19.0,229,21,22,4,6.0,3
410_0,14.4,1185.0,17.0,211,21,15,3,5.7,1
420_0,16.4,1350.0,16.0,93,24,13,2,5.1,3
430_0,15.2,1224.0,21.0,335,31,19,6,5.3,5
446_0,15.2,1301.0,19.0,205,24,17,2,5.8,5
460_0,16.2,1144.0,26.0,150,34,14,2,5.9,3
461_0,14.8,1248.0,19.0,393,21,19,10,5.7,5
462_0,14.6,1203.0,19.0,290,22,19,8,5.1,5
517_0,15.3,1155.0,20.0,282,41,19,6,5.1,5
550_0,15.0,1283.0,20.0,218,31,15,2,5.9,5
573_0,15.9,1060.0,25.0,174,24,16,3,5.8,2
588_0,14.0,1201.0,20.0,372,41,23,6,5.4,1
636_0,15.0,1145.0,27.0,347,21,16,4,5.6,99
653_0,14.5,1218.0,21.0,465,22,17,5,5.1,2
668_0,13.8,1139.0,25.0,363,21,16,4,6.0,5
724_0,15.3,1244.0,19.0,264,21,16,4,5.5,3
734_0,14.3,1125.0,19.0,198,21,15,3,5.9,5
747_0,14.1,1215.0,19.0,334,21,19,4,5.8,3
759_0,14.2,1143.0,20.0,237,42,16,5,5.7,5
760_0,15.0,1158.0,26.0,335,21,13,4,5.6,5
766_0,14.1,1145.0,23.0,390,24,20,3,6.3,1
798_0,15.7,907.0,27.0,262,21,15,3,5.5,1
801_0,15.0,1199.0,24.0,381,21,14,3,5.3,3
850_0,17.0,1276.0,18.0,57,24,22,3,5.9,5
863_0,14.1,1137.0,24.0,385,21,19,2,5.8,1
871_0,14.3,1133.0,20.0,322,31,16,4,5.6,1
878_0,13.9,1226.0,20.0,440,31,16,8,5.1,5
934_0,13.9,1144.0,20.0,402,21,16,4,5.8,5
947_0,16.4,1257.0,19.0,68,41,20,4,6.2,1
959_0,13.4,1200.0,20.0,486,21,16,6,4.8,3
999_0,15.9,1145.0,26.0,216,21,17,3,6.0,3
1015_0,13.6,1118.0,22.0,387,31,13,5,5.5,3
1049_0,15.1,1114.0,27.0,282,22,18,4,6.0,3
1111_0,16.2,1402.0,18.0,129,41,15,4,5.6,3
1137_0,14.9,1168.0,25.0,338,21,14,3,5.8,3
1144_0,15.0,1347.0,22.0,486,21,18,6,5.3,5
1169_0,13.8,1246.0,20.0,473,31,17,5,5.0,3
1283_0,15.6,1279.0,23.0,245,21,16,3,5.9,99
1300_0,14.2,1192.0,19.0,333,22,19,4,5.6,3
1303_0,13.6,1137.0,18.0,285,21,14,2,5.5,3
1412_0,16.1,1196.0,25.0,171,34,18,3,5.7,5
1421_0,16.6,1302.0,16.0,96,31,15,3,5.2,2
1425_0,15.3,1270.0,24.0,312,32,22,8,5.6,1
1426_0,14.2,1248.0,19.0,439,21,19,4,4.9,3
1449_0,14.2,1181.0,19.0,258,41,17,5,5.4,3
1450_0,14.0,1202.0,19.0,343,21,17,4,5.3,5
1451_0,15.4,1331.0,21.0,294,31,20,4,5.7,1
1464_0,15.5,1193.0,19.0,124,41,16,5,5.5,5
1485_0,14.3,1280.0,19.0,361,22,18,3,5.3,5
1499_0,15.1,1150.0,26.0,269,32,16,4,5.9,3
1522_0,14.4,1149.0,20.0,305,22,21,7,5.3,3
1534_0,14.4,1096.0,20.0,233,22,22,7,6.0,5
1570_0,15.3,1385.0,18.0,225,21,16,7,5.0,2
1599_0,14.6,1211.0,22.0,348,41,17,5,5.4,5
1607_0,15.2,1398.0,18.0,361,21,15,8,5.5,5
1622_0,16.1,1146.0,24.0,142,34,17,2,5.9,2
1674_0,15.7,1228.0,20.0,96,24,20,3,6.0,5
1685_0,16.7,1318.0,15.0,83,24,16,5,5.2,3
1714_0,15.0,1162.0,25.0,317,31,15,3,6.1,1
1747_0,15.2,1216.0,18.0,223,31,18,10,5.3,5
1748_0,14.8,1160.0,26.0,343,32,14,4,5.7,5
1792_0,16.2,1358.0,18.0,161,21,18,4,5.9,1
1794_0,16.4,1304.0,18.0,132,31,20,4,5.5,5
1795_0,15.0,1144.0,26.0,330,21,16,3,5.5,3
1928_0,13.8,1158.0,21.0,461,32,14,3,5.8,99
1946_0,14.3,1152.0,23.0,352,34,17,2,5.8,5
1953_0,13.7,1123.0,21.0,395,24,16,3,5.8,3
1974_0,13.7,1251.0,21.0,486,21,14,7,5.1,5
1994_0,13.4,1136.0,24.0,398,24,16,2,5.9,3
2005_0,16.7,1267.0,19.0,61,41,18,3,6.1,3
2007_0,14.2,1130.0,18.0,240,12,22,9,6.1,99
2041_0,16.3,1303.0,18.0,161,21,22,5,6.0,5
2050_0,13.7,1195.0,21.0,486,11,16,5,5.5,1
2071_0,15.3,1176.0,21.0,334,21,16,6,5.5,2
2086_0,14.0,1192.0,18.0,328,22,22,7,5.2,5
2161_0,15.8,1098.0,21.0,119,34,26,2,7.0,2
2173_0,16.6,1329.0,15.0,85,34,14,4,4.7,3
2184_0,15.6,1182.0,23.0,193,41,19,5,5.5,3
2325_0,14.0,1175.0,17.0,211,21,20,2,5.5,5
2366_0,15.4,1174.0,19.0,147,21,15,2,5.8,5
2424_0,14.0,1154.0,21.0,419,31,18,4,5.6,5
2449_0,13.8,1144.0,25.0,385,31,13,4,5.3,3
2551_0,15.2,1332.0,19.0,227,31,18,6,5.4,1
2558_0,13.6,1139.0,17.0,238,21,16,2,6.0,5
2569_0,14.9,1147.0,26.0,344,24,14,3,5.6,5
2574_0,14.4,1171.0,17.0,153,41,16,2,6.1,5
2585_0,14.7,1148.0,26.0,332,22,16,4,5.9,1
2589_0,13.6,1244.0,20.0,486,24,18,8,4.8,5
2698_0,16.8,1258.0,18.0,68,24,16,2,6.0,3
2724_0,14.8,1203.0,18.0,195,22,16,5,5.6,3
2766_0,15.8,1280.0,18.0,113,24,17,3,5.8,3
2789_0,15.3,1303.0,19.0,160,41,16,2,5.7,3
2824_0,14.9,1157.0,26.0,354,21,14,4,5.6,5
2847_0,14.3,1130.0,19.0,344,22,20,6,5.8,1
2861_0,14.2,1221.0,21.0,486,21,15,5,5.0,5
2888_0,17.0,1273.0,18.0,60,34,25,7,6.3,99
2895_0,13.7,1236.0,21.0,486,21,18,5,5.0,5
2924_0,14.2,1214.0,20.0,486,32,15,7,5.2,3
2944_0,14.3,1252.0,20.0,320,31,16,6,5.0,5
2971_0,16.4,1283.0,18.0,113,31,23,4,6.0,5
2985_0,13.9,1145.0,24.0,395,24,14,3,5.6,3
2988_0,17.1,1282.0,18.0,52,34,23,2,5.9,5
2990_0,14.5,1224.0,22.0,428,31,15,6,5.5,3
3007_0,14.3,1185.0,17.0,224,21,12,3,5.5,3
3011_0,14.5,1215.0,21.0,398,41,17,7,5.0,5
3030_0,14.8,1420.0,19.0,473,31,19,6,5.1,1
3033_0,16.8,1258.0,19.0,60,41,40,3,5.7,3
3037_0,17.0,1279.0,17.0,54,34,36,3,5.9,5
3041_0,16.9,1259.0,19.0,59,24,13,2,5.8,3
3098_0,16.9,1263.0,19.0,67,34,27,5,5.9,5
3126_0,16.8,1308.0,16.0,88,34,13,4,5.3,5
3161_0,14.6,1205.0,18.0,231,21,12,3,5.2,3
3239_0,16.7,1264.0,17.0,66,24,22,2,6.0,3
3251_0,14.8,1173.0,20.0,299,21,19,3,5.4,5
3259_0,14.2,1120.0,19.0,225,42,14,2,6.1,5
3286_0,13.8,1150.0,21.0,446,21,15,5,5.8,5
3311_0,15.8,984.0,24.0,209,31,16,2,5.8,5
3326_0,13.4,1134.0,24.0,403,21,15,4,5.8,1
3331_0,16.0,1147.0,23.0,136,34,24,3,6.3,1
3350_0,15.3,1375.0,18.0,368,11,19,9,5.1,3
3420_0,15.9,957.0,24.0,161,34,24,4,6.5,2
3421_0,13.8,1119.0,22.0,408,11,21,7,6.0,2
3475_0,15.9,1285.0,18.0,187,21,19,3,5.4,5
3492_0,15.7,948.0,25.0,219,22,15,2,6.1,3
3506_0,14.0,1139.0,22.0,408,41,19,5,6.0,5
3525_0,14.4,1214.0,21.0,484,22,15,4,5.1,2
3582_0,14.7,1187.0,18.0,166,31,16,5,5.8,5
3589_0,13.7,1217.0,21.0,486,22,13,3,5.2,99
3590_0,15.5,1218.0,19.0,160,31,17,7,5.6,5
3633_0,15.0,1395.0,19.0,320,21,17,7,5.6,3
3638_0,13.8,1169.0,22.0,486,21,16,3,5.4,3
3718_0,13.8,1114.0,23.0,326,32,16,3,6.0,5
3719_0,16.8,1258.0,18.0,69,24,15,2,5.8,1
3753_0,13.9,1131.0,21.0,396,24,17,3,5.8,5
3781_0,14.2,1139.0,20.0,279,42,14,4,5.7,3
3846_0,17.0,1285.0,17.0,53,24,21,2,5.8,3
3884_0,14.2,1157.0,25.0,363,21,16,3,5.5,5
3915_0,16.4,1273.0,18.0,98,21,21,7,5.5,3
3963_0,13.9,1143.0,25.0,341,42,14,4,5.8,2
4034_0,15.0,1176.0,25.0,342,34,15,4,6.0,5
4046_0,16.1,1418.0,17.0,192,21,18,7,5.4,3
4143_0,15.8,907.0,30.0,206,34,16,2,5.6,5
4149_0,15.2,1284.0,19.0,136,21,15,2,5.7,5
4195_0,15.4,1160.0,26.0,286,41,14,3,5.9,99
4283_0,16.0,1196.0,25.0,207,34,18,2,5.9,1
4297_0,14.2,1139.0,25.0,360,24,14,4,5.7,2
4305_0,15.4,1156.0,19.0,189,12,23,3,6.2,1
4308_0,14.0,1250.0,19.0,468,42,12,6,5.1,2
4313_0,15.5,1447.0,18.0,184,34,17,2,5.7,1
4375_0,14.0,1159.0,17.0,200,21,13,2,5.9,3
4380_0,13.8,1149.0,22.0,454,21,15,5,5.7,3
4394_0,14.3,1222.0,20.0,361,31,25,7,5.0,5
4475_0,16.1,1223.0,25.0,193,41,16,7,5.7,5
4612_0,14.0,1189.0,17.0,240,31,14,3,5.5,5
4619_0,14.2,1204.0,19.0,266,31,14,3,5.6,5
4676_0,13.8,1167.0,21.0,486,22,17,3,5.4,5
4684_0,14.0,1137.0,24.0,382,34,21,2,6.4,5
4702_0,16.9,1271.0,18.0,65,24,26,3,6.3,5
4731_0,16.1,1406.0,17.0,156,22,15,6,5.5,5
4735_0,14.0,1138.0,20.0,399,32,17,3,5.6,2
4754_0,15.3,1114.0,19.0,184,21,16,2,5.6,1
4756_0,15.2,1344.0,19.0,210,41,15,2,5.4,3
4771_0,15.3,1390.0,19.0,267,31,23,10,5.3,5
4774_0,16.1,1411.0,18.0,147,21,14,3,5.6,3
4879_0,15.8,1198.0,24.0,157,31,16,5,5.6,3
4920_0,14.1,1139.0,18.0,210,41,15,4,5.6,5
4930_0,14.0,1136.0,18.0,227,11,21,9,6.1,5
4979_0,14.5,1292.0,19.0,294,21,16,4,5.3,2
5011_0,14.3,1174.0,18.0,202,41,16,3,6.0,5
5028_0,16.0,1408.0,17.0,155,31,21,6,5.7,1
5046_0,16.1,1407.0,18.0,201,21,17,5,5.4,5
5109_0,15.1,1310.0,19.0,234,24,15,3,5.9,5
5125_0,13.4,1139.0,23.0,445,22,18,7,6.0,5
5143_0,14.5,1174.0,18.0,169,42,17,6,5.7,1
5175_0,14.2,1225.0,20.0,386,22,14,5,5.6,1
5196_0,14.1,1139.0,18.0,207,32,13,4,5.7,2
5226_0,14.0,1127.0,19.0,258,31,23,4,5.9,5
5268_0,15.3,1293.0,19.0,190,21,16,3,5.9,5
5275_0,16.2,1261.0,18.0,93,34,15,3,5.6,5
5279_0,15.0,1156.0,26.0,326,22,13,4,5.3,5
5320_0,13.4,1135.0,17.0,267,21,14,3,5.5,5
5352_0,15.0,1322.0,19.0,249,21,15,3,5.6,3
5389_0,14.8,1122.0,23.0,486,22,23,8,5.5,5
5404_0,15.2,1141.0,26.0,247,32,17,3,6.1,5
5477_0,13.8,1238.0,20.0,486,21,18,8,5.0,5
5483_0,16.6,1266.0,17.0,79,41,15,5,5.0,1
5497_0,15.0,1081.0,23.0,486,12,21,7,5.5,2
5564_0,13.9,1244.0,21.0,486,21,18,5,5.1,3
5596_0,13.9,1260.0,19.0,486,11,16,7,5.0,5
5616_0,14.2,1106.0,20.0,276,21,17,4,6.0,5
5632_0,14.7,1283.0,19.0,306,24,18,4,5.6,3
5634_0,16.6,1252.0,17.0,73,24,23,3,6.1,5
5681_0,15.6,1038.0,22.0,228,22,15,3,5.6,2
5686_0,14.5,1276.0,19.0,258,31,18,4,5.1,3
5711_0,14.1,1223.0,20.0,403,41,16,8,5.3,3
5741_0,15.7,1292.0,19.0,135,21,18,3,5.9,3
5751_0,14.1,1138.0,24.0,373,34,16,3,5.5,3
5760_0,17.0,1259.0,18.0,62,34,20,2,5.6,2
5762_0,15.6,1168.0,25.0,259,31,18,4,5.2,3
5767_0,14.1,1103.0,19.0,270,32,19,6,5.7,5
5827_0,13.9,1146.0,22.0,461,21,15,4,5.7,3
5849_0,15.3,1373.0,19.0,219,31,14,8,5.3,3
5924_0,14.2,1249.0,19.0,378,22,17,4,5.6,3
5949_0,15.7,1406.0,18.0,134,41,16,2,5.8,99
5963_0,14.3,1267.0,20.0,402,21,15,7,5.3,5
5984_0,14.0,1246.0,20.0,428,22,18,6,5.1,5
5986_0,14.2,1201.0,20.0,432,21,15,4,5.1,3
6027_0,15.2,1246.0,19.0,196,21,17,4,5.4,1
6046_0,13.6,1135.0,25.0,383,21,20,5,6.1,5
6053_0,14.2,1156.0,23.0,395,21,14,3,5.6,99
6054_0,13.3,1197.0,21.0,486,32,15,5,5.1,99
6063_0,14.2,1139.0,20.0,297,21,14,4,5.7,5
6069_0,14.2,1144.0,19.0,178,32,22,7,6.1,1
6085_0,15.7,1182.0,23.0,176,34,15,3,6.1,3
6097_0,14.9,1237.0,18.0,131,32,20,4,5.5,1
6165_0,16.5,1328.0,16.0,116,31,11,4,5.2,3
6181_0,16.5,1259.0,19.0,74,24,16,3,5.7,3
6188_0,14.1,1150.0,22.0,389,34,17,2,5.7,99
6191_0,14.0,1263.0,19.0,459,22,18,5,5.1,5
6217_0,16.2,1305.0,22.0,200,31,17,3,6.1,3
6250_0,14.1,1100.0,20.0,257,21,15,4,6.0,3
6255_0,14.0,1229.0,20.0,486,21,17,4,4.8,1
6267_0,15.3,1303.0,19.0,168,31,15,7,5.6,99
6276_0,15.6,1405.0,18.0,166,31,13,2,5.5,2
6300_0,14.1,1143.0,23.0,383,34,15,2,5.8,3
6383_0,16.9,1260.0,18.0,65,24,12,2,5.8,3
6384_0,15.7,1269.0,19.0,112,34,15,2,5.8,3
6398_0,16.5,1259.0,19.0,74,24,18,3,5.9,3
6413_0,13.7,1163.0,22.0,480,21,14,3,5.5,3
6415_0,16.5,1249.0,18.0,71,34,22,2,6.0,3
6428_0,14.8,1166.0,25.0,347,24,15,4,5.8,5
6434_0,14.7,1207.0,20.0,326,11,18,8,5.1,3
6491_0,15.8,1024.0,22.0,144,34,16,3,5.8,5
6499_0,14.4,1179.0,17.0,216,21,16,2,5.8,5
6500_0,14.4,1192.0,20.0,396,31,16,7,5.3,5
6510_0,16.0,1420.0,17.0,188,22,17,8,5.4,3
6559_0,13.9,1212.0,20.0,486,21,18,8,5.0,3
6567_0,16.1,1240.0,19.0,107,31,13,2,5.3,5
6606_0,14.0,1160.0,17.0,221,21,15,2,5.6,2
6613_0,17.0,1285.0,17.0,72,24,27,2,5.6,5
6630_0,15.8,1434.0,17.0,195,21,16,5,5.3,3
6651_0,13.6,1158.0,21.0,486,21,20,4,5.3,5
6686_0,16.3,1259.0,18.0,96,34,16,2,5.1,99
6687_0,14.5,1231.0,19.0,326,42,18,7,5.1,2
6693_0,13.8,1238.0,20.0,437,31,20,5,5.2,3
6803_0,15.1,1192.0,19.0,199,31,17,5,5.6,5
6818_0,15.6,1423.0,19.0,220,21,13,5,5.2,5
6821_0,16.0,1105.0,22.0,142,34,15,2,6.5,3
6823_0,16.0,1211.0,26.0,268,21,20,4,5.6,5
6838_0,16.2,1329.0,18.0,146,41,12,4,5.2,5
6887_0,14.9,1338.0,19.0,341,41,16,7,5.4,99
6919_0,15.7,1337.0,22.0,272,21,19,5,5.5,3
7002_0,13.9,1163.0,17.0,226,32,14,2,5.6,1
7077_0,13.3,1150.0,17.0,283,21,15,3,5.1,99
7094_0,14.3,1182.0,17.0,216,21,16,3,5.6,5
7106_0,13.9,1217.0,22.0,486,11,14,3,5.5,5
7108_0,15.2,1210.0,19.0,227,11,15,4,5.4,1
7111_0,14.1,1150.0,19.0,369,12,13,3,5.5,5
7142_0,14.5,1182.0,20.0,439,21,17,7,5.0,1
7192_0,13.5,1144.0,16.0,193,31,14,2,5.6,3
7207_0,14.2,1201.0,18.0,319,21,13,5,5.3,3
7246_0,15.2,1159.0,19.0,172,34,25,4,6.9,1
7258_0,14.7,1190.0,20.0,316,32,18,9,5.1,3
7280_0,16.2,1258.0,19.0,91,34,18,2,5.9,3
7317_0,13.6,1131.0,22.0,432,22,14,3,5.7,5
7330_0,15.4,1166.0,21.0,211,31,16,3,5.8,1
7351_0,14.5,1151.0,20.0,282,41,20,4,5.6,3
7353_0,15.3,1140.0,26.0,254,41,16,4,5.7,5
7379_0,16.6,1330.0,15.0,70,34,22,7,5.4,2
7410_0,14.1,1117.0,22.0,319,42,16,4,6.2,5
7422_0,15.2,1398.0,19.0,200,41,17,6,5.6,5
7471_0,15.3,1187.0,18.0,159,31,18,3,6.0,1
7495_0,13.9,1164.0,21.0,452,32,16,3,5.7,1
7497_0,14.4,1224.0,19.0,324,41,18,6,5.0,5
7540_0,14.3,1156.0,23.0,343,31,16,4,5.9,5
7554_0,14.1,1193.0,19.0,298,21,14,6,5.6,2
7573_0,14.3,1115.0,20.0,274,42,19,3,6.0,5
7622_0,14.0,1141.0,25.0,354,34,15,3,5.8,5
7625_0,14.2,1231.0,19.0,486,12,18,7,5.0,5
7628_0,15.7,1084.0,20.0,151,34,17,3,5.5,1
7629_0,14.6,1225.0,18.0,223,22,21,5,5.5,5
7694_0,13.9,1141.0,24.0,355,41,15,4,6.0,5
7697_0,16.2,1362.0,15.0,155,21,14,4,5.2,5
7702_0,14.3,1286.0,18.0,338,31,15,4,5.4,5
7708_0,14.7,1217.0,23.0,341,31,20,7,5.1,2
7721_0,15.2,1197.0,19.0,207,22,15,3,5.3,5
7735_0,14.3,1134.0,26.0,349,31,14,4,5.8,5
7742_0,16.2,1150.0,25.0,154,31,16,3,5.8,3
7754_0,14.5,1249.0,19.0,346,21,19,9,5.1,2
7760_0,16.4,1363.0,17.0,98,21,20,5,5.1,1
7819_0,13.9,1116.0,23.0,344,21,16,3,6.1,99
7842_0,15.1,1209.0,22.0,310,32,20,6,5.4,3
7852_0,14.1,1147.0,22.0,393,31,14,2,5.7,5
7953_0,14.7,1356.0,21.0,486,42,20,7,5.5,5
7976_0,16.4,1149.0,26.0,154,21,25,3,6.1,5
8014_0,15.4,1137.0,27.0,274,21,14,3,5.8,3
8147_0,15.1,1157.0,26.0,323,31,16,4,5.8,5
8168_0,13.9,1249.0,20.0,486,21,20,7,5.1,1
8181_0,15.4,1270.0,19.0,219,21,16,2,5.8,99
8187_0,15.5,1452.0,19.0,221,21,13,4,5.3,3
8309_0,13.3,1178.0,21.0,486,22,17,7,5.1,1
8313_0,14.2,1269.0,19.0,340,21,13,4,5.2,5
8331_0,14.2,1158.0,20.0,386,31,17,4,5.5,3
8363_0,13.8,1208.0,20.0,486,11,21,8,5.1,3
8380_0,15.1,1128.0,27.0,309,22,16,4,5.7,1
8419_0,14.3,1209.0,21.0,434,32,17,7,5.4,5
8427_0,14.1,1140.0,20.0,337,31,16,4,5.4,1
8448_0,15.6,1293.0,19.0,128,34,17,2,5.8,5
8455_0,14.0,1153.0,21.0,421,31,17,4,5.7,3
8467_0,13.9,1151.0,22.0,419,22,14,4,5.9,3
8477_0,14.5,1138.0,20.0,277,22,18,4,6.0,3
8584_0,16.1,1232.0,19.0,105,24,16,2,5.8,5
8608_0,13.7,1141.0,25.0,399,32,13,4,5.8,5
8615_0,14.9,1141.0,27.0,320,31,17,3,5.7,1
8639_0,13.6,1151.0,18.0,299,21,13,3,5.5,5
8737_0,14.1,1218.0,20.0,486,31,15,7,5.1,2
8754_0,14.9,1150.0,26.0,342,21,19,4,5.7,3
8767_0,17.0,1277.0,18.0,56,24,43,4,6.0,3
8791_0,16.4,1270.0,19.0,71,34,15,2,6.0,5
8807_0,16.2,1261.0,18.0,78,34,20,4,6.0,2
8816_0,13.9,1122.0,21.0,361,21,16,3,6.0,3
8839_0,13.7,1145.0,17.0,202,31,14,2,5.7,5
8875_0,15.5,1248.0,24.0,290,21,20,6,5.4,1
8912_0,14.0,1215.0,20.0,399,21,15,6,4.8,3
9015_0,14.1,1206.0,20.0,486,11,16,7,5.2,99
9020_0,16.0,1081.0,23.0,163,41,15,2,5.8,99
9038_0,14.9,1236.0,20.0,277,32,17,6,5.2,1
9139_0,13.9,1157.0,17.0,265,21,13,2,5.4,3
9141_0,14.2,1151.0,24.0,365,34,16,4,5.9,99
9152_0,14.9,1148.0,27.0,341,24,17,3,5.5,99
9180_0,16.4,1350.0,16.0,109,24,12,4,5.1,5
9184_0,17.0,1258.0,18.0,59,24,22,2,5.9,5
9188_0,14.6,1227.0,18.0,188,41,16,2,5.8,5
9195_0,13.7,1146.0,17.0,206,21,15,2,5.8,2
9237_0,13.8,1224.0,20.0,463,21,19,5,5.2,1
9240_0,15.0,1356.0,19.0,277,31,16,5,5.3,2
9271_0,14.3,1124.0,19.0,204,21,15,4,5.9,5
9275_0,13.3,1221.0,20.0,486,12,16,8,5.1,5
9293_0,15.0,1419.0,19.0,280,32,20,7,5.5,3
9314_0,16.0,1413.0,17.0,236,21,13,3,5.1,5
9328_0,14.8,1147.0,25.0,322,22,18,4,5.5,99
9333_0,14.6,1213.0,21.0,359,31,17,4,5.3,1
9352_0,14.1,1138.0,23.0,400,31,17,4,5.9,99
9396_0,13.8,1260.0,19.0,426,22,17,6,5.0,3
9409_0,14.3,1146.0,20.0,355,21,18,3,5.8,5
9419_0,16.1,1102.0,24.0,136,34,15,2,6.0,1
9454_0,14.2,1125.0,18.0,225,22,18,7,5.8,1
9459_0,15.0,1207.0,23.0,312,31,18,5,5.5,5
9487_0,14.8,1464.0,19.0,486,12,21,7,5.2,5
9514_0,13.5,1120.0,22.0,399,21,14,4,5.8,1
9527_0,13.9,1270.0,20.0,456,32,16,4,5.1,3
9535_0,13.4,1220.0,21.0,486,21,17,4,5.1,5
9555_0,16.1,1319.0,22.0,261,22,17,7,5.8,5
9581_0,15.2,1398.0,18.0,350,31,14,6,5.0,5
9632_0,15.4,1199.0,19.0,192,32,20,6,5.2,2
9645_0,14.8,1205.0,18.0,187,21,19,6,5.6,5
9651_0,15.6,1446.0,18.0,232,22,16,5,5.5,5
9665_0,14.4,1194.0,20.0,425,32,16,6,5.0,2
9700_0,14.4,1196.0,20.0,401,21,16,3,5.1,3
9743_0,15.9,1242.0,19.0,95,31,17,2,5.9,1
9764_0,15.9,1046.0,23.0,206,24,16,3,5.8,5
9775_0,13.5,1236.0,20.0,486,22,20,7,5.1,5
9777_0,15.2,1409.0,19.0,198,41,18,6,5.7,1
9790_0,14.4,1255.0,19.0,412,21,18,7,5.0,2
9802_0,15.5,1312.0,19.0,184,21,15,4,5.3,5
9807_0,13.8,1147.0,17.0,172,31,18,2,6.2,5
9871_0,15.2,1192.0,19.0,175,21,17,4,5.6,5
9873_0,13.9,1129.0,18.0,256,21,16,3,5.8,3
9894_0,13.5,1249.0,20.0,486,21,16,5,5.3,3
9947_0,14.8,1193.0,20.0,268,34,24,4,5.9,5
10009_0,13.8,1255.0,20.0,486,31,12,4,5.1,5
10013_0,16.9,1288.0,17.0,78,24,11,3,5.3,5
10019_0,14.6,1281.0,19.0,180,31,16,4,5.4,1
10114_0,15.0,1109.0,28.0,283,22,15,4,5.8,5
10190_0,14.1,1134.0,21.0,357,41,16,3,5.8,2
10234_0,15.9,1433.0,18.0,185,21,14,7,5.3,5
10260_0,13.6,1145.0,20.0,415,41,14,4,5.6,2
10277_0,16.7,1305.0,16.0,93,24,13,4,5.3,3
10306_0,15.3,1302.0,19.0,158,21,15,4,5.4,99
10315_0,14.1,1147.0,20.0,364,21,11,4,5.4,5
10331_0,14.4,1195.0,23.0,404,31,15,3,5.6,5
10338_0,15.1,1188.0,18.0,96,41,17,4,6.3,5
10373_0,15.8,1406.0,18.0,139,31,15,2,5.7,5
10376_0,16.1,1404.0,17.0,148,21,17,5,5.3,5
10412_0,14.8,1260.0,18.0,250,31,15,3,5.6,5
10458_0,16.2,1371.0,15.0,146,31,16,5,5.1,5
10477_0,14.2,1184.0,21.0,347,41,19,6,5.4,5
10484_0,15.5,1465.0,18.0,206,32,15,8,5.3,3
10525_0,15.3,1274.0,18.0,175,31,16,4,5.5,5
10531_0,13.9,1111.0,18.0,243,21,18,6,5.7,5
10545_0,14.2,1144.0,20.0,328,32,17,3,5.9,99
10570_0,13.8,1143.0,22.0,404,31,13,6,5.7,5
10630_0,14.2,1146.0,20.0,263,22,20,4,6.0,5
10639_0,14.8,1265.0,19.0,175,32,16,4,5.7,3
10692_0,15.1,1430.0,18.0,279,21,16,8,5.4,2
10695_0,14.1,1136.0,20.0,328,21,14,4,5.5,5
10710_0,15.6,1124.0,19.0,162,34,17,2,5.7,3
10722_0,13.7,1188.0,21.0,486,22,15,5,5.3,5
10724_0,15.1,1314.0,20.0,403,21,17,4,5.1,99
10760_0,14.2,1204.0,20.0,432,41,18,7,5.1,5
10796_0,15.0,1264.0,19.0,300,21,18,3,5.7,1
10828_0,13.6,1238.0,20.0,486,21,24,8,5.6,5
10830_0,15.1,1130.0,27.0,295,31,17,4,5.7,3
10863_0,13.8,1115.0,21.0,337,41,13,3,6.0,1
10876_0,14.5,1255.0,18.0,246,42,14,3,5.6,2
10879_0,15.3,1289.0,24.0,486,11,21,8,5.0,5
10880_0,15.3,1371.0,21.0,357,21,17,6,5.5,5
10919_0,13.8,1168.0,21.0,486,22,13,5,5.5,2
10922_0,14.1,1245.0,19.0,349,31,13,4,5.4,1
10959_0,13.8,1164.0,21.0,480,32,16,3,5.6,5
10961_0,16.2,1154.0,25.0,174,22,15,3,5.6,3
10969_0,13.8,1183.0,22.0,486,12,15,4,5.6,3
10985_0,16.0,1268.0,18.0,102,34,17,2,5.7,5
11019_0,16.5,1281.0,17.0,108,21,11,2,5.2,5
11064_0,14.4,1176.0,17.0,183,31,16,2,6.1,5
11084_0,14.1,1192.0,24.0,428,22,14,4,5.6,1
11136_0,15.2,1380.0,19.0,219,21,18,6,5.6,1
11148_0,16.4,1257.0,18.0,100,34,14,2,5.4,3
11165_0,14.1,1233.0,22.0,481,21,16,6,4.9,5
11188_0,16.7,1293.0,17.0,106,21,13,4,5.1,2
11205_0,14.0,1107.0,19.0,311,21,15,4,5.6,99
11214_0,14.0,1127.0,22.0,391,32,16,5,5.9,5
11215_0,16.2,1263.0,18.0,104,21,15,2,5.3,3
11227_0,14.5,1098.0,19.0,189,32,19,6,5.9,3
11237_0,15.2,1153.0,26.0,321,22,15,3,5.8,5
11239_0,14.2,1158.0,20.0,391,21,17,3,5.7,3
11241_0,15.4,1304.0,19.0,196,24,19,3,6.1,5
11275_0,16.2,1252.0,18.0,97,21,15,2,5.4,5
11288_0,15.0,1293.0,20.0,360,31,18,10,5.3,5
11296_0,15.5,1047.0,23.0,293,31,19,6,5.2,2
11304_0,13.9,1159.0,17.0,197,31,15,2,6.2,5
11321_0,16.7,1316.0,15.0,90,24,17,4,5.5,5
11354_0,16.6,1320.0,15.0,68,34,20,6,5.3,1
11367_0,14.4,1169.0,17.0,175,21,19,3,5.7,5
11373_0,13.7,1189.0,21.0,486,21,18,7,5.4,5
11379_0,13.7,1150.0,21.0,439,41,19,7,5.7,3
11384_0,14.0,1256.0,20.0,449,21,15,5,5.3,3
11412_0,15.1,1298.0,19.0,199,21,17,3,5.8,2
11413_0,13.9,1209.0,20.0,486,21,14,4,5.1,5
11465_0,13.7,1208.0,21.0,486,32,13,3,5.3,2
11494_0,13.2,1240.0,21.0,486,32,16,3,5.1,99
11559_0,15.2,1188.0,21.0,273,31,15,4,6.2,5
11603_0,13.7,1154.0,21.0,486,22,17,5,5.5,3
11620_0,15.1,1166.0,19.0,232,31,25,6,5.5,1
11625_0,14.1,1245.0,20.0,436,21,12,3,5.5,1
11719_0,14.4,1216.0,20.0,287,41,19,7,5.6,5
11726_0,13.8,1168.0,17.0,232,24,14,2,5.8,1
11740_0,15.8,1403.0,18.0,187,21,18,4,5.5,3
11746_0,14.2,1193.0,20.0,321,21,18,4,6.3,5
11759_0,13.3,1242.0,21.0,486,22,18,7,5.0,3
11766_0,15.4,1257.0,19.0,172,41,15,3,5.5,3
11784_0,13.8,1119.0,25.0,362,22,13,5,5.7,5
11818_0,16.5,1261.0,17.0,98,21,25,3,5.7,5
11827_0,14.9,1164.0,19.0,258,41,16,6,5.4,3
11855_0,15.4,1207.0,19.0,192,22,16,3,5.4,2
11873_0,14.7,1169.0,25.0,348,34,16,3,5.8,5
11929_0,17.0,1260.0,18.0,60,34,17,2,5.7,3
11985_0,15.1,1141.0,26.0,287,41,16,4,6.0,1
12022_0,14.0,1216.0,20.0,420,22,17,4,5.1,5
12055_0,14.0,1195.0,20.0,486,21,22,8,5.7,99
12122_0,14.4,1130.0,20.0,329,11,16,5,5.4,1
12149_0,16.6,1254.0,17.0,115,21,19,3,6.1,3
12153_0,15.8,1162.0,25.0,215,21,18,3,6.0,5
12208_0,15.9,907.0,29.0,178,31,14,2,5.9,3
12270_0,13.6,1243.0,20.0,486,21,17,6,4.9,3
12274_0,15.8,1038.0,24.0,216,31,15,3,5.9,5
12279_0,14.5,1160.0,25.0,337,21,14,4,5.9,5
12315_0,14.0,1148.0,21.0,380,42,14,3,5.9,5
12448_0,14.6,1161.0,25.0,331,32,17,4,5.5,99
12509_0,14.0,1127.0,22.0,344,41,18,4,6.4,5
12561_0,16.5,1268.0,19.0,70,24,15,3,5.8,5
12575_0,16.6,1268.0,20.0,72,34,19,2,6.0,5
12576_0,13.8,1138.0,22.0,407,22,22,8,6.1,2
12610_0,15.2,1173.0,26.0,341,21,17,3,5.6,5
12669_0,14.1,1159.0,20.0,380,21,14,3,5.7,3
12697_0,15.7,907.0,27.0,210,31,14,3,5.5,1
12703_0,16.4,1287.0,18.0,118,31,23,4,6.2,99
12725_0,16.1,1198.0,25.0,197,31,19,2,6.0,5
12758_0,13.1,1142.0,23.0,482,21,16,4,5.2,5
12769_0,16.4,1367.0,16.0,101,42,24,7,5.3,5
12819_0,15.6,1178.0,19.0,149,32,21,10,6.0,99
12857_0,14.4,1136.0,20.0,272,21,17,3,5.8,3
12932_0,13.8,1152.0,17.0,200,41,13,2,6.0,2
12983_0,15.0,1308.0,19.0,223,21,18,3,5.6,5
13011_0,15.9,1324.0,18.0,246,31,18,7,5.0,5
13013_0,14.0,1195.0,24.0,412,31,16,4,5.5,5
13049_0,15.7,1048.0,21.0,160,21,16,2,5.6,99
13090_0,16.6,1262.0,17.0,77,24,15,4,5.2,3
13094_0,13.8,1142.0,25.0,372,21,14,4,5.6,5
13118_0,13.8,1158.0,21.0,436,32,16,4,5.5,3
13128_0,16.8,1265.0,19.0,61,34,29,6,6.1,3
13142_0,14.8,1201.0,24.0,432,11,18,3,5.0,5
13143_0,14.6,1211.0,18.0,240,21,16,3,5.8,5
13158_0,14.7,1196.0,18.0,146,31,16,3,6.1,1
13227_0,13.8,1156.0,23.0,423,21,15,4,5.4,1
13275_0,16.0,1182.0,24.0,161,21,18,2,5.8,5
13281_0,14.4,1266.0,20.0,325,31,16,7,5.2,3
13331_0,13.8,1145.0,25.0,366,32,15,3,6.0,99
13337_0,15.7,1265.0,18.0,120,34,14,2,5.8,3
13418_0,15.5,1444.0,18.0,206,21,18,2,5.7,5
13450_0,15.6,1372.0,18.0,324,41,20,7,5.0,5
13451_0,15.7,1426.0,18.0,183,31,20,7,5.3,5
13473_0,14.4,1143.0,20.0,277,21,18,2,6.0,1
13495_0,14.2,1189.0,20.0,390,41,20,7,5.4,3
13537_0,13.7,1155.0,22.0,486,21,14,5,6.0,5
13581_0,14.1,1167.0,20.0,334,22,12,3,5.7,3
13582_0,14.1,1146.0,19.0,324,21,17,5,5.9,1
13643_0,13.8,1211.0,20.0,486,22,19,7,5.3,5
13659_0,15.5,1307.0,19.0,168,21,15,2,5.9,5
13695_0,15.2,1155.0,26.0,310,41,15,4,6.0,5
13698_0,14.2,1163.0,18.0,222,21,13,2,5.5,1
13707_0,15.2,1151.0,19.0,198,31,20,5,6.3,5
13712_0,15.3,1376.0,21.0,314,21,16,3,5.4,5
13748_0,14.5,1310.0,19.0,302,31,18,5,5.7,3
13765_0,14.0,1171.0,21.0,442,42,14,2,5.5,3
13821_0,13.8,1146.0,22.0,419,21,16,3,5.6,1
13857_0,15.5,1131.0,20.0,134,34,17,2,5.8,5
13873_0,15.2,1251.0,20.0,251,21,20,10,5.5,3
13904_0,15.0,1244.0,19.0,297,21,17,9,5.2,1
13906_0,14.3,1227.0,19.0,402,41,20,7,4.9,5
13955_0,15.8,1271.0,18.0,107,31,14,3,5.3,99
13967_0,15.7,1295.0,19.0,131,31,14,2,5.8,3
13995_0,14.2,1154.0,18.0,248,22,21,9,5.5,5
14002_0,16.0,1420.0,17.0,171,24,16,2,5.6,5
14011_0,13.9,1162.0,21.0,486,21,14,4,5.3,3
14026_0,14.6,1161.0,17.0,96,41,23,5,6.0,1
14062_0,14.0,1183.0,17.0,235,21,15,2,5.8,5
14136_0,15.5,1247.0,24.0,234,41,20,6,5.3,5
14156_0,15.5,1162.0,18.0,180,34,18,4,5.8,5
14178_0,14.5,1216.0,19.0,263,22,15,3,5.6,2
14194_0,16.2,1285.0,19.0,62,24,16,2,6.3,5
14250_0,13.6,1152.0,25.0,412,41,15,3,5.7,1
14267_0,15.5,1293.0,19.0,154,24,18,3,5.8,5
14270_0,14.8,1264.0,20.0,196,31,20,5,5.8,5
14280_0,15.6,1175.0,21.0,269,31,19,7,4.9,5
14290_0,16.9,1288.0,17.0,72,24,12,3,5.2,5
14326_0,15.3,1292.0,22.0,307,34,23,8,5.3,5
14374_0,15.6,1298.0,19.0,233,21,17,7,5.5,5
14396_0,15.4,1153.0,27.0,323,32,22,4,5.3,5
14455_0,16.4,1322.0,18.0,111,31,18,4,5.7,99
14485_0,14.8,1179.0,18.0,87,42,23,7,6.1,5
14500_0,16.2,1404.0,17.0,143,11,20,7,5.4,5
14503_0,14.2,1102.0,19.0,266,21,18,5,6.1,1
14534_0,13.9,1116.0,21.0,355,42,14,3,5.8,2
14538_0,15.4,1160.0,19.0,261,31,21,6,5.2,2
14593_0,14.1,1265.0,19.0,404,21,14,3,5.3,5
14595_0,13.8,1269.0,19.0,467,22,18,4,5.1,3
14600_0,16.4,1345.0,18.0,90,41,16,4,5.5,1
14639_0,15.3,1465.0,18.0,250,21,16,4,5.2,5
14646_0,16.6,1247.0,17.0,75,34,21,2,6.1,5
14704_0,14.3,1226.0,19.0,360,21,16,6,4.8,5
14716_0,14.2,1233.0,19.0,486,11,16,7,5.0,5
14741_0,15.9,1335.0,22.0,245,32,17,8,5.6,3
14756_0,14.3,1206.0,18.0,211,32,18,4,5.7,1
14812_0,13.8,1141.0,22.0,359,31,20,6,5.7,3
14827_0,13.9,1162.0,17.0,210,31,12,2,5.7,5
14833_0,14.4,1155.0,20.0,330,21,18,5,5.9,5
14854_0,15.9,1339.0,22.0,258,21,14,4,5.6,99
14898_0,14.8,1226.0,19.0,402,21,21,7,5.0,3
14922_0,13.9,1179.0,21.0,479,22,18,4,5.7,99
14950_0,16.3,1391.0,17.0,108,42,26,7,5.7,3
14968_0,15.2,1352.0,19.0,238,24,16,3,5.8,5
14977_0,16.5,1321.0,17.0,106,31,15,4,4.9,3
14986_0,15.2,1477.0,19.0,277,21,21,3,5.5,5
15024_0,13.6,1134.0,25.0,363,21,17,4,5.7,3
15084_0,15.8,1212.0,19.0,107,34,19,4,6.0,3
15142_0,16.3,1378.0,17.0,97,31,18,5,5.2,3
15176_0,14.3,1193.0,20.0,386,11,17,4,5.6,3
15185_0,14.1,1147.0,20.0,278,31,16,4,5.8,1
15221_0,13.7,1232.0,22.0,486,21,18,5,5.0,5
15230_0,14.6,1136.0,20.0,257,31,20,5,5.5,5
15277_0,14.0,1214.0,20.0,327,21,16,3,5.8,5
15320_0,15.0,1220.0,18.0,123,21,15,2,5.6,5
15336_0,14.3,1210.0,19.0,282,21,22,3,5.6,2
15339_0,16.2,1401.0,17.0,151,31,14,3,5.6,5
15342_0,14.4,1207.0,25.0,466,21,15,3,5.6,3
15368_0,16.0,1139.0,26.0,174,31,16,3,6.3,5
15429_0,14.4,1186.0,18.0,209,32,16,5,5.5,1
15456_0,14.3,1302.0,19.0,349,21,15,3,5.4,5
15508_0,15.5,1129.0,26.0,224,32,19,4,6.0,5
15597_0,13.9,1159.0,21.0,486,21,18,4,5.7,1
15607_0,13.6,1152.0,18.0,290,22,15,3,5.8,3
15629_0,15.9,1408.0,18.0,140,21,19,6,6.0,5
15677_0,14.0,1131.0,20.0,358,22,14,4,5.4,5
15691_0,15.1,1152.0,26.0,304,22,14,4,5.8,5
15737_0,15.6,1278.0,19.0,140,31,17,4,5.5,5
15742_0,14.5,1155.0,20.0,331,22,21,7,6.1,5
15781_0,14.4,1135.0,20.0,299,22,15,6,5.5,5
15817_0,14.0,1224.0,20.0,444,32,15,7,5.5,3
15871_0,14.1,1155.0,20.0,384,21,18,4,5.7,99
15895_0,13.5,1142.0,24.0,397,24,21,3,5.9,3
15908_0,15.0,1185.0,26.0,411,22,17,2,5.5,3
15984_0,14.1,1262.0,19.0,486,21,17,5,5.0,3
16044_0,16.1,1134.0,24.0,148,24,16,2,5.7,1
16062_0,14.7,1232.0,20.0,308,31,19,6,5.2,3
16064_0,13.7,1145.0,17.0,208,21,17,2,6.0,5
16068_0,16.0,1122.0,23.0,158,41,18,2,6.4,3
16072_0,16.6,1259.0,17.0,83,41,26,5,5.7,99
16098_0,14.2,1139.0,20.0,290,32,18,4,5.8,5
16101_0,14.7,1202.0,24.0,412,21,16,4,6.1,99
16105_0,14.5,1223.0,22.0,423,21,20,7,5.3,3
16112_0,15.6,1236.0,20.0,135,34,19,2,6.0,2
16122_0,14.1,1206.0,22.0,486,21,13,4,5.7,3
16123_0,15.3,1219.0,22.0,308,31,23,9,5.3,5
16173_0,14.8,1131.0,27.0,314,21,15,4,5.3,5
16182_0,15.2,1141.0,26.0,256,21,21,4,6.1,1
16191_0,13.5,1140.0,17.0,244,41,14,2,5.9,5
16216_0,15.3,1334.0,20.0,301,41,15,3,5.6,5
16234_0,15.1,1151.0,26.0,305,24,16,3,5.8,1
16250_0,14.1,1222.0,20.0,417,41,16,5,5.1,1
16290_0,16.3,1388.0,17.0,120,21,14,7,5.5,99
16350_0,14.1,1256.0,20.0,481,22,17,5,5.0,2
16360_0,16.5,1346.0,16.0,79,24,13,2,5.5,3
16380_0,14.3,1193.0,20.0,449,31,19,8,5.2,2
16382_0,16.2,1219.0,25.0,176,34,16,3,6.0,5
16395_0,16.3,1361.0,18.0,171,21,15,4,5.4,2
16412_0,15.4,1385.0,18.0,365,21,17,7,5.2,1
16414_0,15.5,1139.0,21.0,303,21,16,3,5.4,2
16458_0,15.6,1158.0,18.0,157,21,17,3,5.8,5
16495_0,14.7,1269.0,19.0,200,42,17,4,5.5,3
16507_0,14.0,1138.0,20.0,413,22,17,3,5.6,5
16510_0,14.6,1190.0,20.0,324,42,14,6,5.2,3
16584_0,16.7,1262.0,19.0,63,24,18,2,6.0,1
16652_0,15.5,1124.0,18.0,111,34,21,3,6.0,5
16692_0,14.9,1165.0,19.0,293,31,20,8,5.5,5
16709_0,14.4,1131.0,20.0,284,22,18,6,6.1,3
16731_0,14.6,1207.0,21.0,385,31,20,6,5.1,3
16838_0,16.4,1262.0,19.0,80,24,19,3,5.5,99
16852_0,15.1,1152.0,26.0,296,22,19,4,6.0,5
16858_0,14.7,1190.0,18.0,203,21,19,4,5.5,5
16860_0,13.8,1158.0,17.0,213,21,16,2,6.0,5
16878_0,14.1,1230.0,20.0,469,21,17,8,5.0,3
16884_0,13.6,1229.0,21.0,486,22,15,5,4.9,1
16891_0,14.6,1195.0,18.0,192,21,15,2,5.8,3
16899_0,16.6,1285.0,17.0,93,34,13,3,5.5,2
16908_0,14.3,1208.0,18.0,262,21,18,7,5.4,1
16945_0,14.9,1209.0,18.0,180,21,14,3,5.8,5
16954_0,14.4,1207.0,19.0,213,32,15,4,5.6,99
16965_0,16.3,1372.0,16.0,123,31,14,4,5.2,2
16966_0,13.8,1128.0,21.0,370,41,14,3,5.8,3
16969_0,16.2,1213.0,25.0,162,34,20,4,5.7,5
17046_0,14.2,1202.0,19.0,290,31,13,3,5.3,3
17056_0,15.2,1160.0,22.0,366,21,18,7,5.2,3
17079_0,15.5,1165.0,19.0,106,34,26,10,6.6,5
17104_0,16.5,1293.0,17.0,91,34,19,3,6.3,5
17108_0,13.9,1098.0,18.0,232,31,15,2,5.7,1
17110_0,13.7,1144.0,24.0,409,34,18,3,5.8,5
17129_0,16.2,1372.0,16.0,154,21,13,2,5.4,99
17165_0,15.5,1390.0,18.0,273,21,18,6,5.6,2
17190_0,13.8,1168.0,21.0,486,41,15,3,5.6,5
17228_0,16.9,1260.0,18.0,68,34,32,6,6.2,1
17248_0,15.8,1435.0,18.0,148,41,16,2,5.7,5
17306_0,13.4,1230.0,20.0,486,32,17,8,5.0,1
17315_0,15.2,1273.0,20.0,210,31,14,9,5.4,3
17330_0,16.5,1252.0,17.0,79,34,27,5,6.1,1
17349_0,13.8,1241.0,21.0,486,21,18,8,5.1,3
17358_0,16.1,1151.0,24.0,160,24,15,2,5.9,5
17360_0,15.1,1195.0,19.0,263,32,19,7,5.5,99
17381_0,14.3,1199.0,20.0,363,41,18,7,5.3,5
17384_0,16.6,1292.0,17.0,103,31,12,2,5.3,5
17421_0,13.6,1140.0,25.0,381,21,23,7,6.2,2
17474_0,15.7,1284.0,18.0,168,22,13,4,5.6,3
17490_0,13.7,1116.0,22.0,358,31,18,4,6.3,1
17497_0,14.7,1189.0,19.0,300,42,19,8,5.3,5
17521_0,14.8,1211.0,18.0,200,21,18,4,5.7,5
17523_0,13.7,1132.0,23.0,376,31,21,9,6.1,5
17617_0,14.2,1264.0,19.0,419,31,15,5,4.8,5
17623_0,13.9,1207.0,20.0,486,41,19,8,5.2,5
17628_0,16.3,1375.0,17.0,120,21,12,4,5.0,1
17654_0,15.7,1140.0,26.0,233,31,15,3,5.9,5
17662_0,14.6,1245.0,19.0,348,41,18,8,5.3,99
17695_0,16.4,1288.0,22.0,190,41,13,4,5.5,3
17760_0,14.4,1202.0,20.0,353,41,18,7,5.3,5
17868_0,15.1,1184.0,19.0,189,31,17,6,5.6,5
17918_0,14.5,1150.0,20.0,276,31,16,5,6.2,3
17922_0,16.1,1167.0,24.0,145,34,17,3,5.9,1
17986_0,13.6,1117.0,21.0,373,21,18,3,5.8,3
18007_0,16.0,1051.0,22.0,140,31,14,2,5.8,1
18018_0,14.8,1187.0,19.0,409,21,19,7,5.1,1
18026_0,16.0,1300.0,19.0,84,34,14,2,5.5,99
18050_0,14.4,1126.0,20.0,210,32,17,4,6.3,3
18092_0,15.2,1199.0,19.0,185,31,16,2,5.5,5
18102_0,15.2,1285.0,19.0,320,21,20,7,5.7,3
18103_0,13.9,1173.0,20.0,464,31,15,6,5.4,2
18168_0,15.7,1270.0,18.0,125,21,12,2,5.6,5
18180_0,15.4,1128.0,26.0,203,41,21,3,6.0,1
18185_0,13.9,1109.0,19.0,310,21,11,3,5.4,1
18267_0,14.6,1331.0,21.0,486,41,18,8,5.4,5
18268_0,13.8,1122.0,21.0,384,21,17,3,5.8,1
18276_0,14.5,1228.0,18.0,218,31,18,3,5.8,1
18282_0,15.3,1436.0,20.0,327,31,16,5,5.2,99
18292_0,14.0,1107.0,18.0,246,22,18,3,5.7,3
18343_0,16.8,1243.0,22.0,115,34,21,2,6.1,5
18352_0,16.1,1119.0,24.0,152,24,17,2,5.8,2
18365_0,14.8,1258.0,20.0,286,32,20,10,5.3,3
18371_0,16.5,1338.0,15.0,75,34,16,4,5.1,3
18445_0,15.7,1051.0,23.0,229,41,16,3,5.8,5
18473_0,14.9,1293.0,19.0,232,21,15,7,5.3,5
18482_0,16.2,1274.0,19.0,73,34,16,3,5.9,5
18508_0,13.8,1251.0,21.0,486,21,17,7,5.2,2
18587_0,13.9,1260.0,19.0,486,21,18,8,5.0,5
18636_0,14.1,1190.0,18.0,277,31,14,5,5.6,5
18673_0,16.9,1267.0,18.0,65,34,31,10,6.2,1
18730_0,13.8,1239.0,20.0,486,21,16,3,5.3,3
18794_0,15.5,1174.0,19.0,172,31,17,4,5.8,5
18796_0,13.6,1248.0,20.0,486,22,15,9,5.5,5
18816_0,15.0,1353.0,19.0,294,21,18,6,5.4,5
18823_0,16.2,1119.0,24.0,135,41,19,3,5.9,3
18915_0,13.6,1131.0,25.0,359,32,19,5,6.0,3
18945_0,14.7,1209.0,24.0,406,31,14,3,5.3,99
18974_0,16.1,1272.0,19.0,94,34,14,2,5.5,5
19000_0,15.7,977.0,24.0,207,31,14,2,5.7,99
19031_0,13.8,1145.0,24.0,421,21,15,2,5.5,5
19032_0,13.6,1135.0,17.0,188,41,16,2,6.2,5
19056_0,14.7,1175.0,19.0,322,21,24,6,5.9,3
19088_0,13.5,1179.0,20.0,484,21,17,4,5.1,5
19111_0,15.0,1336.0,19.0,306,41,20,8,5.4,2
19116_0,14.8,1111.0,28.0,274,32,15,2,5.7,3
19133_0,14.9,1281.0,19.0,140,41,25,10,6.1,5
19142_0,14.5,1213.0,18.0,219,21,19,5,5.8,5
19165_0,16.4,1267.0,19.0,75,24,16,2,6.0,5
19170_0,14.0,1132.0,19.0,369,12,19,5,5.8,1
19190_0,13.9,1160.0,22.0,430,22,15,3,5.6,5
19211_0,13.9,1217.0,20.0,466,32,19,8,5.1,3
19273_0,13.8,1189.0,22.0,486,21,16,3,5.0,5
19279_0,13.0,1242.0,21.0,486,31,15,4,5.0,5
19285_0,14.5,1267.0,19.0,344,21,20,4,5.3,99
19381_0,15.5,1455.0,18.0,216,21,16,5,5.1,5
19414_0,15.4,1133.0,27.0,238,41,17,3,6.0,5
19453_0,15.2,1135.0,26.0,249,31,22,4,5.9,5
19462_0,15.0,1299.0,19.0,232,31,15,5,5.2,2
19479_0,14.2,1139.0,20.0,270,41,14,3,5.9,2
19482_0,14.7,1272.0,19.0,274,31,19,5,5.3,5
19503_0,15.0,1290.0,22.0,405,22,22,6,5.4,2
19522_0,16.8,1260.0,22.0,190,21,17,5,5.5,5
19548_0,16.8,1288.0,17.0,89,24,13,2,5.3,5
19593_0,14.2,1253.0,19.0,437,32,16,4,4.9,5
19607_0,14.4,1131.0,20.0,303,22,14,5,5.7,3
19619_0,15.2,1332.0,19.0,231,34,16,5,5.2,5
19660_0,13.7,1130.0,22.0,454,22,15,3,5.7,2
19687_0,14.2,1138.0,20.0,288,22,13,4,5.6,3
19710_0,14.5,1197.0,17.0,217,21,14,4,5.6,5
19732_0,14.1,1128.0,19.0,251,31,23,3,5.9,1
19767_0,14.2,1255.0,19.0,367,31,14,4,5.3,5
19856_0,14.3,1231.0,23.0,478,31,14,3,5.6,5
19897_0,14.5,1098.0,19.0,192,21,18,5,5.8,3
19931_0,14.7,1313.0,21.0,486,32,21,7,5.0,5
20017_0,14.5,1213.0,22.0,446,32,15,4,5.2,3
20031_0,14.8,1272.0,19.0,248,41,18,3,5.5,5
20036_0,15.8,1251.0,19.0,144,31,13,3,5.4,5
20100_0,16.7,1261.0,17.0,74,21,28,4,6.6,1
20120_0,14.6,1205.0,18.0,220,21,14,2,5.3,3
20125_0,15.2,1179.0,24.0,301,31,17,3,5.8,3
20126_0,13.5,1222.0,21.0,486,21,13,3,5.1,99
20136_0,16.3,1283.0,19.0,73,34,16,2,5.9,5
20166_0,14.2,1157.0,19.0,310,22,19,5,5.7,3
20211_0,13.8,1134.0,18.0,252,21,15,2,5.5,3
20218_0,15.9,1104.0,22.0,123,34,18,2,6.4,5
20249_0,15.6,1268.0,25.0,326,32,20,10,5.5,3
20271_0,16.4,1351.0,18.0,132,21,15,2,5.6,1
20302_0,14.6,1213.0,19.0,344,41,19,7,5.2,1
20332_0,16.2,1395.0,17.0,129,21,19,6,5.5,1
20339_0,15.9,1092.0,23.0,174,31,16,2,5.7,3
20374_0,14.2,1161.0,17.0,181,41,18,2,6.3,5
20375_0,14.8,1174.0,24.0,340,31,15,4,5.6,5
20408_0,16.4,1351.0,16.0,92,24,15,5,5.1,2
20468_0,14.1,1138.0,23.0,367,21,17,3,5.6,5
20469_0,16.4,1253.0,18.0,81,34,23,3,6.4,1
20493_0,15.5,1224.0,20.0,183,31,18,8,5.1,5
20530_0,15.5,1329.0,22.0,265,31,19,6,5.2,5
20562_0,15.8,978.0,23.0,178,31,13,4,5.6,3
20580_0,15.7,1402.0,19.0,193,21,14,4,5.5,3
20590_0,14.0,1138.0,20.0,383,21,17,3,5.6,3
20608_0,13.8,1151.0,18.0,254,21,14,2,5.9,3
20624_0,14.5,1231.0,19.0,369,21,19,9,5.2,5
20630_0,15.7,1136.0,18.0,109,34,27,2,6.8,3
20652_0,15.8,1361.0,21.0,254,21,19,4,5.5,5
20660_0,13.8,1190.0,20.0,486,21,18,5,5.3,1
20671_0,15.3,1141.0,26.0,271,31,20,4,6.1,5
20813_0,15.6,1333.0,22.0,261,31,15,5,5.4,5
20879_0,16.1,1275.0,19.0,79,24,16,2,5.8,5
20904_0,14.2,1210.0,20.0,471,22,21,6,5.3,5
21003_0,13.7,1158.0,17.0,259,24,14,3,5.6,5
21011_0,15.0,1381.0,19.0,402,11,20,6,5.1,1
21111_0,13.7,1230.0,20.0,486,41,22,7,5.7,5
21123_0,13.6,1249.0,20.0,486,21,16,5,5.1,2
21127_0,15.8,987.0,23.0,179,21,13,2,5.9,5
21174_0,16.3,1366.0,18.0,153,21,14,4,5.3,1
21179_0,13.9,1149.0,23.0,438,21,19,3,5.6,5
21188_0,14.3,1131.0,20.0,302,31,17,4,5.8,1
21201_0,15.6,1197.0,19.0,103,34,18,2,6.1,99
21297_0,15.0,1265.0,18.0,197,31,14,7,5.3,1
21320_0,13.5,1133.0,18.0,276,21,14,2,5.6,5
21362_0,14.8,1288.0,19.0,229,21,16,2,5.7,5
21401_0,16.4,1267.0,19.0,76,24,14,2,5.8,3
21405_0,14.4,1215.0,20.0,361,21,15,8,5.5,5
21408_0,16.5,1315.0,18.0,104,31,20,2,6.0,5
21416_0,14.2,1156.0,20.0,316,21,19,4,6.0,1
21454_0,16.4,1265.0,19.0,81,41,16,4,5.7,3
21487_0,13.8,1159.0,16.0,214,22,12,4,5.5,5
21491_0,14.9,1177.0,19.0,253,32,18,4,5.2,2
21492_0,15.9,1135.0,22.0,121,41,20,2,6.2,5
21508_0,16.3,1378.0,17.0,102,34,17,7,5.4,5
21516_0,14.8,1322.0,20.0,486,21,21,5,4.8,3
21517_0,16.6,1348.0,16.0,73,24,30,3,6.2,2
21526_0,14.3,1189.0,20.0,446,31,21,8,5.5,3
21543_0,15.1,1205.0,23.0,345,21,19,4,5.4,3
21590_0,13.8,1150.0,16.0,163,31,14,2,6.1,3
21659_0,16.3,1394.0,17.0,120,21,18,3,5.7,5
21671_0,13.8,1172.0,21.0,486,31,16,4,5.3,5
21706_0,14.9,1365.0,20.0,369,31,19,4,5.5,5
21727_0,15.7,907.0,30.0,250,31,15,3,5.8,3
21747_0,14.1,1136.0,20.0,375,21,13,4,5.4,2
21762_0,15.1,1157.0,19.0,223,31,19,3,5.9,5
21799_0,15.1,1273.0,18.0,190,24,15,2,5.7,5
21812_0,14.0,1202.0,20.0,486,22,16,8,5.2,5
21815_0,14.1,1200.0,20.0,426,41,18,8,5.3,2
21828_0,15.0,1153.0,26.0,309,21,15,4,5.5,5
21832_0,13.6,1145.0,25.0,384,34,17,2,6.0,3
21837_0,14.1,1123.0,19.0,278,31,21,2,5.9,5
21870_0,13.6,1202.0,22.0,486,21,16,3,5.1,1
21935_0,16.4,1269.0,19.0,75,24,15,2,5.8,5
21965_0,17.1,1287.0,17.0,51,34,44,4,5.9,99
21989_0,13.2,1241.0,21.0,486,22,15,4,5.3,3
21997_0,15.4,1389.0,19.0,263,21,21,8,5.1,2
22014_0,16.4,1363.0,17.0,87,34,19,4,5.1,5
22018_0,15.6,1200.0,19.0,124,21,18,2,6.0,5
22026_0,16.7,1316.0,15.0,64,34,18,6,5.1,3
22046_0,16.8,1309.0,15.0,80,24,16,5,5.1,5
22056_0,16.1,1407.0,17.0,153,31,21,4,5.8,2
22064_0,14.3,1124.0,19.0,260,21,18,4,6.4,5
22125_0,13.9,1187.0,20.0,486,22,16,4,5.4,5
22131_0,15.2,1342.0,19.0,223,21,17,2,5.6,1
22162_0,16.5,1337.0,15.0,92,24,16,4,4.9,5
22184_0,13.6,1140.0,17.0,245,22,14,2,6.0,3
22225_0,15.6,1217.0,20.0,113,32,19,7,5.7,99
22257_0,15.6,1156.0,26.0,276,21,18,4,6.0,5
22265_0,15.7,1156.0,18.0,160,21,18,3,6.2,1
22279_0,13.4,1137.0,24.0,403,24,15,3,5.7,3
22292_0,15.9,1039.0,25.0,205,21,17,2,5.8,3
22328_0,14.1,1148.0,21.0,439,31,16,4,5.6,5
22331_0,15.4,1191.0,21.0,317,32,18,8,5.2,99
22339_0,14.5,1187.0,20.0,376,22,22,6,5.3,99
22423_0,14.3,1147.0,25.0,337,22,16,4,5.7,2
22433_0,14.6,1243.0,19.0,374,11,20,7,5.2,99
22462_0,16.9,1275.0,18.0,57,34,34,8,6.3,5
22489_0,16.4,1385.0,17.0,104,41,17,6,5.5,1
22505_0,14.9,1135.0,27.0,299,21,15,4,5.8,5
22513_0,15.7,1105.0,21.0,234,31,20,6,5.1,5
22529_0,14.4,1194.0,20.0,414,21,24,4,5.8,99
22577_0,15.6,1176.0,23.0,243,21,17,3,6.2,3
22606_0,14.1,1179.0,18.0,245,31,13,3,5.4,5
22611_0,13.9,1116.0,18.0,216,31,16,5,5.7,5
22675_0,15.4,1236.0,25.0,414,21,21,9,5.4,3
22686_0,15.5,1236.0,20.0,288,11,20,7,5.1,5
22761_0,14.0,1159.0,23.0,431,32,12,4,5.5,5
22776_0,14.7,1425.0,19.0,482,22,17,7,5.5,5
22777_0,14.5,1132.0,20.0,248,22,19,5,5.9,5
22784_0,15.4,1398.0,20.0,324,31,14,4,5.3,2
22798_0,16.2,1150.0,26.0,167,21,22,5,5.2,5
22873_0,15.6,1200.0,19.0,124,21,18,2,6.0,5
22880_0,16.4,1338.0,16.0,100,21,14,5,5.2,5
22887_0,14.6,1170.0,25.0,369,24,19,5,5.7,1
22908_0,14.3,1291.0,19.0,366,21,15,5,5.3,1
22935_0,13.8,1263.0,19.0,486,32,12,4,5.2,5
22936_0,15.4,1395.0,18.0,270,21,16,6,5.5,1
22950_0,14.5,1134.0,27.0,331,22,15,4,5.8,5
23001_0,13.9,1158.0,16.0,182,21,16,3,5.8,5
23033_0,13.7,1226.0,20.0,486,31,15,7,4.9,5
23067_0,16.3,1289.0,18.0,164,31,19,5,5.6,3
23071_0,13.7,1127.0,22.0,410,31,16,3,5.8,5
23166_0,14.0,1147.0,22.0,403,31,15,4,5.6,3
23176_0,14.0,1167.0,19.0,302,31,17,6,5.5,1
23213_0,16.1,1388.0,18.0,187,21,16,4,5.4,1
23290_0,13.9,1226.0,20.0,429,31,13,4,5.3,5
23298_0,15.5,1132.0,27.0,242,21,15,3,6.0,5
23312_0,15.2,1395.0,20.0,284,31,13,6,5.4,5
23319_0,14.1,1174.0,17.0,191,31,14,2,6.1,5
23331_0,15.2,1205.0,18.0,200,42,17,3,5.9,3
23333_0,14.2,1119.0,19.0,253,21,14,3,5.8,5
23340_0,13.9,1199.0,19.0,367,21,15,4,5.5,5
23388_0,16.6,1249.0,17.0,79,34,24,3,6.3,3
23428_0,15.7,1136.0,21.0,135,31,18,4,6.5,3
23445_0,13.8,1189.0,20.0,486,11,17,4,5.0,5
23454_0,15.2,1397.0,20.0,275,31,17,4,5.9,3
23505_0,15.7,1221.0,20.0,119,34,15,2,5.8,5
23554_0,15.3,1275.0,19.0,188,21,19,8,5.2,5
23570_0,14.2,1195.0,19.0,267,22,15,5,5.7,3
23607_0,14.0,1144.0,20.0,388,21,15,3,5.5,1
23613_0,16.7,1267.0,19.0,61,24,17,2,5.7,3
23653_0,14.5,1207.0,23.0,422,31,14,3,5.4,3
23656_0,14.4,1497.0,19.0,486,22,15,6,5.5,3
23706_0,15.0,1150.0,27.0,347,21,19,3,5.6,5
23736_0,16.9,1259.0,18.0,64,24,16,2,5.7,3
23751_0,13.8,1145.0,24.0,362,41,13,3,5.8,1
23753_0,13.3,1241.0,21.0,486,22,18,8,5.1,5
23760_0,15.6,1146.0,18.0,114,34,31,3,7.1,5
23784_0,16.0,1272.0,18.0,169,22,19,7,5.6,1
23797_0,16.5,1248.0,17.0,75,24,24,2,6.3,3
23834_0,17.1,1280.0,18.0,55,24,19,2,6.0,5
23838_0,13.9,1240.0,20.0,431,31,14,4,5.1,1
23849_0,13.5,1229.0,20.0,486,21,20,7,5.1,3
23897_0,13.6,1221.0,21.0,486,31,16,7,5.1,5
23914_0,16.0,1419.0,17.0,178,21,16,6,5.4,3
23929_0,13.8,1229.0,20.0,486,21,15,5,5.2,3
23934_0,14.2,1174.0,17.0,232,21,15,2,5.4,5
23945_0,15.6,981.0,23.0,266,22,13,4,5.6,1
23971_0,16.4,1349.0,16.0,111,21,15,5,5.2,5
24005_0,15.9,1033.0,22.0,163,34,18,2,6.3,5
24007_0,15.0,1345.0,19.0,345,22,17,6,5.5,5
24025_0,16.1,1293.0,19.0,65,34,14,2,5.9,5
24037_0,15.2,1182.0,19.0,153,21,17,3,5.6,5
24041_0,15.0,1204.0,21.0,259,41,19,4,5.4,5
24153_0,14.1,1224.0,20.0,484,11,22,8,5.1,3
24196_0,14.1,1215.0,20.0,424,32,15,8,5.1,5
24232_0,16.5,1334.0,16.0,97,31,20,4,4.9,3
24307_0,14.6,1168.0,25.0,349,24,14,3,5.8,2
24325_0,15.6,1212.0,19.0,141,34,16,2,5.8,5
24331_0,14.4,1213.0,18.0,242,12,19,3,6.0,99
24384_0,15.3,1315.0,19.0,212,21,17,4,5.7,99
24412_0,13.8,1175.0,22.0,448,42,14,3,5.3,1
24490_0,14.5,1260.0,19.0,440,21,21,10,5.3,1
24526_0,13.8,1124.0,21.0,411,21,17,4,5.7,3
24535_0,14.0,1201.0,19.0,332,21,14,5,5.3,3
24537_0,15.5,1382.0,21.0,293,32,13,4,5.3,5
24565_0,16.4,1357.0,16.0,92,34,14,4,5.5,3
24646_0,14.2,1147.0,20.0,345,34,21,4,5.8,3
24656_0,16.3,1359.0,15.0,131,21,15,5,5.1,3
24692_0,16.5,1334.0,15.0,73,34,17,7,5.3,5
24698_0,13.6,1238.0,20.0,486,11,22,9,5.5,3
24707_0,16.4,1346.0,18.0,100,24,18,2,6.3,5
24711_0,14.3,1292.0,19.0,313,21,21,4,5.3,5
24755_0,14.0,1221.0,21.0,486,21,17,5,4.9,99
24776_0,13.6,1121.0,18.0,262,31,16,3,6.3,3
24804_0,16.3,1370.0,17.0,118,34,17,2,6.0,2
24809_0,15.2,1383.0,19.0,215,21,18,6,5.5,3
24853_0,14.6,1198.0,21.0,352,32,19,6,5.4,3
24856_0,14.1,1155.0,25.0,397,24,18,3,5.7,1
24893_0,14.5,1143.0,19.0,268,22,18,5,5.7,1
24920_0,13.7,1132.0,23.0,344,42,24,9,6.1,5
24930_0,15.1,1207.0,18.0,109,41,16,4,5.4,5
24944_0,14.8,1219.0,19.0,335,21,18,8,5.0,2
24975_0,14.9,1168.0,25.0,321,31,14,4,5.6,5
25004_0,14.8,1130.0,27.0,303,42,15,3,5.8,5
25058_0,14.6,1218.0,18.0,195,31,19,5,6.1,3
25094_0,14.4,1138.0,20.0,280,21,15,4,5.7,3
25099_0,14.4,1182.0,17.0,191,41,16,2,5.7,99
25141_0,14.5,1142.0,20.0,292,32,19,3,5.2,99
25215_0,15.3,1395.0,20.0,298,31,15,4,5.6,3
25217_0,16.3,1328.0,18.0,147,31,17,3,5.6,5
25262_0,13.9,1157.0,17.0,214,42,16,2,6.1,99
25266_0,14.6,1141.0,20.0,238,41,21,5,5.9,3
25292_0,14.8,1234.0,18.0,181,21,19,4,5.3,5
25296_0,15.8,907.0,27.0,197,34,15,3,5.4,5
25308_0,14.6,1206.0,18.0,232,21,14,3,5.5,3
25312_0,15.9,1283.0,19.0,143,22,15,4,5.7,5
25365_0,14.5,1251.0,18.0,299,21,19,5,5.2,5
25366_0,14.1,1132.0,20.0,313,41,15,4,5.5,1
25368_0,14.3,1135.0,26.0,332,41,18,3,5.7,2
25421_0,13.9,1158.0,25.0,410,21,15,3,5.6,5
25433_0,15.7,1442.0,18.0,194,31,12,6,5.3,1
25446_0,14.3,1206.0,20.0,442,21,19,7,5.3,1
25465_0,16.3,1384.0,17.0,90,31,17,2,6.0,5
25489_0,15.9,1344.0,22.0,245,31,16,5,5.4,5
25505_0,15.6,1144.0,20.0,177,22,19,5,5.3,5
25553_0,15.9,994.0,23.0,145,41,18,2,5.9,5
25587_0,14.0,1209.0,22.0,483,31,14,3,5.3,3
25588_0,14.4,1253.0,19.0,462,21,27,8,5.2,5
25607_0,14.3,1154.0,20.0,316,21,18,4,5.9,5
25629_0,16.0,907.0,30.0,167,34,16,3,5.7,3
25659_0,16.8,1265.0,19.0,62,34,26,4,6.0,5
25699_0,15.6,1303.0,19.0,168,32,14,3,5.5,2
25700_0,15.3,1355.0,20.0,286,34,17,2,5.8,3
25712_0,16.2,1114.0,24.0,130,31,22,2,6.4,5
25746_0,15.8,1191.0,24.0,159,31,16,2,5.6,1
25753_0,15.5,1118.0,19.0,122,31,18,4,5.8,99
25765_0,15.9,1430.0,18.0,189,21,16,6,5.2,5
25802_0,14.2,1201.0,20.0,427,31,18,6,4.9,99
25852_0,15.6,1246.0,20.0,134,31,18,6,5.5,3
25904_0,14.2,1122.0,18.0,231,21,14,2,5.7,1
25921_0,16.2,1328.0,18.0,172,22,16,5,5.1,1
25931_0,16.1,1163.0,24.0,141,34,15,3,5.7,5
25953_0,14.3,1101.0,19.0,262,21,15,3,5.8,1
25956_0,14.2,1147.0,20.0,353,21,18,4,6.2,5
26014_0,15.7,1372.0,21.0,252,21,18,5,5.6,5
26064_0,16.8,1256.0,19.0,65,24,18,2,6.0,1
26099_0,15.2,1219.0,18.0,133,32,20,4,5.4,3
26110_0,15.9,1431.0,18.0,170,31,14,2,5.4,3
26125_0,15.6,1208.0,19.0,150,31,16,2,6.1,1
26126_0,14.9,1156.0,26.0,329,21,15,3,5.8,5
26203_0,16.1,1275.0,19.0,96,31,10,2,5.4,3
26226_0,16.1,1242.0,18.0,85,34,21,2,6.0,99
26272_0,14.0,1116.0,18.0,235,12,25,8,6.4,2
26283_0,13.7,1153.0,21.0,485,31,16,5,5.4,5
26317_0,14.1,1163.0,17.0,193,31,15,2,6.1,1
26364_0,14.0,1142.0,19.0,353,21,12,4,5.3,5
26392_0,13.5,1139.0,24.0,412,21,18,3,5.8,3
26410_0,13.5,1129.0,17.0,277,21,14,2,5.8,3
26458_0,14.7,1206.0,19.0,340,31,18,6,5.1,2
26507_0,13.9,1120.0,22.0,353,41,17,3,5.8,5
26661_0,14.8,1295.0,19.0,288,24,17,3,5.8,5
26710_0,14.5,1337.0,20.0,486,32,25,4,5.4,5
26746_0,16.3,1373.0,18.0,128,31,17,2,6.0,3
26778_0,13.7,1113.0,18.0,238,31,15,3,6.0,3
26806_0,15.5,1285.0,24.0,351,21,21,10,5.3,3
26807_0,14.9,1459.0,19.0,380,11,18,5,5.7,5
26819_0,16.6,1282.0,17.0,92,31,16,4,5.2,5
26909_0,15.3,1190.0,21.0,207,41,16,3,6.3,5
26914_0,15.8,1427.0,18.0,166,41,17,6,5.5,1
26943_0,15.3,1133.0,26.0,239,41,14,3,5.8,5
26951_0,16.4,1344.0,15.0,87,34,15,4,4.8,5
26954_0,14.1,1142.0,22.0,362,41,16,3,6.0,3
26966_0,13.8,1208.0,22.0,486,31,16,3,5.2,3
26991_0,17.1,1261.0,19.0,58,34,42,8,5.7,3
26996_0,15.1,1204.0,19.0,216,21,16,4,5.5,99
27035_0,16.2,1271.0,19.0,93,24,11,2,5.3,5
27040_0,13.8,1264.0,20.0,486,11,18,5,5.0,5
27051_0,15.6,1182.0,20.0,317,21,18,6,5.3,5
27067_0,16.0,1066.0,24.0,167,34,17,2,6.0,3
27257_0,15.7,1042.0,21.0,146,34,15,3,5.9,3
27267_0,14.1,1247.0,21.0,486,22,26,9,5.3,5
27269_0,16.0,1239.0,25.0,253,31,19,6,5.7,3
27278_0,15.1,1347.0,22.0,363,21,20,5,5.3,3
27289_0,14.1,1214.0,20.0,486,21,14,6,5.3,5
27319_0,15.2,1139.0,27.0,279,21,19,4,5.7,99
27328_0,15.9,1293.0,19.0,115,24,16,2,6.0,5
27332_0,15.9,1101.0,22.0,119,34,22,2,7.2,99
27336_0,14.1,1157.0,24.0,344,42,14,4,5.8,5
27411_0,15.8,1280.0,19.0,126,34,13,3,5.8,99
27442_0,15.8,1130.0,21.0,132,24,16,2,5.6,2
27540_0,13.9,1195.0,21.0,486,42,14,3,5.4,5
27545_0,14.7,1219.0,19.0,420,31,21,7,5.1,3
27555_0,16.2,1239.0,19.0,86,34,26,3,6.6,3
27567_0,15.2,1363.0,20.0,297,34,19,4,6.2,3
27593_0,13.8,1270.0,19.0,443,11,17,5,5.1,3
27604_0,14.5,1216.0,18.0,221,21,17,4,5.6,5
27606_0,14.2,1093.0,20.0,223,32,15,2,5.7,5
27655_0,14.2,1138.0,20.0,288,31,15,3,5.6,3
27698_0,13.9,1125.0,18.0,266,21,15,2,5.9,5
27711_0,13.5,1141.0,17.0,225,31,14,2,5.7,1
27716_0,15.6,1255.0,19.0,177,21,17,2,5.5,2
27794_0,15.3,1167.0,19.0,173,21,18,3,5.8,3
27860_0,15.7,1215.0,20.0,167,41,16,6,5.7,5
27908_0,14.5,1193.0,17.0,204,21,15,2,5.8,1
27961_0,14.0,1263.0,19.0,486,21,15,4,5.0,5
27974_0,13.8,1155.0,23.0,452,31,17,5,5.8,2
27978_0,14.7,1152.0,25.0,352,22,15,5,5.6,3
28010_0,16.0,1250.0,18.0,111,21,16,4,5.4,5
28018_0,14.0,1221.0,20.0,373,42,20,7,5.2,1
28029_0,16.6,1263.0,17.0,79,34,30,5,6.1,3
28040_0,13.7,1164.0,17.0,225,41,15,2,5.9,99
28054_0,16.3,1183.0,25.0,164,34,16,2,6.0,1
28074_0,13.8,1124.0,21.0,365,31,15,3,5.8,2
28095_0,14.9,1161.0,26.0,349,32,16,4,5.4,3
28219_0,14.6,1213.0,23.0,422,31,19,3,5.8,3
28225_0,14.0,1157.0,18.0,256,21,13,2,5.8,3
28230_0,14.6,1142.0,26.0,318,31,15,4,5.6,5
28280_0,14.2,1151.0,25.0,367,24,17,4,5.6,3
28333_0,14.1,1133.0,19.0,276,22,20,2,5.7,5
28339_0,14.2,1150.0,20.0,360,31,18,4,5.7,3
28425_0,16.5,1286.0,22.0,112,34,17,2,6.0,3
28426_0,16.4,1376.0,17.0,96,41,18,6,5.4,1
28427_0,14.1,1264.0,20.0,434,22,16,5,5.2,5
28440_0,16.2,1168.0,25.0,203,21,12,2,5.6,5
28449_0,14.0,1154.0,18.0,235,41,15,4,5.4,5
28494_0,15.0,1148.0,26.0,318,32,18,4,6.0,3
28496_0,15.5,1092.0,20.0,190,34,17,2,5.6,5
28514_0,14.2,1226.0,23.0,427,42,17,4,5.1,5
28540_0,16.4,1276.0,19.0,69,24,18,2,5.8,1
28551_0,14.9,1308.0,19.0,234,21,16,3,5.6,5
28555_0,13.3,1196.0,20.0,486,21,15,6,4.9,3
28661_0,15.3,1206.0,19.0,150,31,16,5,5.5,3
28715_0,15.7,1157.0,26.0,256,24,13,4,6.0,5
28722_0,14.7,1141.0,26.0,291,21,20,4,5.9,5
28781_0,14.2,1200.0,18.0,273,22,17,5,5.6,5
28803_0,14.2,1184.0,20.0,374,32,17,4,5.1,5
28860_0,16.2,1137.0,25.0,131,34,18,3,5.9,3
28902_0,13.8,1141.0,23.0,398,32,15,3,5.9,5
28919_0,14.0,1273.0,19.0,398,21,13,3,5.7,5
29003_0,16.3,1258.0,18.0,102,21,13,2,5.3,5
29052_0,14.0,1229.0,20.0,486,21,15,8,5.5,1
29053_0,16.4,1268.0,18.0,135,22,22,5,5.9,1
29062_0,14.5,1230.0,19.0,391,21,17,3,5.5,1
29065_0,15.0,1144.0,26.0,292,41,15,4,5.6,5
29096_0,13.8,1247.0,21.0,486,22,17,6,5.1,3
29106_0,13.8,1220.0,21.0,486,31,18,6,5.0,5
29123_0,14.0,1124.0,22.0,359,24,15,3,6.1,5
29155_0,15.9,1411.0,18.0,246,22,16,8,5.6,5
29191_0,14.9,1335.0,19.0,373,21,20,5,5.1,2
29208_0,14.2,1225.0,19.0,454,21,18,8,4.9,1
29274_0,13.7,1139.0,16.0,161,41,14,2,6.0,3
29300_0,14.2,1146.0,20.0,326,31,14,4,5.7,3
29308_0,16.1,1414.0,18.0,162,31,17,4,5.9,3
29313_0,14.9,1151.0,27.0,350,24,16,4,5.4,3
29371_0,15.8,1037.0,22.0,163,21,15,2,5.6,3
29375_0,13.7,1253.0,19.0,486,21,18,6,4.8,5
29383_0,14.4,1153.0,20.0,324,11,23,7,5.7,5
29388_0,14.9,1204.0,18.0,199,21,15,4,5.5,1
29419_0,15.5,1199.0,20.0,184,31,21,7,5.2,5
29443_0,16.1,1294.0,19.0,65,24,14,2,5.5,5
29489_0,14.0,1136.0,23.0,372,31,15,4,5.8,1
29533_0,14.2,1171.0,19.0,266,41,16,5,5.6,3
29566_0,15.3,1245.0,19.0,202,21,15,5,5.2,1
29621_0,16.2,1316.0,19.0,143,31,15,8,5.5,5
29664_0,16.9,1257.0,18.0,60,34,15,2,6.0,1
29812_0,15.0,1277.0,19.0,161,31,19,9,6.0,99
29822_0,14.3,1190.0,17.0,236,31,15,3,5.3,5
29860_0,14.0,1269.0,19.0,486,12,17,6,4.8,3
29862_0,16.2,1150.0,25.0,154,41,19,2,5.7,5
29876_0,15.8,946.0,25.0,174,41,16,3,5.8,1
29885_0,16.3,1388.0,17.0,104,41,18,5,5.1,5
29897_0,14.3,1131.0,19.0,204,22,16,5,6.0,3
29933_0,15.7,907.0,28.0,244,22,13,3,5.3,5
29944_0,15.6,1342.0,22.0,259,21,14,3,5.6,5
29946_0,15.1,1187.0,24.0,297,41,19,3,5.9,3
29961_0,13.7,1212.0,20.0,467,31,17,6,5.2,5
29979_0,16.2,1400.0,17.0,134,41,16,7,5.4,5
30006_0,15.5,1360.0,22.0,325,34,20,7,5.1,99
30025_0,14.2,1150.0,20.0,367,31,19,4,6.0,5
30039_0,14.2,1221.0,21.0,486,21,26,9,5.3,5
30087_0,16.6,1325.0,14.0,76,24,11,3,4.7,5
30114_0,14.6,1147.0,26.0,336,21,15,3,5.7,3
30147_0,14.0,1199.0,19.0,341,21,15,4,5.3,5
30160_0,14.2,1267.0,19.0,334,32,12,6,5.3,2
30166_0,13.9,1173.0,17.0,223,24,16,3,5.7,5
30206_0,15.0,1158.0,26.0,334,22,16,4,5.7,2
30213_0,15.3,1228.0,23.0,277,21,20,5,5.2,5
30333_0,15.2,1289.0,18.0,180,31,14,2,5.6,5
30350_0,14.4,1160.0,24.0,353,34,17,3,6.1,3
30397_0,13.6,1199.0,22.0,486,31,16,4,5.1,99
30481_0,13.8,1151.0,21.0,465,31,18,4,5.8,99
30534_0,15.1,1184.0,19.0,187,31,17,6,5.6,3
30545_0,16.9,1263.0,19.0,58,24,34,6,6.6,5
30571_0,14.3,1193.0,20.0,324,32,16,8,5.2,3
30587_0,14.0,1270.0,19.0,412,21,15,4,5.2,5
30651_0,15.5,1409.0,20.0,221,32,18,5,5.4,3
30665_0,16.3,1363.0,18.0,125,21,15,3,5.5,99
30698_0,14.4,1172.0,18.0,160,41,15,2,6.0,5
30734_0,14.0,1224.0,19.0,391,21,15,4,5.3,1
30761_0,13.3,1241.0,21.0,486,11,14,5,4.9,3
30778_0,15.7,1213.0,21.0,188,34,18,5,5.5,3
30836_0,15.3,1187.0,24.0,300,21,19,3,5.4,5
30854_0,13.6,1116.0,21.0,377,22,15,3,5.5,5
30880_0,16.1,1182.0,24.0,159,21,23,2,6.0,5
30934_0,13.9,1135.0,25.0,320,31,20,6,6.0,3
31055_0,13.4,1139.0,23.0,420,22,18,7,6.0,1
31070_0,15.1,1396.0,18.0,479,12,17,8,5.0,1
31075_0,15.2,1167.0,18.0,209,21,20,5,5.5,99
31101_0,14.2,1192.0,23.0,425,31,15,3,5.6,5
31167_0,15.1,1484.0,18.0,269,41,17,4,5.1,99
31224_0,14.0,1166.0,21.0,446,32,14,4,5.5,5
31248_0,15.1,1233.0,19.0,278,31,17,8,5.4,5
31293_0,15.9,1062.0,23.0,141,34,14,2,5.8,99
31324_0,16.9,1260.0,18.0,64,34,19,2,5.7,99
31371_0,15.4,1269.0,19.0,185,42,14,3,5.5,5
31420_0,14.6,1215.0,21.0,446,21,17,4,5.0,5
31459_0,13.9,1136.0,23.0,402,21,16,3,5.6,5
31479_0,16.8,1262.0,22.0,186,31,14,5,5.7,3
31507_0,14.1,1208.0,20.0,486,22,16,7,5.4,1
31510_0,16.2,1406.0,17.0,128,32,14,6,5.2,1
31546_0,13.9,1214.0,20.0,486,31,16,7,5.2,1
31640_0,15.9,1426.0,17.0,177,24,19,4,5.8,3
31646_0,15.3,1294.0,24.0,324,41,21,10,5.1,2
31665_0,14.5,1199.0,21.0,403,31,16,4,5.3,3
31666_0,16.5,1328.0,15.0,76,24,15,3,5.3,5
31693_0,16.6,1249.0,17.0,75,34,33,4,6.3,3
31769_0,13.8,1238.0,20.0,486,21,17,6,4.9,5
31770_0,17.0,1277.0,18.0,54,24,17,2,6.1,99
31789_0,14.7,1333.0,20.0,486,32,20,6,5.6,5
31799_0,16.1,1153.0,24.0,172,31,24,4,6.6,1
31834_0,15.3,1469.0,19.0,249,21,21,2,5.8,5
31865_0,15.3,1153.0,27.0,329,22,19,4,6.0,5
31889_0,14.2,1145.0,20.0,348,22,16,5,5.7,1
31910_0,15.1,1128.0,27.0,292,32,15,4,5.8,1
31911_0,16.3,1352.0,15.0,127,31,15,5,5.2,5
31944_0,16.5,1296.0,17.0,95,24,19,3,5.7,1
31969_0,14.2,1151.0,20.0,363,41,17,4,5.7,5
31980_0,13.9,1217.0,20.0,486,11,20,8,5.3,5
32039_0,13.9,1146.0,22.0,421,21,15,3,5.5,5
32044_0,13.6,1228.0,20.0,486,41,15,3,5.3,3
32071_0,14.0,1220.0,20.0,486,31,20,7,5.0,1
32073_0,14.8,1286.0,19.0,307,24,18,4,5.6,5
32081_0,16.5,1357.0,17.0,74,34,21,5,5.1,2
32098_0,13.7,1132.0,17.0,223,31,13,2,6.1,1
32134_0,13.4,1208.0,21.0,486,22,13,3,4.9,5
32142_0,14.8,1182.0,19.0,413,21,17,6,5.0,5
32190_0,15.3,1305.0,19.0,152,42,13,4,5.6,2
32194_0,15.4,1424.0,18.0,205,31,17,2,5.8,3
32241_0,13.4,1138.0,17.0,238,41,14,2,5.9,2
32288_0,13.6,1231.0,20.0,486,22,20,8,5.0,5
32332_0,15.2,1167.0,18.0,171,22,17,2,6.2,5
32350_0,15.3,1141.0,27.0,292,31,14,3,5.8,1
32398_0,13.4,1131.0,24.0,394,31,13,3,5.4,5
32404_0,15.8,1216.0,19.0,113,21,15,2,5.6,5
32455_0,16.3,1149.0,25.0,154,24,15,2,5.8,5
32502_0,15.0,1402.0,18.0,379,21,16,8,5.1,5
32528_0,14.1,1154.0,21.0,396,41,17,2,5.7,3
32530_0,16.4,1346.0,15.0,115,21,17,5,5.1,5
32568_0,14.2,1137.0,19.0,246,31,18,4,5.8,3
32575_0,14.2,1161.0,20.0,378,21,21,4,5.7,3
32626_0,16.4,1365.0,16.0,103,31,14,3,5.1,2
32697_0,15.4,953.0,27.0,383,22,22,5,5.3,5
32703_0,14.2,1112.0,19.0,252,21,20,6,5.5,1
32719_0,14.6,1356.0,19.0,486,21,19,7,5.2,3
32723_0,15.3,1232.0,19.0,233,21,17,4,6.0,1
32724_0,13.7,1139.0,23.0,397,31,17,7,6.0,5
32739_0,16.4,1263.0,19.0,74,24,28,3,5.8,5
32778_0,16.3,1195.0,26.0,166,41,15,2,5.8,5
32784_0,14.3,1152.0,17.0,168,31,17,4,5.9,5
32817_0,16.2,1290.0,18.0,180,21,15,5,5.6,2
32831_0,13.7,1179.0,21.0,486,22,16,4,5.3,5
32906_0,14.6,1137.0,26.0,315,21,14,4,6.0,3
32953_0,13.7,1204.0,20.0,486,22,20,8,5.3,5
33014_0,14.2,1149.0,22.0,374,34,15,3,6.0,5
33021_0,14.2,1194.0,23.0,460,21,15,4,5.5,2
33024_0,15.3,1366.0,20.0,322,34,16,2,5.8,3
33032_0,15.9,1384.0,18.0,221,41,19,7,5.6,5
33054_0,15.1,1334.0,21.0,376,41,28,6,5.6,99
33064_0,15.3,1192.0,19.0,182,22,14,4,5.6,5
33083_0,16.2,1291.0,24.0,268,24,16,3,5.5,5
33086_0,13.6,1201.0,21.0,486,41,13,4,5.3,1
33098_0,14.0,1186.0,20.0,486,22,21,8,5.6,5
33126_0,16.6,1328.0,16.0,87,34,17,2,5.5,3
33140_0,15.9,1436.0,18.0,143,41,15,3,5.6,1
33262_0,14.5,1217.0,20.0,486,22,15,7,5.1,3
33347_0,13.9,1214.0,20.0,447,41,18,7,5.1,5
33349_0,13.9,1196.0,20.0,469,42,18,4,5.6,5
33366_0,15.6,1068.0,24.0,256,31,18,7,5.8,1
33368_0,14.0,1270.0,19.0,422,21,14,4,5.2,5
33371_0,14.0,1181.0,19.0,348,22,23,6,6.1,3
33373_0,16.1,1107.0,23.0,139,34,18,2,5.9,3
33385_0,15.8,1311.0,24.0,409,21,20,6,5.2,5
33391_0,14.2,1270.0,19.0,328,21,14,6,5.4,5
33394_0,13.6,1249.0,19.0,486,31,17,4,5.1,5
33399_0,13.7,1214.0,20.0,486,12,17,8,5.1,1
33476_0,14.2,1137.0,26.0,347,34,18,4,5.7,3
33511_0,14.9,1116.0,27.0,294,22,14,4,5.9,5
33546_0,14.3,1263.0,20.0,394,11,17,5,5.2,3
33548_0,14.2,1145.0,20.0,314,41,15,3,5.9,5
33583_0,14.3,1211.0,20.0,430,32,18,6,5.3,99
33604_0,13.7,1108.0,22.0,316,22,21,3,6.3,3
33617_0,14.1,1123.0,20.0,330,22,17,4,5.8,5
33639_0,15.1,1403.0,19.0,201,31,19,3,5.6,5
33692_0,16.5,1265.0,18.0,124,11,19,2,5.6,5
33693_0,15.9,1212.0,25.0,275,31,15,6,5.5,5
33695_0,14.4,1225.0,20.0,425,12,18,6,4.9,1
33713_0,14.2,1160.0,18.0,245,21,21,7,5.3,5
33720_0,13.9,1152.0,21.0,443,21,17,3,5.6,5
33765_0,14.2,1201.0,19.0,314,21,13,3,5.4,5
33874_0,15.6,1127.0,18.0,116,24,15,2,6.5,2
33875_0,14.0,1101.0,20.0,280,21,17,6,5.9,5
33953_0,13.7,1140.0,17.0,252,41,16,2,5.9,1
33982_0,14.0,1153.0,21.0,441,32,15,4,5.4,3
34002_0,15.8,1292.0,19.0,91,31,17,2,5.8,5
34020_0,13.6,1129.0,18.0,267,21,13,2,5.9,5
34055_0,13.9,1142.0,22.0,432,32,16,4,5.9,5
34067_0,16.3,1366.0,18.0,143,22,16,3,5.6,1
34113_0,14.1,1145.0,23.0,371,34,17,2,5.9,3
34146_0,13.5,1138.0,23.0,407,32,12,4,5.6,1
34171_0,14.9,1198.0,21.0,291,31,18,3,6.2,5
34210_0,16.1,1274.0,19.0,76,34,17,2,5.5,1
34215_0,15.0,1405.0,19.0,334,22,21,7,5.7,3
34225_0,15.7,1341.0,19.0,257,31,20,5,5.3,5
34274_0,14.1,1233.0,19.0,404,21,13,6,5.7,3
34279_0,13.7,1158.0,17.0,241,31,16,3,5.6,3
34297_0,13.6,1121.0,22.0,412,24,14,3,5.5,5
34312_0,16.6,1321.0,15.0,63,34,19,4,5.6,99
34316_0,15.8,1440.0,18.0,142,31,14,4,5.6,5
34329_0,14.5,1226.0,23.0,448,21,19,5,5.2,5
34337_0,16.5,1347.0,16.0,70,34,16,2,5.3,5
34386_0,14.1,1253.0,20.0,378,21,19,5,5.5,3
34410_0,15.8,907.0,30.0,263,31,20,5,5.5,5
34424_0,15.4,1199.0,23.0,259,31,20,6,5.1,5
34426_0,13.9,1145.0,22.0,446,21,14,5,5.9,1
34434_0,16.0,1116.0,22.0,134,34,20,2,6.5,5
34435_0,15.3,1387.0,19.0,181,41,23,8,5.8,5
34473_0,15.2,1201.0,18.0,141,11,16,3,5.8,5
34505_0,14.1,1237.0,19.0,419,21,13,6,5.3,5
34545_0,14.3,1120.0,19.0,256,42,16,5,5.6,99
34557_0,15.9,1100.0,21.0,128,21,17,3,5.9,5
34570_0,16.1,1345.0,21.0,151,41,15,4,5.5,5
34665_0,15.4,1181.0,19.0,127,31,19,6,5.9,1
34703_0,13.7,1240.0,21.0,486,32,18,5,5.1,1
34741_0,13.3,1139.0,24.0,410,41,16,4,5.8,5
34746_0,13.5,1226.0,20.0,486,21,17,5,5.1,5
34760_0,16.5,1263.0,19.0,70,34,15,2,5.9,5
34767_0,16.3,1172.0,26.0,178,34,16,3,5.7,1
34788_0,14.2,1204.0,20.0,437,31,17,7,5.2,1
34801_0,14.7,1137.0,26.0,307,21,18,5,5.6,5
34830_0,13.9,1211.0,20.0,486,11,18,5,5.1,3
34834_0,14.6,1156.0,25.0,327,22,14,4,5.7,3
34866_0,14.5,1192.0,20.0,360,41,20,5,5.4,3
34878_0,16.9,1270.0,17.0,72,24,16,2,5.7,5
34882_0,16.3,1389.0,17.0,133,31,18,6,5.7,5
34899_0,14.2,1356.0,21.0,486,41,15,7,5.0,5
34967_0,15.5,1243.0,20.0,122,34,17,2,5.7,5
34975_0,16.4,1300.0,18.0,138,31,21,4,5.7,3
34983_0,16.1,1225.0,19.0,91,34,24,2,6.6,5
34993_0,14.0,1176.0,17.0,262,21,13,4,5.5,1
35001_0,14.1,1280.0,19.0,421,21,17,3,5.5,5
35045_0,14.5,1098.0,19.0,210,22,18,5,5.8,1
35048_0,17.1,1287.0,17.0,54,24,26,2,5.9,1
35056_0,16.3,1254.0,19.0,94,21,15,2,5.9,5
35069_0,15.5,1237.0,20.0,134,34,17,4,5.6,3
35075_0,15.4,1234.0,19.0,200,21,15,5,5.6,5
35083_0,14.9,1262.0,20.0,219,32,20,7,5.4,2
35086_0,14.6,1147.0,26.0,306,42,14,4,5.7,5
35125_0,17.0,1261.0,18.0,59,34,30,6,6.4,5
35128_0,15.1,1190.0,21.0,255,31,16,2,5.8,5
35150_0,15.8,1392.0,20.0,174,41,19,7,5.7,1
35162_0,16.2,1166.0,25.0,209,21,14,3,5.3,5
35226_0,14.2,1143.0,20.0,357,21,18,3,5.8,3
35233_0,14.8,1214.0,22.0,357,21,19,5,5.4,1
35254_0,13.7,1233.0,21.0,486,11,19,8,5.1,5
35278_0,14.1,1151.0,20.0,337,21,17,5,5.5,3
35316_0,15.6,1286.0,19.0,127,21,17,2,6.0,99
35351_0,15.6,1183.0,23.0,230,22,19,3,5.4,5
35370_0,14.6,1360.0,21.0,486,12,20,7,5.1,5
35373_0,14.0,1146.0,25.0,366,24,15,3,5.7,5
35384_0,16.3,1148.0,25.0,145,24,15,2,5.8,5
35392_0,14.8,1212.0,18.0,188,21,14,4,5.6,5
35454_0,16.0,1082.0,23.0,154,34,14,2,5.7,1
35477_0,14.3,1199.0,20.0,486,21,14,6,5.1,2
35505_0,15.3,1297.0,18.0,180,31,15,3,5.8,5
35529_0,13.9,1153.0,21.0,430,34,16,5,5.6,5
35548_0,13.8,1163.0,20.0,486,11,15,4,5.1,5
35620_0,14.1,1157.0,20.0,323,21,16,4,6.0,5
35626_0,15.5,1080.0,20.0,198,31,14,2,5.7,5
35635_0,15.6,962.0,24.0,235,22,14,3,6.3,1
35649_0,14.4,1179.0,20.0,398,41,27,8,5.8,5
35651_0,14.0,1197.0,22.0,486,31,16,4,5.1,5
35653_0,15.2,1203.0,22.0,278,21,18,4,5.3,5
35669_0,17.1,1262.0,18.0,60,34,34,7,5.8,5
35671_0,15.4,1276.0,19.0,151,24,17,2,6.0,3
35688_0,16.2,1322.0,18.0,178,32,15,3,5.4,3
35708_0,15.8,1253.0,25.0,276,21,20,7,5.4,1
35782_0,15.2,1324.0,20.0,306,41,20,5,5.5,1
35785_0,16.4,1349.0,15.0,104,21,17,4,5.2,5
35795_0,13.7,1199.0,21.0,486,31,13,3,5.2,5
35803_0,14.6,1158.0,26.0,346,24,15,3,5.9,2
35810_0,14.9,1163.0,26.0,359,24,15,4,5.6,5
35874_0,13.7,1213.0,21.0,486,41,21,8,5.5,5
35882_0,14.2,1149.0,20.0,370,31,19,4,5.7,5
35906_0,14.8,1280.0,18.0,271,21,14,4,5.7,5
35907_0,14.1,1279.0,18.0,397,21,14,4,5.2,5
35952_0,15.6,1275.0,19.0,219,21,17,8,5.1,3
35953_0,13.6,1208.0,20.0,486,31,17,5,5.1,5
35968_0,14.1,1202.0,20.0,486,31,17,5,5.0,3
35978_0,14.8,1130.0,27.0,313,24,15,3,5.8,1
35981_0,14.1,1199.0,19.0,321,22,14,4,5.9,3
35988_0,15.5,1192.0,19.0,137,34,16,2,5.7,5
36038_0,14.4,1190.0,20.0,432,21,19,4,4.9,5
36052_0,16.3,1388.0,18.0,128,31,16,3,6.3,3
36075_0,15.4,1405.0,18.0,206,31,20,7,5.4,99
36088_0,14.0,1270.0,20.0,399,32,15,3,5.3,3
36161_0,13.9,1145.0,22.0,416,21,14,3,5.7,5
36172_0,15.8,1225.0,19.0,92,34,19,2,6.1,3
36188_0,16.1,1403.0,17.0,138,31,18,3,5.6,3
36238_0,14.3,1143.0,20.0,314,22,15,4,6.0,5
36271_0,16.4,1262.0,18.0,109,31,16,4,5.6,5
36294_0,14.8,1246.0,19.0,399,11,18,7,5.1,3
36388_0,14.2,1179.0,17.0,213,21,17,4,5.9,2
36433_0,13.7,1123.0,21.0,404,21,15,3,5.6,5
36466_0,16.0,1419.0,18.0,141,31,15,6,5.2,1
36483_0,15.9,1300.0,18.0,175,31,14,7,5.1,5
36513_0,14.2,1142.0,19.0,294,21,18,3,6.0,3
36523_0,14.7,1295.0,22.0,486,22,25,8,5.4,3
36524_0,14.3,1097.0,20.0,255,21,16,3,5.8,5
36530_0,15.7,1435.0,18.0,170,31,26,10,5.4,5
36589_0,17.0,1260.0,18.0,61,34,17,2,5.8,1
36615_0,16.1,1275.0,19.0,80,34,18,2,5.7,3
36653_0,15.5,1257.0,24.0,307,31,18,9,5.4,5
36658_0,14.0,1102.0,18.0,223,21,14,3,6.0,1
36662_0,15.2,1371.0,19.0,228,21,21,8,5.5,5
36681_0,15.6,1388.0,21.0,210,42,14,4,5.8,1
36731_0,16.3,1241.0,19.0,87,24,19,2,6.0,5
36772_0,15.3,1092.0,21.0,307,41,21,7,5.2,3
36796_0,13.6,1187.0,21.0,486,22,15,4,5.3,3
36820_0,14.4,1148.0,21.0,268,21,18,3,5.9,5
36821_0,13.6,1121.0,22.0,405,24,15,3,5.7,3
36850_0,14.1,1105.0,20.0,260,22,20,3,6.2,5
36854_0,16.2,1268.0,19.0,89,41,20,2,5.7,5
36858_0,15.3,1231.0,19.0,226,21,19,4,5.5,5
36916_0,14.9,1179.0,25.0,384,31,16,4,5.7,5
36999_0,15.3,1257.0,20.0,327,31,19,5,5.2,2
37039_0,14.0,1138.0,19.0,324,22,16,6,5.7,5
37049_0,15.3,1163.0,27.0,339,11,13,4,5.6,3
37069_0,14.7,1204.0,25.0,466,12,18,4,5.5,5
37114_0,16.9,1290.0,17.0,77,24,11,2,5.1,5
37140_0,15.6,1355.0,22.0,350,11,14,7,5.5,2
37211_0,16.4,1348.0,18.0,131,34,21,4,6.1,1
37214_0,16.3,1376.0,17.0,105,31,20,5,5.5,1
37264_0,13.5,1243.0,21.0,486,21,18,4,4.9,2
37355_0,14.1,1227.0,22.0,441,21,19,6,5.3,3
37356_0,15.1,1315.0,22.0,385,31,23,7,5.4,2
37360_0,15.7,1219.0,20.0,116,34,16,3,5.6,2
37361_0,15.6,1192.0,19.0,155,31,22,8,5.4,5
37363_0,14.2,1226.0,19.0,431,22,15,8,4.9,5
37385_0,16.4,1263.0,18.0,78,34,14,2,5.4,3
37405_0,15.3,1418.0,18.0,245,22,23,7,6.1,5
37408_0,17.0,1274.0,18.0,58,41,21,2,5.8,3
37462_0,15.0,1144.0,26.0,284,41,16,4,6.1,5
37483_0,16.8,1315.0,15.0,80,41,17,5,5.4,99
37493_0,15.7,1112.0,20.0,197,21,16,3,5.5,1
37582_0,14.6,1199.0,18.0,245,21,13,3,5.4,5
37624_0,14.7,1194.0,21.0,349,31,16,5,5.4,5
37640_0,16.7,1266.0,20.0,63,24,21,2,5.9,1
37647_0,13.5,1139.0,17.0,208,31,13,2,5.8,5
37651_0,14.6,1201.0,23.0,438,22,19,4,5.6,1
37668_0,15.5,1252.0,20.0,228,21,18,5,5.3,3
37678_0,14.9,1298.0,20.0,450,31,21,7,5.2,5
37686_0,13.7,1204.0,21.0,486,32,14,4,5.4,5
37750_0,14.1,1165.0,20.0,426,21,13,3,5.5,3
37931_0,13.9,1155.0,21.0,458,22,18,4,5.6,3
37937_0,15.7,1073.0,20.0,139,24,16,2,5.8,99
37984_0,14.1,1167.0,20.0,327,32,17,4,5.5,3
37998_0,15.3,1471.0,19.0,257,21,14,3,5.5,3
38033_0,13.7,1222.0,21.0,486,11,19,4,5.1,3
38035_0,16.0,1149.0,25.0,171,41,17,3,5.9,2
38071_0,16.0,1255.0,18.0,104,34,18,2,5.8,99
38105_0,13.9,1150.0,18.0,265,21,14,4,5.1,1
38121_0,15.8,1137.0,22.0,146,24,15,2,5.7,2
38296_0,13.4,1146.0,16.0,207,21,14,2,5.4,5
38340_0,14.1,1252.0,19.0,486,11,19,6,4.9,99
38346_0,15.9,1324.0,22.0,295,21,14,5,5.6,1
38385_0,17.0,1276.0,18.0,55,24,15,2,5.9,5
38388_0,14.6,1137.0,19.0,295,22,21,6,5.8,1
38394_0,16.3,1361.0,16.0,123,31,16,4,5.2,3
38396_0,14.0,1222.0,20.0,486,21,20,7,5.1,5
38403_0,14.9,1231.0,18.0,147,22,16,4,5.7,5
38412_0,15.0,1297.0,19.0,208,21,18,2,5.7,3
38432_0,15.2,1322.0,23.0,372,32,23,7,5.5,5
38457_0,15.4,1278.0,19.0,152,21,17,2,5.8,5
38480_0,14.5,1215.0,23.0,420,32,17,5,5.3,1
38481_0,14.4,1373.0,21.0,486,21,22,4,5.1,2
38503_0,15.5,1254.0,24.0,330,11,17,5,5.4,1
38506_0,15.4,1371.0,22.0,373,21,14,6,5.5,5
38535_0,14.4,1214.0,19.0,398,22,17,6,5.1,5
38566_0,14.3,1136.0,19.0,252,11,16,3,5.5,5
38569_0,13.8,1152.0,21.0,483,11,15,5,5.3,5
38572_0,14.7,1140.0,26.0,254,41,19,4,6.0,2
38587_0,16.6,1291.0,17.0,92,34,23,3,5.8,3
38604_0,16.0,1413.0,17.0,206,21,12,2,5.4,5
38644_0,13.9,1219.0,20.0,424,32,16,5,5.1,3
38729_0,14.8,1242.0,19.0,139,41,17,6,5.8,3
38768_0,14.6,1277.0,19.0,270,21,18,7,5.1,5
38785_0,13.9,1155.0,22.0,449,24,16,3,5.8,3
38870_0,16.2,1177.0,25.0,207,21,16,5,5.9,3
38912_0,15.0,1160.0,25.0,323,22,15,4,6.0,3
38927_0,14.6,1247.0,19.0,406,21,23,7,5.2,5
38950_0,16.5,1364.0,17.0,73,34,16,5,5.6,3
38966_0,14.1,1211.0,20.0,450,41,18,6,5.0,3
39016_0,15.3,1200.0,23.0,356,11,20,6,5.1,5
39034_0,14.1,1134.0,23.0,390,21,21,4,6.2,5
39047_0,14.1,1233.0,19.0,336,31,13,4,5.5,5
39062_0,13.8,1114.0,21.0,333,31,15,3,6.1,3
39084_0,15.1,1139.0,27.0,304,31,15,3,5.9,3
39093_0,15.1,1176.0,19.0,223,21,17,3,5.8,1
39104_0,15.8,1002.0,22.0,148,21,16,2,6.2,3
39128_0,15.8,1123.0,21.0,145,24,15,2,5.6,3
39149_0,15.9,908.0,26.0,152,34,17,3,5.8,3
39156_0,16.4,1341.0,15.0,112,21,19,7,5.4,1
39170_0,14.2,1100.0,19.0,226,21,19,4,6.3,3
39197_0,14.2,1208.0,20.0,406,32,15,4,5.1,5
39246_0,17.1,1280.0,18.0,53,34,34,2,6.2,5
39287_0,15.7,1166.0,25.0,222,31,16,3,5.8,5
39318_0,14.9,1308.0,21.0,399,31,19,8,5.2,5
39378_0,13.8,1224.0,22.0,486,21,16,3,5.4,5
39381_0,14.7,1165.0,25.0,346,31,19,4,5.7,1
39386_0,15.2,1205.0,19.0,204,12,19,8,5.6,5
39406_0,13.9,1238.0,20.0,486,12,20,8,5.2,3
39411_0,13.8,1143.0,24.0,372,21,15,4,5.8,2
39479_0,15.0,1306.0,19.0,209,31,14,2,5.8,5
39500_0,13.8,1206.0,22.0,486,32,15,3,5.4,3
39508_0,16.2,1391.0,17.0,159,24,20,6,5.3,2
39533_0,15.1,1302.0,23.0,437,21,19,10,5.3,5
39543_0,14.0,1243.0,20.0,450,21,14,3,5.5,1
39549_0,14.1,1166.0,22.0,416,32,18,3,5.6,1
39567_0,16.9,1266.0,19.0,64,34,36,9,6.0,5
39577_0,14.1,1180.0,19.0,319,21,19,6,5.7,1
39619_0,16.6,1249.0,17.0,75,34,24,2,5.6,3
39642_0,17.0,1267.0,18.0,57,34,37,10,6.4,5
39647_0,17.0,1263.0,18.0,61,24,26,2,5.7,1
39746_0,14.0,1268.0,19.0,368,21,15,5,5.6,5
39807_0,16.5,1265.0,19.0,71,24,17,2,5.8,5
39826_0,13.6,1163.0,22.0,486,22,14,4,5.5,1
39855_0,15.4,1170.0,25.0,283,31,16,3,5.6,5
39881_0,13.9,1114.0,19.0,347,22,16,3,5.4,1
39934_0,15.4,1140.0,19.0,160,21,17,2,6.1,3
39957_0,15.9,941.0,25.0,186,31,16,2,5.5,1
39962_0,13.6,1141.0,25.0,396,21,13,4,5.8,5
39986_0,13.5,1239.0,20.0,486,21,22,7,5.3,99
40056_0,14.4,1182.0,18.0,180,42,19,7,5.3,5
40064_0,14.2,1124.0,19.0,241,31,17,2,5.9,5
40090_0,14.4,1216.0,19.0,284,21,21,5,5.7,1
40102_0,13.8,1152.0,16.0,179,21,15,2,5.7,5
40125_0,13.7,1179.0,20.0,486,42,20,5,5.3,5
40136_0,14.4,1119.0,19.0,200,21,15,2,6.0,2
40173_0,15.2,1213.0,20.0,358,22,20,7,5.4,1
40179_0,16.3,1275.0,19.0,79,24,13,3,5.5,1
40191_0,16.1,1308.0,23.0,243,41,16,2,5.4,2
40202_0,13.4,1142.0,23.0,436,21,14,4,5.3,3
40243_0,13.4,1217.0,20.0,486,22,17,8,5.0,5
40297_0,15.3,1274.0,19.0,208,21,16,2,5.5,5
40320_0,16.3,1341.0,18.0,160,31,14,3,5.2,5
40336_0,14.0,1143.0,20.0,391,24,13,3,5.8,5
40384_0,15.3,1173.0,19.0,146,24,21,3,6.5,5
40410_0,14.6,1166.0,24.0,341,34,17,4,5.5,5
40428_0,13.9,1148.0,21.0,437,31,17,5,5.5,3
40435_0,16.2,1215.0,25.0,169,21,18,2,5.8,5
40468_0,14.1,1214.0,18.0,312,11,21,8,5.3,3
40469_0,16.4,1340.0,15.0,90,31,18,5,5.1,5
40559_0,14.7,1353.0,22.0,486,32,19,8,5.0,3
40579_0,15.8,1428.0,18.0,180,31,14,3,5.6,3
40603_0,13.6,1144.0,25.0,387,31,14,4,5.7,2
40607_0,15.2,1340.0,19.0,225,41,16,5,5.4,3
40646_0,16.8,1266.0,17.0,66,34,37,3,6.5,3
40681_0,13.8,1247.0,20.0,486,31,16,3,5.8,5
40695_0,13.8,1224.0,20.0,481,22,17,5,5.2,3
40706_0,16.7,1273.0,20.0,71,24,20,3,5.9,5
40728_0,14.9,1160.0,26.0,329,32,19,4,5.5,2
40731_0,16.1,1341.0,18.0,206,31,18,8,5.4,5
40743_0,13.7,1126.0,25.0,318,42,18,4,6.3,5
40767_0,13.8,1184.0,22.0,486,32,14,6,5.4,3
40863_0,15.4,1291.0,19.0,168,21,16,2,5.4,5
40865_0,14.6,1207.0,18.0,164,42,15,4,5.7,1
40943_0,14.0,1154.0,19.0,364,21,15,5,5.6,5
40998_0,16.1,1410.0,18.0,139,31,18,4,6.0,1
41046_0,13.5,1261.0,20.0,486,21,18,7,5.0,2
41083_0,15.6,1450.0,18.0,181,31,15,7,5.3,5
41095_0,16.8,1254.0,22.0,125,34,19,2,5.9,2
41148_0,15.3,1341.0,20.0,296,34,16,2,5.7,1
41154_0,15.8,926.0,25.0,175,34,16,2,5.5,3
41194_0,13.6,1190.0,21.0,486,21,15,4,5.0,1
41196_0,16.0,1422.0,18.0,152,31,13,5,5.3,1
41197_0,13.3,1145.0,17.0,269,21,12,3,5.4,5
41206_0,15.6,1223.0,24.0,186,41,22,3,6.1,3
41207_0,16.3,1390.0,18.0,107,31,19,3,5.7,3
41217_0,13.7,1158.0,17.0,239,41,17,2,5.9,5
41221_0,14.1,1187.0,20.0,344,31,17,3,6.0,3
41228_0,15.2,1286.0,19.0,203,21,16,4,5.4,5
41276_0,14.1,1159.0,20.0,368,31,15,4,5.5,5
41277_0,14.8,1233.0,19.0,331,32,19,8,5.0,5
41283_0,16.3,1270.0,19.0,74,34,14,2,5.6,5
41332_0,16.3,1261.0,18.0,100,41,13,2,5.6,3
41407_0,16.2,1287.0,20.0,62,24,13,3,5.7,3
41454_0,16.1,1270.0,18.0,148,22,16,4,5.6,3
41459_0,15.6,1273.0,18.0,106,21,17,2,5.8,1
41465_0,15.3,1201.0,22.0,203,41,19,4,5.8,99
41476_0,13.8,1154.0,17.0,225,21,13,2,5.8,3
41522_0,14.9,1308.0,19.0,219,41,14,3,5.4,5
41563_0,14.1,1117.0,22.0,349,21,15,2,6.0,5
41595_0,15.1,1313.0,19.0,216,21,13,5,5.4,3
41681_0,15.0,1147.0,26.0,306,32,15,4,5.6,3
41707_0,14.4,1194.0,23.0,407,31,12,3,5.5,5
41743_0,14.1,1187.0,22.0,486,32,19,8,5.6,2
41797_0,15.6,1104.0,24.0,269,21,22,6,5.4,5
41822_0,16.2,1281.0,19.0,78,24,14,2,5.5,1
41837_0,14.9,1148.0,26.0,351,24,16,4,5.5,3
41872_0,15.6,1209.0,19.0,148,31,16,4,5.8,2
41885_0,15.3,1303.0,19.0,178,41,15,3,5.5,1
41902_0,14.3,1208.0,21.0,445,41,19,8,5.4,3
41922_0,14.3,1173.0,20.0,342,31,17,4,5.4,99
41942_0,13.7,1122.0,22.0,402,21,15,3,5.7,2
42044_0,13.8,1251.0,19.0,486,22,18,9,4.8,99
42065_0,17.0,1261.0,19.0,58,24,33,2,5.8,3
42071_0,14.3,1256.0,19.0,314,41,15,3,5.6,3
42077_0,14.4,1126.0,20.0,357,11,18,3,5.6,5
42088_0,13.9,1106.0,19.0,280,21,16,3,5.8,5
42133_0,16.5,1300.0,16.0,102,21,12,4,4.8,5
42146_0,13.8,1137.0,22.0,413,22,16,5,5.7,3
42150_0,14.4,1280.0,19.0,299,31,15,4,5.4,99
42159_0,14.2,1161.0,20.0,385,31,14,3,6.0,5
42164_0,15.6,1441.0,18.0,258,31,14,8,5.4,3
42174_0,14.9,1349.0,19.0,319,21,16,8,5.1,3
42175_0,15.6,1161.0,18.0,181,34,18,3,6.0,5
42176_0,13.7,1193.0,21.0,486,31,15,5,5.3,5
42189_0,15.8,1036.0,21.0,137,34,18,3,5.8,5
42247_0,15.2,1468.0,19.0,262,31,17,4,5.4,5
42264_0,14.9,1160.0,25.0,303,42,15,4,5.8,1
42375_0,14.0,1159.0,20.0,388,21,15,4,5.6,2
42391_0,13.6,1151.0,25.0,416,21,13,4,5.6,5
42459_0,15.4,1180.0,19.0,138,21,19,6,5.4,5
42475_0,14.3,1278.0,19.0,376,21,15,5,5.1,5
42520_0,14.3,1151.0,25.0,320,42,14,3,5.9,5
42533_0,16.6,1256.0,19.0,64,34,17,3,5.9,2
42548_0,13.8,1151.0,21.0,466,31,18,4,5.8,5
42565_0,14.2,1151.0,25.0,329,32,14,3,5.9,1
42596_0,15.0,1435.0,19.0,270,31,15,3,5.7,5
42620_0,13.9,1166.0,20.0,452,31,16,4,5.5,5
42630_0,13.7,1214.0,20.0,486,31,16,8,5.2,99
42644_0,16.5,1315.0,18.0,103,21,19,2,5.8,5
42684_0,15.0,1157.0,26.0,331,21,16,4,5.7,1
42724_0,15.7,1266.0,19.0,160,31,13,5,5.5,3
42752_0,13.7,1242.0,21.0,486,31,17,7,4.9,99
42839_0,14.2,1152.0,20.0,370,21,19,4,5.8,5
42843_0,15.5,1219.0,23.0,247,21,20,6,5.2,99
42865_0,17.1,1292.0,17.0,53,41,41,4,5.6,1
42895_0,16.1,1402.0,17.0,133,32,14,6,5.3,99
42941_0,13.9,1235.0,20.0,486,31,17,8,5.0,3
42971_0,15.1,1186.0,19.0,234,31,19,6,5.0,5
43005_0,16.3,1257.0,18.0,88,24,16,2,5.6,5
43010_0,15.6,1271.0,24.0,321,31,19,9,5.2,5
43018_0,17.0,1272.0,18.0,63,34,31,2,6.0,1
43040_0,13.8,1124.0,21.0,412,34,16,3,5.5,5
43117_0,15.1,1365.0,20.0,375,31,18,8,5.1,5
43118_0,16.4,1332.0,16.0,114,31,15,4,5.1,5
43156_0,15.2,1315.0,21.0,338,32,16,4,5.2,5
43157_0,15.1,1423.0,19.0,285,21,13,6,5.4,3
43207_0,14.1,1197.0,20.0,411,21,16,4,5.4,5
43318_0,13.9,1275.0,18.0,411,21,17,6,5.1,3
43328_0,15.3,1230.0,21.0,339,41,20,5,5.3,1
43339_0,13.5,1146.0,24.0,407,24,22,5,6.1,3
43345_0,15.2,1138.0,26.0,337,11,18,6,5.8,5
43368_0,14.2,1225.0,20.0,315,42,15,6,5.5,5
43379_0,17.0,1261.0,18.0,61,24,16,2,5.8,5
43417_0,14.0,1124.0,22.0,369,31,17,3,6.2,5
43469_0,14.5,1242.0,19.0,231,41,17,8,5.5,1
43595_0,14.0,1158.0,21.0,486,21,15,3,5.2,3
43611_0,14.3,1135.0,20.0,275,22,13,5,5.4,3
43623_0,15.9,1098.0,21.0,122,24,18,2,6.6,5
43632_0,14.1,1275.0,19.0,371,31,16,7,5.1,5
43640_0,15.0,1145.0,27.0,332,34,17,3,5.7,3
43644_0,17.0,1263.0,18.0,58,34,21,2,6.0,1
43662_0,15.0,1472.0,18.0,366,21,13,7,5.4,3
43714_0,14.5,1214.0,18.0,193,21,16,5,5.8,3
43745_0,15.7,1219.0,20.0,133,21,16,2,5.7,5
43756_0,15.6,1206.0,19.0,128,34,25,2,6.5,99
43866_0,14.1,1150.0,20.0,305,21,12,5,5.5,5
43905_0,16.0,1272.0,24.0,257,31,22,8,5.7,5
43919_0,15.3,1157.0,19.0,259,21,21,8,5.0,3
43937_0,13.6,1224.0,20.0,486,12,22,9,5.4,5
43940_0,14.1,1145.0,23.0,381,21,15,2,5.8,2
43954_0,14.1,1246.0,19.0,486,21,18,7,5.0,3
43960_0,13.6,1136.0,23.0,402,32,16,4,5.4,3
43981_0,14.2,1267.0,19.0,456,32,15,8,4.9,3
43983_0,14.0,1141.0,19.0,392,21,13,4,5.6,3
43991_0,15.8,1294.0,19.0,140,21,14,4,5.5,5
44066_0,15.3,1294.0,19.0,202,11,16,5,5.6,5
44083_0,16.2,1142.0,24.0,140,24,17,2,5.8,3
44089_0,14.3,1176.0,24.0,407,21,16,5,5.6,5
44093_0,17.0,1278.0,17.0,58,24,32,5,5.9,5
44114_0,14.3,1166.0,24.0,380,31,14,3,5.9,3
44128_0,14.1,1213.0,22.0,473,21,13,4,5.4,5
44205_0,15.2,1290.0,19.0,194,31,19,2,5.8,5
44236_0,14.8,1298.0,19.0,221,31,17,6,5.5,5
44256_0,14.4,1149.0,20.0,321,41,18,5,5.5,1
44275_0,15.8,1023.0,22.0,176,34,15,4,6.0,5
44284_0,13.8,1207.0,21.0,486,12,19,7,5.0,3
44316_0,14.1,1134.0,18.0,235,21,21,4,5.8,2
44325_0,14.9,1345.0,22.0,472,41,17,8,5.1,1
44462_0,13.3,1212.0,20.0,486,21,18,5,5.0,5
44470_0,16.3,1371.0,17.0,146,21,18,2,5.6,3
44495_0,15.5,1202.0,19.0,141,31,17,3,5.7,1
44502_0,16.5,1251.0,18.0,75,34,23,2,5.9,3
44569_0,15.0,1354.0,19.0,269,31,17,5,5.4,3
44594_0,15.0,1138.0,27.0,325,21,16,4,6.1,3
44615_0,16.1,1071.0,24.0,155,24,15,2,5.6,99
44626_0,13.7,1247.0,19.0,464,21,14,4,5.0,5
44765_0,13.5,1156.0,21.0,486,22,18,5,5.3,5
44769_0,15.5,1163.0,19.0,132,24,18,2,5.7,5
44785_0,16.3,1385.0,17.0,104,21,16,4,5.1,3
44900_0,15.1,1280.0,19.0,157,31,16,2,5.7,1
44909_0,15.0,1190.0,25.0,365,21,16,4,5.6,5
44931_0,14.4,1157.0,20.0,335,22,18,7,5.8,5
44952_0,17.0,1259.0,18.0,64,24,14,2,6.1,5
45045_0,16.0,1249.0,18.0,99,34,15,2,5.8,2
45056_0,15.0,1217.0,18.0,177,24,14,2,5.6,5
45064_0,14.4,1209.0,20.0,441,22,19,8,5.2,5
45067_0,15.6,1215.0,20.0,171,34,19,3,6.4,5
45070_0,14.0,1128.0,20.0,318,42,15,6,5.5,5
45119_0,15.8,1176.0,24.0,172,34,17,2,6.5,3
45171_0,14.0,1195.0,20.0,440,21,21,7,5.6,2
45192_0,16.7,1258.0,19.0,63,24,19,3,6.1,5
45251_0,13.8,1116.0,22.0,334,21,16,2,5.8,5
45266_0,16.2,1276.0,19.0,61,34,28,5,5.8,5
45273_0,15.4,1204.0,18.0,160,31,18,2,5.8,5
45346_0,13.6,1187.0,21.0,486,11,14,4,5.7,1
45353_0,14.5,1265.0,19.0,364,31,18,6,5.0,5
45429_0,16.3,1179.0,25.0,161,34,18,2,6.1,5
45463_0,14.3,1189.0,24.0,422,24,15,3,5.3,5
45499_0,16.4,1376.0,17.0,93,31,14,2,5.8,5
45512_0,15.0,1164.0,19.0,259,21,16,3,5.6,5
45513_0,14.8,1178.0,24.0,365,21,14,4,5.6,3
45550_0,14.4,1163.0,20.0,305,31,20,5,5.8,5
45556_0,14.9,1180.0,19.0,234,41,17,9,5.2,5
45609_0,16.9,1260.0,18.0,66,24,22,2,5.8,5
45615_0,15.5,1129.0,20.0,220,21,17,7,5.6,1
45655_0,14.8,1303.0,19.0,321,21,15,4,5.2,5
45680_0,15.1,1173.0,19.0,280,21,18,7,5.1,1
45703_0,13.5,1135.0,25.0,384,22,16,6,5.8,5
45712_0,14.5,1185.0,20.0,415,32,18,8,5.4,3
45743_0,15.8,1137.0,21.0,128,34,16,2,6.1,5
45776_0,14.5,1165.0,20.0,379,31,22,5,5.5,3
45822_0,14.5,1202.0,18.0,243,21,15,5,5.6,1
45843_0,14.6,1177.0,24.0,367,24,19,3,5.6,5
45859_0,15.3,1300.0,19.0,194,31,14,4,5.7,5
45870_0,16.2,1274.0,19.0,75,41,15,3,5.9,1
45880_0,14.4,1308.0,19.0,486,11,20,7,5.3,5
45888_0,13.8,1112.0,22.0,339,31,19,3,6.1,2
45911_0,13.7,1264.0,20.0,486,21,13,3,5.5,5
45938_0,14.9,1203.0,19.0,238,32,18,6,5.3,5
45981_0,14.4,1147.0,18.0,155,32,14,5,5.7,1
45996_0,13.8,1176.0,20.0,486,41,14,3,5.5,5
46017_0,14.8,1265.0,18.0,219,32,14,5,5.2,3
46085_0,14.0,1195.0,21.0,486,21,15,2,5.4,99
46092_0,14.2,1177.0,20.0,384,32,24,8,5.8,5
46151_0,13.9,1219.0,22.0,486,21,14,3,5.4,5
46205_0,15.6,1218.0,20.0,229,21,15,5,5.3,3
46215_0,15.7,907.0,30.0,264,31,19,5,5.4,3
46235_0,16.6,1278.0,17.0,85,24,13,4,5.1,3
46268_0,14.1,1124.0,22.0,364,31,17,4,6.2,2
46277_0,14.1,1162.0,24.0,397,21,14,5,5.5,5
46287_0,13.9,1230.0,20.0,486,21,15,4,5.3,5
46295_0,16.5,1271.0,18.0,82,34,15,2,5.9,5
46321_0,13.9,1261.0,19.0,486,12,18,8,5.2,1
46334_0,16.0,1220.0,19.0,91,24,19,2,6.7,2
46373_0,16.0,1421.0,18.0,156,32,16,7,5.1,5
46542_0,14.9,1158.0,26.0,344,21,16,4,5.8,5
46547_0,14.4,1189.0,20.0,368,32,20,7,5.6,5
46585_0,13.5,1245.0,20.0,477,31,16,7,5.1,5
46589_0,14.6,1397.0,18.0,462,21,15,7,5.1,5
46625_0,14.2,1170.0,20.0,476,32,20,4,5.5,5
46638_0,14.7,1189.0,24.0,367,21,17,4,6.0,3
46642_0,14.4,1187.0,20.0,423,23,21,8,5.6,3
46645_0,14.6,1197.0,18.0,197,31,16,3,5.9,3
46647_0,14.9,1477.0,19.0,394,22,17,7,5.2,5
46653_0,14.9,1154.0,26.0,344,24,14,3,5.8,5
46658_0,16.3,1397.0,17.0,134,31,17,2,5.6,5
46684_0,16.9,1270.0,19.0,64,24,19,4,5.8,1
46739_0,13.4,1226.0,20.0,486,32,16,8,5.2,3
46758_0,16.2,1175.0,26.0,224,21,15,3,5.9,5
46780_0,15.3,1264.0,20.0,206,32,18,7,5.4,3
46797_0,13.5,1146.0,17.0,216,21,16,2,6.0,5
46799_0,14.8,1220.0,19.0,280,21,19,6,5.1,5
46852_0,16.1,1235.0,25.0,217,41,20,7,5.8,3
46868_0,16.7,1265.0,19.0,64,24,14,3,5.7,5
46871_0,14.0,1262.0,19.0,471,31,14,4,5.2,99
46876_0,14.6,1247.0,20.0,306,22,16,7,5.4,5
46944_0,15.7,1044.0,24.0,249,31,17,7,5.5,5
46957_0,14.0,1126.0,19.0,281,22,18,3,5.5,3
46972_0,14.8,1302.0,19.0,301,21,14,3,5.9,5
47025_0,14.7,1167.0,25.0,341,31,16,4,5.8,3
47061_0,15.2,1386.0,18.0,368,21,16,6,5.0,5
47108_0,13.9,1121.0,21.0,374,21,16,3,5.7,3
47111_0,15.2,1278.0,19.0,175,41,18,2,5.7,3
47196_0,16.3,1353.0,15.0,123,24,16,6,5.1,5
47228_0,16.5,1251.0,18.0,73,24,14,2,5.8,5
47237_0,16.0,1196.0,25.0,154,31,16,2,5.9,5
47241_0,14.2,1170.0,19.0,244,41,15,5,5.7,5
47243_0,14.2,1185.0,20.0,316,21,16,4,5.7,2
47260_0,14.0,1291.0,19.0,486,12,17,8,4.9,2
47294_0,14.5,1153.0,20.0,337,11,21,8,5.7,5
47349_0,15.1,1336.0,23.0,484,41,19,7,5.2,99
47359_0,14.0,1246.0,20.0,423,22,18,8,5.4,1
47404_0,14.1,1136.0,22.0,367,42,13,3,5.8,99
47412_0,13.3,1137.0,25.0,394,31,11,5,5.5,5
47456_0,16.5,1302.0,17.0,105,34,12,2,5.5,99
47464_0,15.9,1242.0,25.0,255,21,16,5,5.8,1
47484_0,16.1,1255.0,18.0,99,31,16,2,5.5,2
47539_0,14.0,1134.0,19.0,367,12,13,5,5.2,5
47562_0,15.1,1191.0,18.0,212,31,16,6,5.2,5
47622_0,13.9,1145.0,21.0,457,21,15,4,5.8,3
47625_0,13.8,1234.0,20.0,486,31,17,8,5.1,3
47641_0,13.8,1131.0,18.0,235,31,14,2,5.6,5
47670_0,14.9,1155.0,26.0,322,22,17,5,5.9,3
47688_0,14.4,1134.0,26.0,345,34,14,3,5.5,1
47734_0,15.8,1284.0,19.0,229,21,18,6,5.6,1
47737_0,14.2,1166.0,20.0,380,21,21,5,5.8,5
47745_0,16.0,1288.0,19.0,74,34,14,2,5.8,5
47858_0,15.8,1062.0,25.0,175,34,18,3,6.2,1
47866_0,13.8,1120.0,18.0,235,31,14,2,5.6,5
47892_0,14.4,1265.0,19.0,406,21,17,7,5.0,2
47921_0,14.3,1097.0,20.0,237,21,17,3,5.7,5
47935_0,16.3,1366.0,18.0,123,32,15,2,5.9,3
47943_0,13.7,1209.0,22.0,486,31,16,3,5.3,3
48018_0,14.2,1209.0,20.0,458,32,20,4,5.3,3
48033_0,15.8,1245.0,24.0,229,31,19,7,5.4,5
48176_0,14.1,1211.0,20.0,486,21,17,10,5.1,1
48178_0,16.6,1279.0,23.0,251,24,15,6,5.2,3
48212_0,15.9,1146.0,23.0,186,21,21,4,6.3,1
48213_0,14.2,1232.0,20.0,468,21,21,6,5.0,5
48216_0,15.7,1111.0,19.0,112,34,19,3,5.8,1
48222_0,14.9,1206.0,23.0,370,32,17,6,5.2,5
48235_0,13.7,1260.0,19.0,465,21,16,3,5.2,5
48240_0,14.8,1122.0,27.0,309,21,16,4,5.7,99
48243_0,16.6,1261.0,17.0,74,24,26,7,5.5,3
48263_0,14.2,1202.0,20.0,383,42,16,6,5.4,5
48291_0,13.8,1138.0,23.0,371,22,23,8,6.4,1
48301_0,15.5,1278.0,19.0,172,31,18,7,5.2,3
48357_0,16.3,1264.0,18.0,99,21,16,2,5.7,5
48374_0,15.3,1150.0,27.0,306,31,18,6,6.0,5
48384_0,15.0,1286.0,18.0,233,21,14,2,5.7,5
48425_0,13.9,1112.0,23.0,400,11,24,6,6.2,5
48490_0,15.0,1201.0,19.0,229,21,16,4,5.5,3
48493_0,14.3,1178.0,17.0,192,31,17,2,6.0,1
48529_0,15.9,1286.0,19.0,141,22,15,5,5.4,99
48630_0,14.4,1125.0,19.0,206,31,20,5,6.0,2
48638_0,14.9,1153.0,25.0,302,31,17,4,6.0,5
48668_0,14.0,1193.0,20.0,476,21,20,7,5.3,2
48692_0,14.5,1147.0,26.0,335,21,12,4,5.8,3
48717_0,15.5,1242.0,19.0,154,31,21,6,5.4,1
48791_0,14.1,1260.0,21.0,486,12,24,8,5.3,2
48801_0,13.5,1143.0,23.0,440,21,14,3,6.0,5
48823_0,15.0,1142.0,27.0,336,41,17,4,5.9,5
48908_0,16.2,1399.0,18.0,145,21,17,6,5.6,5
48942_0,17.0,1288.0,17.0,54,34,36,4,5.8,99
48971_0,14.9,1201.0,18.0,151,21,17,2,6.1,1
48998_0,14.4,1126.0,20.0,266,31,17,3,5.7,5
49002_0,13.9,1100.0,19.0,274,21,15,2,5.7,5
49010_0,15.8,1221.0,20.0,100,34,23,3,6.0,1
49011_0,16.1,1283.0,19.0,83,24,15,2,5.7,5
49014_0,15.7,1067.0,20.0,132,24,17,2,5.7,2
49030_0,14.1,1214.0,20.0,464,21,18,7,5.1,3
49043_0,14.4,1154.0,25.0,338,34,23,3,5.8,5
49046_0,15.8,1185.0,21.0,208,34,17,2,5.5,3
49115_0,15.7,1200.0,19.0,110,34,23,3,6.4,3
49155_0,15.0,1276.0,20.0,198,41,15,6,5.6,5
49230_0,15.4,1270.0,19.0,182,21,17,3,5.5,5
49252_0,14.2,1179.0,19.0,323,22,14,5,5.7,3
49262_0,13.8,1205.0,21.0,486,21,14,4,5.5,1
49293_0,15.8,1268.0,19.0,97,34,17,2,5.7,2
49335_0,15.5,1235.0,24.0,245,21,17,7,5.2,5
49385_0,15.1,1284.0,18.0,196,21,15,5,6.0,99
49416_0,14.2,1137.0,20.0,311,31,15,3,5.8,1
49417_0,15.2,1407.0,20.0,344,31,16,5,5.4,5
49441_0,15.8,1442.0,18.0,211,21,14,5,5.2,1
49466_0,14.6,1253.0,19.0,429,31,21,10,5.3,3
49469_0,15.2,1156.0,18.0,184,34,22,3,6.4,99
49501_0,13.5,1212.0,21.0,486,41,13,4,5.1,99
49520_0,15.8,1250.0,19.0,103,24,16,3,5.2,3
49552_0,13.7,1122.0,18.0,220,42,14,2,6.0,5
49577_0,13.8,1221.0,21.0,486,21,16,8,4.9,1
49581_0,16.3,1392.0,17.0,121,21,15,6,5.3,99
49589_0,14.1,1219.0,22.0,468,21,17,5,5.1,5
49608_0,15.1,1205.0,23.0,357,11,20,3,5.2,5
49640_0,14.3,1192.0,20.0,293,41,16,3,5.3,5
49644_0,14.0,1125.0,22.0,388,21,18,3,5.9,5
49647_0,15.6,1330.0,23.0,413,21,15,8,5.2,3
49662_0,13.8,1151.0,22.0,455,21,15,4,5.8,5
49672_0,13.8,1168.0,20.0,486,32,16,5,5.6,5
49677_0,15.3,1458.0,20.0,292,21,19,4,5.2,2
49681_0,16.2,1368.0,17.0,133,31,17,3,5.8,3
49734_0,14.1,1235.0,20.0,434,21,16,6,5.1,2
49746_0,14.5,1165.0,25.0,349,31,15,3,5.8,5
49750_0,16.2,1257.0,25.0,198,41,17,2,6.5,1
49795_0,15.9,1367.0,18.0,371,11,16,8,5.4,5
49821_0,13.5,1144.0,24.0,388,24,22,3,6.4,2
49824_0,15.9,1166.0,24.0,219,21,23,5,5.9,3
49854_0,15.9,1426.0,18.0,156,21,14,6,5.1,3
49865_0,14.2,1210.0,20.0,442,21,18,5,5.1,5
49895_0,14.3,1145.0,20.0,352,34,17,3,6.1,3
49936_0,14.3,1136.0,20.0,309,21,15,5,5.4,3
49940_0,15.1,1279.0,19.0,235,32,22,5,5.6,5
49945_0,14.0,1227.0,19.0,463,42,15,7,5.1,2
49951_0,16.0,1412.0,18.0,143,34,15,2,5.8,5
49958_0,14.4,1156.0,20.0,325,22,15,4,5.8,3
49963_0,15.0,1278.0,19.0,179,21,16,7,5.7,99
49972_0,16.3,1381.0,17.0,84,34,14,4,5.7,5
49995_0,13.8,1116.0,18.0,223,41,15,2,5.6,5
